config,trial,sender_id,policy,step,rtt_ms,throughput_mbps,loss_pct,reward
cubic_only,0,0,cubic,0,165.67100524902344,2.4700000286102295,0.0,0.8132899761199952
cubic_only,0,0,cubic,1,193.74200439453125,2.440000057220459,0.0,0.5025800132751466
cubic_only,0,0,cubic,2,221.76800537109375,2.4700000286102295,0.0,0.2523199748992919
cubic_only,0,0,cubic,3,245.32899475097656,2.5,0.0,0.04671005249023441
cubic_only,0,0,cubic,4,269.5889892578125,2.490000009536743,0.0,-0.20588988304138178
cubic_only,0,0,cubic,5,299.1180114746094,2.509999990463257,0.0,-0.4811801242828371
cubic_only,0,0,cubic,6,318.510009765625,2.4200000762939453,0.0,-0.7651000213623047
cubic_only,0,0,cubic,7,351.2340087890625,2.4600000381469727,0.0,-1.0523400497436524
cubic_only,0,0,cubic,8,367.62799072265625,2.4100000858306885,0.0,-1.266279821395874
cubic_only,0,0,cubic,9,402.6449890136719,2.4800000190734863,0.0,-1.5464498710632322
cubic_only,0,0,cubic,10,421.43798828125,2.4700000286102295,0.0,-1.7443798542022702
cubic_only,0,0,cubic,11,466.33099365234375,2.380000114440918,0.0,-2.2833098220825194
cubic_only,0,0,cubic,12,534.905029296875,2.3399999141693115,0.0,-3.0090503787994383
cubic_only,0,0,cubic,13,623.8170166015625,2.5299999713897705,0.0,-3.708170194625854
cubic_only,0,0,cubic,14,746.4030151367188,2.569999933242798,0.0,-4.8940302181243895
cubic_only,0,0,cubic,15,797.3389892578125,2.380000114440918,0.0,-5.593389778137207
cubic_only,0,0,cubic,16,984.8189697265625,2.490000009536743,0.0,-7.358189687728881
cubic_only,0,0,cubic,17,1060.7900390625,2.259999990463257,0.0,-8.347900400161743
cubic_only,0,0,cubic,18,1200.300048828125,2.6600000858306885,0.0,-9.343000402450562
cubic_only,0,0,cubic,19,1213.3800048828125,2.5899999141693115,0.0,-9.543800134658813
cubic_only,0,0,cubic,20,1358.68994140625,2.369999885559082,0.0,-11.216899528503419
cubic_only,0,0,cubic,21,1572.510009765625,2.819999933242798,0.0,-12.905100164413453
cubic_only,0,0,cubic,22,1581.4000244140625,2.7100000381469727,0.0,-13.104000205993652
cubic_only,0,0,cubic,23,1827.77001953125,2.450000047683716,0.0,-15.827700147628786
cubic_only,0,0,cubic,24,1921.5,2.9200000762939453,0.0,-16.294999923706055
cubic_only,0,0,cubic,25,2015.2099609375,3.1600000858306885,0.0,-16.99209952354431
cubic_only,0,0,cubic,26,2040.3199462890625,3.0199999809265137,0.0,-17.383199481964112
cubic_only,0,0,cubic,27,2247.3798828125,2.7799999713897705,0.22156573116691286,-20.13693031906905
cubic_only,0,0,cubic,28,2379.02001953125,2.7100000381469727,1.5911282545805208,-24.26245666632657
cubic_only,0,0,cubic,29,2381.699951171875,2.7100000381469727,5.8721183123097,-32.85123609819118
cubic_only,0,0,cubic,30,2382.260009765625,2.7100000381469727,5.888744024337245,-32.89008810818377
cubic_only,0,0,cubic,31,2382.260009765625,2.7100000381469727,5.888744024337245,-32.89008810818377
cubic_only,0,0,cubic,32,2208.7900390625,2.4600000381469727,6.066411238825032,-31.76072283012809
cubic_only,0,0,cubic,33,2106.14990234375,2.130000114440918,7.866958773152758,-34.66541645530209
cubic_only,0,0,cubic,34,2079.050048828125,2.130000114440918,7.866958773152758,-34.39441792014585
cubic_only,0,0,cubic,35,1973.25,2.2899999618530273,7.866958773152758,-33.176417584452494
cubic_only,0,0,cubic,36,1844.9599609375,2.2799999713897705,7.790525536639526,-31.75065071126428
cubic_only,0,0,cubic,37,1837.8399658203125,2.259999990463257,7.840971838763115,-31.8003433452661
cubic_only,0,0,cubic,38,1837.8399658203125,2.259999990463257,7.840971838763115,-31.8003433452661
cubic_only,0,0,cubic,39,1847.3399658203125,2.5199999809265137,7.601713062098501,-31.156825801473612
cubic_only,0,1,cubic,0,169.23500061035156,2.440000057220459,0.0,0.7476500511169433
cubic_only,0,1,cubic,1,195.7949981689453,2.4200000762939453,0.0,0.4620500946044921
cubic_only,0,1,cubic,2,215.82899475097656,2.390000104904175,0.0,0.23171015739440914
cubic_only,0,1,cubic,3,246.85499572753906,2.4600000381469727,0.0,-0.008549919128418182
cubic_only,0,1,cubic,4,271.7919921875,2.4200000762939453,0.0,-0.2979198455810548
cubic_only,0,1,cubic,5,294.4259948730469,2.3499999046325684,0.0,-0.5942600440979002
cubic_only,0,1,cubic,6,322.1709899902344,2.390000104904175,0.0,-0.8317097949981691
cubic_only,0,1,cubic,7,354.8869934082031,2.440000057220459,0.0,-1.1088698768615721
cubic_only,0,1,cubic,8,371.35198974609375,2.390000104904175,0.0,-1.3235197925567626
cubic_only,0,1,cubic,9,402.1319885253906,2.4100000858306885,0.0,-1.6113197994232173
cubic_only,0,1,cubic,10,429.5950012207031,2.4700000286102295,0.0,-1.8259499835968018
cubic_only,0,1,cubic,11,475.9909973144531,2.5,0.0,-2.2599099731445316
cubic_only,0,1,cubic,12,548.3779907226562,2.5299999713897705,0.0,-2.953779935836792
cubic_only,0,1,cubic,13,652.1229858398438,2.5299999713897705,0.0,-3.991229887008667
cubic_only,0,1,cubic,14,677.7769775390625,2.3499999046325684,0.0,-4.427769870758056
cubic_only,0,1,cubic,15,790.1719970703125,2.569999933242798,0.0,-5.331720037460327
cubic_only,0,1,cubic,16,1005.4299926757812,2.259999990463257,0.0,-7.794299936294555
cubic_only,0,1,cubic,17,1045.199951171875,2.4800000190734863,0.0,-7.9719994926452635
cubic_only,0,1,cubic,18,1128.9599609375,2.259999990463257,0.0,-9.029599618911742
cubic_only,0,1,cubic,19,1303.1700439453125,2.6600000858306885,0.0,-10.371700353622437
cubic_only,0,1,cubic,20,1337.8399658203125,2.4000000953674316,0.0,-10.978399562835694
cubic_only,0,1,cubic,21,1565.31005859375,2.309999942779541,0.0,-13.343100643157959
cubic_only,0,1,cubic,22,1701.6600341796875,2.8399999141693115,0.0,-14.176600427627562
cubic_only,0,1,cubic,23,1701.6600341796875,2.8399999141693115,0.0,-14.176600427627562
cubic_only,0,1,cubic,24,1804.9300537109375,2.740000009536743,0.0,-15.309300527572631
cubic_only,0,1,cubic,25,2086.699951171875,2.700000047683716,0.0,-18.166999464035033
cubic_only,0,1,cubic,26,2240.47998046875,3.140000104904175,0.0,-19.264799699783325
cubic_only,0,1,cubic,27,2240.47998046875,3.140000104904175,0.0,-19.264799699783325
cubic_only,0,1,cubic,28,40.05699920654297,3.059999942779541,0.0,2.6594299507141113
cubic_only,0,1,cubic,29,2375.239990234375,3.049999952316284,0.18357044515832951,-21.069540840344125
cubic_only,0,1,cubic,30,2383.010009765625,3.049999952316284,4.7779414860029465,-30.335983117345858
cubic_only,0,1,cubic,31,2385.3701171875,3.049999952316284,5.732872535068103,-32.26944628969492
cubic_only,0,1,cubic,32,2246.39990234375,3.069999933242798,6.209807073954984,-31.81361323810467
cubic_only,0,1,cubic,33,2048.449951171875,2.809999942779541,6.352941176470588,-30.380381921880385
cubic_only,0,1,cubic,34,1928.77001953125,2.390000104904175,8.17633071154198,-33.25036151349228
cubic_only,0,1,cubic,35,1928.77001953125,2.390000104904175,8.17633071154198,-33.25036151349228
cubic_only,0,1,cubic,36,1879.52001953125,2.5399999618530273,8.149221296631655,-32.55364282672278
cubic_only,0,1,cubic,37,1852.239990234375,3.1600000858306885,7.897852190089633,-31.158104196692328
cubic_only,0,1,cubic,38,1847.0999755859375,3.1500000953674316,7.885065152021383,-31.09112996453471
cubic_only,0,1,cubic,39,1815.1099853515625,3.240000009536743,7.83402489626556,-30.579149636510003
cubic_only,0,2,cubic,0,171.55999755859375,2.369999885559082,0.0,0.6543999099731446
cubic_only,0,2,cubic,1,195.69700622558594,2.380000114440918,0.0,0.4230300521850585
cubic_only,0,2,cubic,2,218.22500610351562,2.430000066757202,0.0,0.24775000572204586
cubic_only,0,2,cubic,3,241.03500366210938,2.359999895095825,0.0,-0.05035014152526873
cubic_only,0,2,cubic,4,264.468994140625,2.3499999046325684,0.0,-0.29469003677368155
cubic_only,0,2,cubic,5,292.37298583984375,2.3499999046325684,0.0,-0.5737299537658691
cubic_only,0,2,cubic,6,324.6929931640625,2.4200000762939453,0.0,-0.8269298553466795
cubic_only,0,2,cubic,7,347.97900390625,2.3399999141693115,0.0,-1.1397901248931883
cubic_only,0,2,cubic,8,373.94000244140625,2.4100000858306885,0.0,-1.3293999385833741
cubic_only,0,2,cubic,9,394.3370056152344,2.359999895095825,0.0,-1.5833701610565187
cubic_only,0,2,cubic,10,434.1730041503906,2.390000104904175,0.0,-1.9517299365997314
cubic_only,0,2,cubic,11,490.0820007324219,2.5,0.0,-2.400820007324219
cubic_only,0,2,cubic,12,564.5269775390625,2.490000009536743,0.0,-3.155269765853882
cubic_only,0,2,cubic,13,608.97802734375,2.25,0.0,-3.8397802734375004
cubic_only,0,2,cubic,14,681.198974609375,2.549999952316284,0.0,-4.261989793777466
cubic_only,0,2,cubic,15,834.0280151367188,2.569999933242798,0.0,-5.770280218124389
cubic_only,0,2,cubic,16,907.8920288085938,2.2200000286102295,0.0,-6.858920259475708
cubic_only,0,2,cubic,17,1108.43994140625,2.4800000190734863,0.0,-8.604399394989013
cubic_only,0,2,cubic,18,1130.8499755859375,2.309999942779541,0.0,-8.998499813079833
cubic_only,0,2,cubic,19,1348.8699951171875,2.4100000858306885,0.0,-11.078699865341186
cubic_only,0,2,cubic,20,1404.8399658203125,2.640000104904175,0.0,-11.40839955329895
cubic_only,0,2,cubic,21,1532.280029296875,2.4200000762939453,0.0,-12.902800216674805
cubic_only,0,2,cubic,22,1728.3299560546875,2.359999895095825,0.0,-14.92329966545105
cubic_only,0,2,cubic,23,1864.699951171875,2.819999933242798,0.0,-15.826999578475952
cubic_only,0,2,cubic,24,1864.699951171875,2.819999933242798,0.0,-15.826999578475952
cubic_only,0,2,cubic,25,1995.47998046875,2.690000057220459,0.0,-17.26479974746704
cubic_only,0,2,cubic,26,2228.2900390625,2.450000047683716,0.0,-19.832900342941283
cubic_only,0,2,cubic,27,2310.320068359375,2.5999999046325684,3.5910224438902745,-27.685245666741732
cubic_only,0,2,cubic,28,2313.35009765625,2.619999885559082,3.7064492216456633,-27.926399534294745
cubic_only,0,2,cubic,29,2374.2900390625,2.5399999618530273,4.029304029304029,-29.26150848738003
cubic_only,0,2,cubic,30,2374.2900390625,2.5399999618530273,4.029304029304029,-29.26150848738003
cubic_only,0,2,cubic,31,2270.22998046875,2.0899999141693115,5.749167591564928,-32.11063507364804
cubic_only,0,2,cubic,32,2236.909912109375,2.049999952316284,5.988155297214301,-32.29540976320607
cubic_only,0,2,cubic,33,2141.4599609375,2.0,6.206445993031359,-31.827491595437717
cubic_only,0,2,cubic,34,1936.6600341796875,1.9800000190734863,7.1581196581196584,-31.702839638962708
cubic_only,0,2,cubic,35,1944.0799560546875,2.180000066757202,7.301905717151454,-31.86461092809258
cubic_only,0,2,cubic,36,1944.0799560546875,2.180000066757202,7.301905717151454,-31.86461092809258
cubic_only,0,2,cubic,37,1858.8399658203125,2.299999952316284,7.29665071770335,-30.88170114129354
cubic_only,0,2,cubic,38,1813.4100341796875,2.440000057220459,7.102803738317757,-29.89970776121193
cubic_only,0,2,cubic,39,1811.300048828125,2.440000057220459,7.092198581560283,-29.857397594181357
cubic_only,0,3,cubic,0,157.44500732421875,2.4100000858306885,0.0,0.8355500125885009
cubic_only,0,3,cubic,1,197.49400329589844,1.9600000381469727,0.0,-0.014939994812011692
cubic_only,0,3,cubic,2,221.7519989013672,2.390000104904175,0.0,0.17248011589050272
cubic_only,0,3,cubic,3,241.61000061035156,2.390000104904175,0.0,-0.026099901199340803
cubic_only,0,3,cubic,4,266.7640075683594,2.3399999141693115,0.0,-0.3276401615142821
cubic_only,0,3,cubic,5,294.8970031738281,2.390000104904175,0.0,-0.5589699268341066
cubic_only,0,3,cubic,6,328.1210021972656,2.390000104904175,0.0,-0.8912099170684815
cubic_only,0,3,cubic,7,348.5539855957031,2.3499999046325684,0.0,-1.1355399513244628
cubic_only,0,3,cubic,8,377.4309997558594,2.390000104904175,0.0,-1.3843098926544188
cubic_only,0,3,cubic,9,398.02801513671875,2.380000114440918,0.0,-1.6002800369262697
cubic_only,0,3,cubic,10,418.9490051269531,2.380000114440918,0.0,-1.809489936828613
cubic_only,0,3,cubic,11,456.52398681640625,2.3399999141693115,0.0,-2.225239953994751
cubic_only,0,3,cubic,12,516.5869750976562,2.3299999237060547,0.0,-2.835869827270508
cubic_only,0,3,cubic,13,613.6119995117188,2.3299999237060547,0.0,-3.806120071411133
cubic_only,0,3,cubic,14,715.5330200195312,2.5199999809265137,0.0,-4.635330219268798
cubic_only,0,3,cubic,15,851.594970703125,2.3499999046325684,0.0,-6.165949802398682
cubic_only,0,3,cubic,16,883.3510131835938,2.5299999713897705,0.0,-6.303510160446168
cubic_only,0,3,cubic,17,1122.97998046875,2.180000066757202,0.0,-9.049799737930298
cubic_only,0,3,cubic,18,1177.8299560546875,2.450000047683716,0.08396305625524769,-9.496225625373654
cubic_only,0,3,cubic,19,1258.6600341796875,2.2899999618530273,0.08350730688935282,-10.463614993722553
cubic_only,0,3,cubic,20,1457.97998046875,2.309999942779541,0.07736943907156674,-12.424538740051092
cubic_only,0,3,cubic,21,1456.6600341796875,2.25,0.07686395080707148,-12.470328243411018
cubic_only,0,3,cubic,22,1620.699951171875,1.8899999856948853,0.07636502481863307,-14.46972957566113
cubic_only,0,3,cubic,23,1844.3800048828125,1.5700000524520874,0.07418397626112759,-17.022167948898293
cubic_only,0,3,cubic,24,1813.6500244140625,1.399999976158142,0.06990562740300595,-16.876311522788495
cubic_only,0,3,cubic,25,1813.6500244140625,1.399999976158142,0.06990562740300595,-16.876311522788495
cubic_only,0,3,cubic,26,2111.360107421875,1.1699999570846558,0.06942034015966678,-20.082441797453427
cubic_only,0,3,cubic,27,2111.360107421875,1.1699999570846558,0.06942034015966678,-20.082441797453427
cubic_only,0,3,cubic,28,2369.320068359375,1.25,0.1271051795360661,-22.697411042665884
cubic_only,0,3,cubic,29,2369.320068359375,1.25,0.1271051795360661,-22.697411042665884
cubic_only,0,3,cubic,30,2369.320068359375,1.25,0.1271051795360661,-22.697411042665884
cubic_only,0,3,cubic,31,2378.5400390625,1.25,0.22158911047799937,-22.978578611581
cubic_only,0,3,cubic,32,2240.659912109375,1.2699999809265137,0.8955223880597015,-22.927643916286637
cubic_only,0,3,cubic,33,2240.659912109375,1.2699999809265137,0.8955223880597015,-22.927643916286637
cubic_only,0,3,cubic,34,2038.4300537109375,1.2300000190734863,0.9518143961927424,-21.057929310421375
cubic_only,0,3,cubic,35,1875.699951171875,1.0,1.0005717552887363,-19.758143022296224
cubic_only,0,3,cubic,36,1871.719970703125,1.0,1.0998307952622672,-19.916861297555783
cubic_only,0,3,cubic,37,1859.300048828125,1.159999966621399,1.125809175344779,-19.684618872349407
cubic_only,0,3,cubic,38,1859.300048828125,1.159999966621399,1.125809175344779,-19.684618872349407
cubic_only,0,3,cubic,39,1812.219970703125,1.2000000476837158,1.1117136659436009,-19.145626991234735
cubic_only,1,0,cubic,0,165.63699340820312,2.4700000286102295,0.0,0.8136300945281982
cubic_only,1,0,cubic,1,193.8419952392578,2.440000057220459,0.0,0.501580104827881
cubic_only,1,0,cubic,2,223.23399353027344,2.4700000286102295,0.0,0.23766009330749505
cubic_only,1,0,cubic,3,245.37399291992188,2.5,0.0,0.04626007080078143
cubic_only,1,0,cubic,4,269.5929870605469,2.490000009536743,0.0,-0.20592986106872546
cubic_only,1,0,cubic,5,299.1099853515625,2.509999990463257,0.0,-0.4810998630523682
cubic_only,1,0,cubic,6,325.0429992675781,2.4200000762939453,0.0,-0.8304299163818358
cubic_only,1,0,cubic,7,351.0400085449219,2.4600000381469727,0.0,-1.050400047302246
cubic_only,1,0,cubic,8,369.78900146484375,2.5,0.0,-1.1978900146484377
cubic_only,1,0,cubic,9,365.5530090332031,2.680000066757202,0.0,-0.9755300235748292
cubic_only,1,0,cubic,10,378.0589904785156,2.8299999237060547,0.0,-0.9505899810791014
cubic_only,1,0,cubic,11,431.5050048828125,2.950000047683716,0.0,-1.365050001144409
cubic_only,1,0,cubic,12,489.7749938964844,2.990000009536743,0.0,-1.9077499294281006
cubic_only,1,0,cubic,13,563.7490234375,3.049999952316284,0.0,-2.587490282058716
cubic_only,1,0,cubic,14,650.52001953125,3.0399999618530273,0.0,-3.4652002334594725
cubic_only,1,0,cubic,15,692.8250122070312,2.9700000286102295,0.0,-3.958250093460083
cubic_only,1,0,cubic,16,794.3070068359375,3.180000066757202,0.0,-4.7630700016021725
cubic_only,1,0,cubic,17,940.75,3.0399999618530273,0.0,-6.367500038146973
cubic_only,1,0,cubic,18,975.1719970703125,3.25,0.0,-6.501719970703125
cubic_only,1,0,cubic,19,1160.719970703125,2.9600000381469727,0.0,-8.647199668884276
cubic_only,1,0,cubic,20,1239.449951171875,3.319999933242798,0.0,-9.074499578475953
cubic_only,1,0,cubic,21,1359.199951171875,3.0899999141693115,0.0,-10.501999597549439
cubic_only,1,0,cubic,22,1563.050048828125,3.0899999141693115,0.0,-12.540500574111938
cubic_only,1,0,cubic,23,1647.8800048828125,3.4000000953674316,0.0,-13.078799953460692
cubic_only,1,0,cubic,24,1822.8599853515625,3.0899999141693115,0.0,-15.138599939346314
cubic_only,1,0,cubic,25,1856.7099609375,3.130000114440918,0.0,-15.437099494934081
cubic_only,1,0,cubic,26,2179.75,3.119999885559082,0.0,-18.677500114440917
cubic_only,1,0,cubic,27,2315.739990234375,3.450000047683716,0.0,-19.707399854660036
cubic_only,1,0,cubic,28,2315.739990234375,3.450000047683716,0.0,-19.707399854660036
cubic_only,1,0,cubic,29,2382.260009765625,3.359999895095825,0.5574357953414294,-21.577471793243284
cubic_only,1,0,cubic,30,2407.489990234375,3.3399999141693115,1.2797794841504233,-23.29445895647528
cubic_only,1,0,cubic,31,2418.669921875,3.369999885559082,4.879376020315617,-30.575451373822155
cubic_only,1,0,cubic,32,2424.610107421875,3.380000114440918,5.785123966942149,-32.43634889366213
cubic_only,1,0,cubic,33,2215.1298828125,3.3299999237060547,5.833188229148528,-30.487675362716004
cubic_only,1,0,cubic,34,1889.7900390625,2.630000114440918,6.208053691275167,-28.684007658734416
cubic_only,1,0,cubic,35,1852.72998046875,2.559999942779541,8.029430582213692,-32.026161026335345
cubic_only,1,0,cubic,36,1859.1099853515625,2.880000114440918,8.099041533546325,-31.909182806167358
cubic_only,1,0,cubic,37,1858.68994140625,3.240000009536743,8.096454806771,-31.539809018067757
cubic_only,1,0,cubic,38,1828.5699462890625,3.359999895095825,8.084197681513118,-31.094094930821036
cubic_only,1,0,cubic,39,1816.6199951171875,3.1500000953674316,8.064516129032258,-31.14523211386896
cubic_only,1,1,cubic,0,169.2449951171875,2.440000057220459,0.0,0.7475501060485841
cubic_only,1,1,cubic,1,195.63299560546875,2.440000057220459,0.0,0.4836701011657716
cubic_only,1,1,cubic,2,215.70899963378906,2.390000104904175,0.0,0.23291010856628436
cubic_only,1,1,cubic,3,248.14100646972656,2.4600000381469727,0.0,-0.021410026550293004
cubic_only,1,1,cubic,4,273.1990051269531,2.450000047683716,0.0,-0.2819900035858156
cubic_only,1,1,cubic,5,300.0190124511719,2.380000114440918,0.0,-0.6201900100708007
cubic_only,1,1,cubic,6,321.8139953613281,2.4100000858306885,0.0,-0.8081398677825926
cubic_only,1,1,cubic,7,354.8299865722656,2.440000057220459,0.0,-1.1082998085021973
cubic_only,1,1,cubic,8,370.06500244140625,2.450000047683716,0.0,-1.2506499767303465
cubic_only,1,1,cubic,9,370.32000732421875,2.640000104904175,0.0,-1.063199968338013
cubic_only,1,1,cubic,10,370.1239929199219,2.7899999618530273,0.0,-0.9112399673461913
cubic_only,1,1,cubic,11,425.09600830078125,2.7699999809265137,0.0,-1.4809601020812986
cubic_only,1,1,cubic,12,500.7239990234375,2.869999885559082,0.0,-2.1372401046752927
cubic_only,1,1,cubic,13,571.9450073242188,2.8499999046325684,0.0,-2.869450168609619
cubic_only,1,1,cubic,14,608.7630004882812,2.9100000858306885,0.0,-3.1776299190521238
cubic_only,1,1,cubic,15,710.8179931640625,2.930000066757202,0.0,-4.178179864883423
cubic_only,1,1,cubic,16,839.1170043945312,3.119999885559082,0.0,-5.27117015838623
cubic_only,1,1,cubic,17,885.4240112304688,3.0199999809265137,0.0,-5.8342401313781735
cubic_only,1,1,cubic,18,1047.3499755859375,3.25,0.0,-7.223499755859375
cubic_only,1,1,cubic,19,1113.5799560546875,3.059999942779541,0.0,-8.075799617767334
cubic_only,1,1,cubic,20,1294.5400390625,3.0899999141693115,0.0,-9.855400476455689
cubic_only,1,1,cubic,21,1353.5400390625,3.309999942779541,0.0,-10.225400447845459
cubic_only,1,1,cubic,22,1466.199951171875,3.0799999237060547,0.0,-11.581999588012696
cubic_only,1,1,cubic,23,1709.9599609375,3.0199999809265137,0.0,-14.079599628448488
cubic_only,1,1,cubic,24,1827.5699462890625,3.380000114440918,0.0,-14.895699348449707
cubic_only,1,1,cubic,25,1827.5699462890625,3.380000114440918,0.0,-14.895699348449707
cubic_only,1,1,cubic,26,2039.1800537109375,3.0899999141693115,0.0,-17.301800622940064
cubic_only,1,1,cubic,27,2329.5,2.799999952316284,0.0,-20.495000047683718
cubic_only,1,1,cubic,28,2381.639892578125,2.9000000953674316,3.161717581713309,-27.239833993840435
cubic_only,1,1,cubic,29,2382.580078125,2.9000000953674316,3.6874083385711294,-28.300617363024827
cubic_only,1,1,cubic,30,2400.68994140625,2.880000114440918,4.052098408104197,-29.231096115829974
cubic_only,1,1,cubic,31,2400.68994140625,2.880000114440918,4.052098408104197,-29.231096115829974
cubic_only,1,1,cubic,32,2323.760009765625,2.390000104904175,5.755947812739831,-32.35949561823174
cubic_only,1,1,cubic,33,2250.489990234375,2.25,6.030433965808754,-32.31576783396126
cubic_only,1,1,cubic,34,2086.199951171875,2.2200000286102295,6.393289841565704,-31.428579166239928
cubic_only,1,1,cubic,35,1848.9599609375,2.180000066757202,7.525904381021633,-31.36140830466106
cubic_only,1,1,cubic,36,1844.4100341796875,2.319999933242798,7.340407027309097,-30.804914463172274
cubic_only,1,1,cubic,37,1850.030029296875,2.549999952316284,7.3217060956656885,-30.59371253198384
cubic_only,1,1,cubic,38,1850.030029296875,2.549999952316284,7.3217060956656885,-30.59371253198384
cubic_only,1,1,cubic,39,1785.31005859375,2.609999895095825,6.995951417004049,-29.235003524849773
cubic_only,1,2,cubic,0,172.16299438476562,2.369999885559082,0.0,0.6483699417114257
cubic_only,1,2,cubic,1,195.72799682617188,2.4200000762939453,0.0,0.4627201080322265
cubic_only,1,2,cubic,2,218.2310028076172,2.430000066757202,0.0,0.24769003868103034
cubic_only,1,2,cubic,3,241.01199340820312,2.359999895095825,0.0,-0.050120038986205984
cubic_only,1,2,cubic,4,266.927001953125,2.390000104904175,0.0,-0.2792699146270752
cubic_only,1,2,cubic,5,292.37701416015625,2.3499999046325684,0.0,-0.5737702369689943
cubic_only,1,2,cubic,6,324.72198486328125,2.4200000762939453,0.0,-0.827219772338867
cubic_only,1,2,cubic,7,355.5950012207031,2.369999885559082,0.0,-1.185950126647949
cubic_only,1,2,cubic,8,369.4750061035156,2.2200000286102295,0.19193857965451055,-1.858627191733948
cubic_only,1,2,cubic,9,364.3190002441406,1.4700000286102295,0.18315018315018314,-2.539490340131543
cubic_only,1,2,cubic,10,369.0039978027344,1.2100000381469727,0.1725625539257981,-2.825165047731967
cubic_only,1,2,cubic,11,408.8030090332031,1.100000023841858,0.16597510373443983,-3.319980273959053
cubic_only,1,2,cubic,12,452.75299072265625,1.0399999618530273,0.16,-3.8075299453735356
cubic_only,1,2,cubic,13,522.27197265625,0.9210000038146973,0.15444015444015444,-4.6106000316281115
cubic_only,1,2,cubic,14,592.6929931640625,0.8349999785423279,0.149812734082397,-5.391555421263091
cubic_only,1,2,cubic,15,701.9400024414062,0.7160000205039978,0.14492753623188406,-6.593255076373834
cubic_only,1,2,cubic,16,732.6220092773438,0.656000018119812,0.1444043321299639,-6.959028738913553
cubic_only,1,2,cubic,17,843.8380126953125,0.5929999947547913,0.14035087719298245,-8.126081886584299
cubic_only,1,2,cubic,18,907.6519775390625,0.4959999918937683,0.1394700139470014,-8.85945981139086
cubic_only,1,2,cubic,19,1048.4200439453125,0.47200000286102295,0.13559322033898305,-10.283386877270068
cubic_only,1,2,cubic,20,1127.469970703125,0.4390000104904175,0.13486176668914363,-11.105423229919118
cubic_only,1,2,cubic,21,1354.010009765625,0.4090000092983246,0.1303780964797914,-13.391856281317509
cubic_only,1,2,cubic,22,1364.6199951171875,0.40299999713897705,0.13020833333333334,-13.503616620699564
cubic_only,1,2,cubic,23,1481.3499755859375,0.35899999737739563,0.12903225806451613,-14.712564274611012
cubic_only,1,2,cubic,24,1821.0899658203125,0.37700000405311584,0.12376237623762376,-18.081424406625256
cubic_only,1,2,cubic,25,1855.8299560546875,0.3569999933242798,0.12285012285012285,-18.44699981292284
cubic_only,1,2,cubic,26,1855.8299560546875,0.3569999933242798,0.12285012285012285,-18.44699981292284
cubic_only,1,2,cubic,27,2132.110107421875,0.33500000834465027,0.12121212121212122,-21.22852530829834
cubic_only,1,2,cubic,28,2132.110107421875,0.33500000834465027,0.12121212121212122,-21.22852530829834
cubic_only,1,2,cubic,29,2374.5,0.32499998807907104,1.4749262536873156,-26.369852519295563
cubic_only,1,2,cubic,30,2376.56005859375,0.32499998807907104,1.589170100058858,-26.618940797976144
cubic_only,1,2,cubic,31,2376.56005859375,0.32499998807907104,1.589170100058858,-26.618940797976144
cubic_only,1,2,cubic,32,2405.800048828125,0.3199999928474426,1.9208381839348079,-27.579676863303426
cubic_only,1,2,cubic,33,2258.0400390625,0.24699999392032623,2.5568181818181817,-27.44703676034104
cubic_only,1,2,cubic,34,2258.0400390625,0.24699999392032623,2.5568181818181817,-27.44703676034104
cubic_only,1,2,cubic,35,2089.97998046875,0.24400000274181366,2.931228861330327,-26.51825752460634
cubic_only,1,2,cubic,36,1865.1400146484375,0.28700000047683716,2.9883785279468733,-24.341157201901282
cubic_only,1,2,cubic,37,1865.6099853515625,0.3019999861717224,2.985074626865672,-24.324249121075244
cubic_only,1,2,cubic,38,1853.4000244140625,0.3190000057220459,3.0735455543358947,-24.36209134709037
cubic_only,1,2,cubic,39,1776.8599853515625,0.28600001335144043,3.074433656957929,-23.631467154080042
cubic_only,1,3,cubic,0,159.91900634765625,2.2899999618530273,0.0,0.6908098983764648
cubic_only,1,3,cubic,1,197.69200134277344,1.9600000381469727,0.0,-0.016919975280761612
cubic_only,1,3,cubic,2,221.93699645996094,2.390000104904175,0.0,0.17063014030456536
cubic_only,1,3,cubic,3,242.7740020751953,2.319999933242798,0.0,-0.1077400875091552
cubic_only,1,3,cubic,4,266.7510070800781,2.3399999141693115,0.0,-0.32751015663146976
cubic_only,1,3,cubic,5,294.8479919433594,2.390000104904175,0.0,-0.5584798145294187
cubic_only,1,3,cubic,6,328.4169921875,2.390000104904175,0.0,-0.894169816970825
cubic_only,1,3,cubic,7,348.4070129394531,2.3499999046325684,0.0,-1.1340702247619627
cubic_only,1,3,cubic,8,368.04901123046875,2.450000047683716,0.0,-1.2304900646209718
cubic_only,1,3,cubic,9,361.7539978027344,2.5299999713897705,0.0,-1.0875400066375733
cubic_only,1,3,cubic,10,380.59100341796875,2.7899999618530273,0.0,-1.01591007232666
cubic_only,1,3,cubic,11,418.614013671875,2.819999933242798,0.0,-1.3661402034759522
cubic_only,1,3,cubic,12,471.1300048828125,2.890000104904175,0.0,-1.8212999439239503
cubic_only,1,3,cubic,13,540.89501953125,2.9100000858306885,0.0,-2.498950109481812
cubic_only,1,3,cubic,14,630.31298828125,2.9800000190734863,0.0,-3.3231298637390134
cubic_only,1,3,cubic,15,739.4080200195312,3.059999942779541,0.0,-4.3340802574157715
cubic_only,1,3,cubic,16,791.81201171875,2.809999942779541,0.0,-5.108120174407959
cubic_only,1,3,cubic,17,910.4760131835938,3.180000066757202,0.0,-5.924760065078736
cubic_only,1,3,cubic,18,979.5250244140625,2.8299999237060547,0.0,-6.965250320434571
cubic_only,1,3,cubic,19,1145.3800048828125,3.25,0.0,-8.203800048828125
cubic_only,1,3,cubic,20,1168.75,3.109999895095825,0.0,-8.577500104904175
cubic_only,1,3,cubic,21,1423.77001953125,3.0399999618530273,0.0,-11.197700233459473
cubic_only,1,3,cubic,22,1499.489990234375,3.319999933242798,0.0,-11.674899969100952
cubic_only,1,3,cubic,23,1541.93994140625,3.1600000858306885,0.0,-12.259399328231812
cubic_only,1,3,cubic,24,1760.02001953125,2.8299999237060547,0.0,-14.770200271606445
cubic_only,1,3,cubic,25,2016.3399658203125,3.259999990463257,0.0,-16.90339966773987
cubic_only,1,3,cubic,26,2078.7099609375,3.369999885559082,0.0,-17.41709972381592
cubic_only,1,3,cubic,27,2166.6201171875,3.180000066757202,0.0,-18.486201105117797
cubic_only,1,3,cubic,28,2343.5,2.9700000286102295,0.24250440917107582,-20.95000878973192
cubic_only,1,3,cubic,29,2389.260009765625,2.990000009536743,2.8583527419013337,-26.619305571922173
cubic_only,1,3,cubic,30,2405.469970703125,3.0199999809265137,5.341130604288499,-31.716960934681737
cubic_only,1,3,cubic,31,2411.300048828125,3.009999990463257,5.443234836702955,-31.989470171223907
cubic_only,1,3,cubic,32,2411.300048828125,3.009999990463257,5.443234836702955,-31.989470171223907
cubic_only,1,3,cubic,33,2049.919921875,2.359999895095825,6.0807075732448865,-30.300614470143948
cubic_only,1,3,cubic,34,2013.93994140625,2.309999942779541,7.600781388740899,-33.03096224876475
cubic_only,1,3,cubic,35,1964.8599853515625,2.309999942779541,7.587307215032796,-32.513214340801674
cubic_only,1,3,cubic,36,1869.030029296875,2.6500000953674316,7.59692630108278,-31.23415279976688
cubic_only,1,3,cubic,37,1846.780029296875,2.690000057220459,7.459245842252593,-30.69629192025348
cubic_only,1,3,cubic,38,1849.489990234375,2.930000066757202,7.458518153441761,-30.48193614247007
cubic_only,1,3,cubic,39,1763.1099853515625,2.9200000762939453,7.4183006535947715,-29.547701084411223
cubic_only,2,0,cubic,0,165.78399658203125,2.4700000286102295,0.0,0.812160062789917
cubic_only,2,0,cubic,1,193.80499267578125,2.440000057220459,0.0,0.5019501304626466
cubic_only,2,0,cubic,2,222.61399841308594,2.4700000286102295,0.0,0.24386004447937015
cubic_only,2,0,cubic,3,245.32699584960938,2.5,0.0,0.04673004150390625
cubic_only,2,0,cubic,4,269.61199951171875,2.490000009536743,0.0,-0.20611998558044453
cubic_only,2,0,cubic,5,299.12701416015625,2.509999990463257,0.0,-0.48127015113830574
cubic_only,2,0,cubic,6,318.5419921875,2.4200000762939453,0.0,-0.7654198455810546
cubic_only,2,0,cubic,7,351.1300048828125,2.4600000381469727,0.0,-1.0513000106811523
cubic_only,2,0,cubic,8,367.7279968261719,2.4100000858306885,0.0,-1.2672798824310303
cubic_only,2,0,cubic,9,401.7699890136719,2.4800000190734863,0.0,-1.5376998710632321
cubic_only,2,0,cubic,10,421.364990234375,2.4700000286102295,0.0,-1.7436498737335206
cubic_only,2,0,cubic,11,469.47198486328125,2.380000114440918,0.0,-2.314719734191894
cubic_only,2,0,cubic,12,534.0430297851562,2.3499999046325684,0.0,-2.990430393218994
cubic_only,2,0,cubic,13,622.4600219726562,2.5399999618530273,0.0,-3.6846002578735355
cubic_only,2,0,cubic,14,747.8270263671875,2.5899999141693115,0.0,-4.888270349502563
cubic_only,2,0,cubic,15,797.4639892578125,2.380000114440918,0.0,-5.594639778137207
cubic_only,2,0,cubic,16,937.4500122070312,2.569999933242798,0.0,-6.8045001888275145
cubic_only,2,0,cubic,17,1011.0700073242188,2.359999895095825,0.0,-7.750700178146362
cubic_only,2,0,cubic,18,1205.25,2.6600000858306885,0.0,-9.392499914169312
cubic_only,2,0,cubic,19,1210.8399658203125,2.5799999237060547,0.0,-9.52839973449707
cubic_only,2,0,cubic,20,1352.5899658203125,2.359999895095825,0.0,-11.1658997631073
cubic_only,2,0,cubic,21,1630.8199462890625,2.690000057220459,0.0,-13.618199405670165
cubic_only,2,0,cubic,22,1647.739990234375,2.5899999141693115,0.0,-13.887399988174437
cubic_only,2,0,cubic,23,1899.43994140625,2.3399999141693115,0.0,-16.654399499893188
cubic_only,2,0,cubic,24,1899.43994140625,2.3399999141693115,0.0,-16.654399499893188
cubic_only,2,0,cubic,25,2290.929931640625,2.680000066757202,0.0,-20.22929924964905
cubic_only,2,0,cubic,26,2330.159912109375,2.680000066757202,0.0,-20.62159905433655
cubic_only,2,0,cubic,27,2330.159912109375,2.680000066757202,0.0,-20.62159905433655
cubic_only,2,0,cubic,28,2379.760009765625,2.6700000762939453,0.3949642063687978,-21.9175284340999
cubic_only,2,0,cubic,29,2407.909912109375,2.6500000953674316,3.44909047956532,-28.327279984856958
cubic_only,2,0,cubic,30,2407.820068359375,2.6500000953674316,5.990380411018802,-33.40896141026392
cubic_only,2,0,cubic,31,2369.1201171875,2.130000114440918,6.027516925092815,-33.61623490761971
cubic_only,2,0,cubic,32,2163.14990234375,2.619999885559082,6.0546875,-31.120874137878417
cubic_only,2,0,cubic,33,1864.010009765625,2.049999952316284,7.996801279488205,-32.58370270431638
cubic_only,2,0,cubic,34,1865.530029296875,2.0799999237060547,7.996801279488205,-32.568902928239105
cubic_only,2,0,cubic,35,1926.72998046875,2.3299999237060547,8.1437125748503,-33.224725030682045
cubic_only,2,0,cubic,36,1865.1500244140625,2.6500000953674316,7.7845451084887705,-31.570590365750732
cubic_only,2,0,cubic,37,1864.8599853515625,2.6500000953674316,7.543341940243453,-31.085283638635097
cubic_only,2,0,cubic,38,1840.1500244140625,2.4000000953674316,7.5350036845983785,-31.07150751796995
cubic_only,2,0,cubic,39,1672.9300537109375,2.4200000762939453,7.2879543834640055,-28.885209227743438
cubic_only,2,1,cubic,0,169.4239959716797,2.440000057220459,0.0,0.745760097503662
cubic_only,2,1,cubic,1,195.84500122070312,2.4200000762939453,0.0,0.4615500640869141
cubic_only,2,1,cubic,2,215.91400146484375,2.390000104904175,0.0,0.2308600902557374
cubic_only,2,1,cubic,3,247.73599243164062,2.4600000381469727,0.0,-0.017359886169433736
cubic_only,2,1,cubic,4,272.6099853515625,2.490000009536743,0.0,-0.23609984397888173
cubic_only,2,1,cubic,5,297.114990234375,2.4100000858306885,0.0,-0.5611498165130615
cubic_only,2,1,cubic,6,322.1730041503906,2.390000104904175,0.0,-0.8317299365997313
cubic_only,2,1,cubic,7,354.6820068359375,2.440000057220459,0.0,-1.106820011138916
cubic_only,2,1,cubic,8,371.41900634765625,2.380000114440918,0.0,-1.3341899490356446
cubic_only,2,1,cubic,9,402.9460144042969,2.4100000858306885,0.0,-1.6194600582122805
cubic_only,2,1,cubic,10,429.5830078125,2.4700000286102295,0.0,-1.8258300495147708
cubic_only,2,1,cubic,11,476.0580139160156,2.5,0.0,-2.2605801391601563
cubic_only,2,1,cubic,12,545.8480224609375,2.5399999618530273,0.0,-2.918480262756348
cubic_only,2,1,cubic,13,650.3060302734375,2.569999933242798,0.0,-3.933060369491577
cubic_only,2,1,cubic,14,672.3280029296875,2.3399999141693115,0.0,-4.3832801151275635
cubic_only,2,1,cubic,15,790.2940063476562,2.569999933242798,0.0,-5.332940130233765
cubic_only,2,1,cubic,16,966.8679809570312,2.4700000286102295,0.0,-7.198679780960083
cubic_only,2,1,cubic,17,992.9119873046875,2.609999895095825,0.0,-7.3191199779510505
cubic_only,2,1,cubic,18,1177.3699951171875,2.2300000190734863,0.0,-9.543699932098388
cubic_only,2,1,cubic,19,1295.6800537109375,2.640000104904175,0.0,-10.3168004322052
cubic_only,2,1,cubic,20,1295.6800537109375,2.640000104904175,0.0,-10.3168004322052
cubic_only,2,1,cubic,21,1627.8399658203125,2.2200000286102295,0.0,-14.058399629592895
cubic_only,2,1,cubic,22,1773.4599609375,2.680000066757202,0.0,-15.054599542617797
cubic_only,2,1,cubic,23,1773.4599609375,2.680000066757202,0.0,-15.054599542617797
cubic_only,2,1,cubic,24,2076.090087890625,2.309999942779541,0.0,-18.450900936126708
cubic_only,2,1,cubic,25,2076.090087890625,2.309999942779541,0.0,-18.450900936126708
cubic_only,2,1,cubic,26,2376.489990234375,2.2699999809265137,3.011727078891258,-27.518354079199753
cubic_only,2,1,cubic,27,2379.070068359375,2.2799999713897705,3.536809012313335,-28.584318736830653
cubic_only,2,1,cubic,28,2379.070068359375,2.2799999713897705,3.536809012313335,-28.584318736830653
cubic_only,2,1,cubic,29,2401.679931640625,2.259999990463257,3.8302277432712217,-29.417254812485435
cubic_only,2,1,cubic,30,2388.989990234375,2.1500000953674316,5.409995147986415,-32.55989010294915
cubic_only,2,1,cubic,31,2279.699951171875,1.7899999618530273,5.832747716092761,-32.67249498205125
cubic_only,2,1,cubic,32,2072.840087890625,1.7599999904632568,6.1134356113435615,-31.195272111130116
cubic_only,2,1,cubic,33,2046.43994140625,1.7599999904632568,6.154203437064561,-31.012806297728364
cubic_only,2,1,cubic,34,1904.760009765625,1.8799999952316284,7.173725151253241,-31.515050404931102
cubic_only,2,1,cubic,35,1904.760009765625,1.8799999952316284,7.173725151253241,-31.515050404931102
cubic_only,2,1,cubic,36,1896.8399658203125,2.140000104904175,7.122934992490881,-31.074269538280713
cubic_only,2,1,cubic,37,1808.3599853515625,2.1700000762939453,6.98935948257876,-29.892318742379203
cubic_only,2,1,cubic,38,1775.699951171875,2.1700000762939453,6.921487603305785,-29.429974642036374
cubic_only,2,1,cubic,39,1689.9599609375,2.180000066757202,6.874615226759697,-28.46882999613719
cubic_only,2,2,cubic,0,172.1840057373047,2.369999885559082,0.0,0.6481598281860352
cubic_only,2,2,cubic,1,195.625,2.380000114440918,0.0,0.4237501144409179
cubic_only,2,2,cubic,2,218.30299377441406,2.430000066757202,0.0,0.2469701290130617
cubic_only,2,2,cubic,3,240.99400329589844,2.359999895095825,0.0,-0.049940137863158984
cubic_only,2,2,cubic,4,264.4840087890625,2.3499999046325684,0.0,-0.2948401832580565
cubic_only,2,2,cubic,5,292.37799072265625,2.3499999046325684,0.0,-0.5737800025939941
cubic_only,2,2,cubic,6,324.9049987792969,2.4200000762939453,0.0,-0.8290499114990233
cubic_only,2,2,cubic,7,350.5880126953125,2.3399999141693115,0.0,-1.1658802127838133
cubic_only,2,2,cubic,8,374.95599365234375,2.4100000858306885,0.0,-1.339559850692749
cubic_only,2,2,cubic,9,393.1759948730469,2.359999895095825,0.0,-1.5717600536346437
cubic_only,2,2,cubic,10,434.6390075683594,2.390000104904175,0.0,-1.9563899707794192
cubic_only,2,2,cubic,11,490.3949890136719,2.5,0.0,-2.403949890136719
cubic_only,2,2,cubic,12,565.2869873046875,2.490000009536743,0.0,-3.1628698635101316
cubic_only,2,2,cubic,13,633.114013671875,2.2699999809265137,0.0,-4.061140155792236
cubic_only,2,2,cubic,14,692.073974609375,2.3299999237060547,0.0,-4.590739822387695
cubic_only,2,2,cubic,15,833.97998046875,2.569999933242798,0.0,-5.769799871444702
cubic_only,2,2,cubic,16,846.6220092773438,2.299999952316284,0.0,-6.166220140457153
cubic_only,2,2,cubic,17,1059.5999755859375,2.5899999141693115,0.0,-8.005999841690063
cubic_only,2,2,cubic,18,1093.449951171875,2.309999942779541,0.0,-8.624499568939209
cubic_only,2,2,cubic,19,1355.06005859375,2.4800000190734863,0.0,-11.070600566864014
cubic_only,2,2,cubic,20,1397.4100341796875,2.630000114440918,0.0,-11.344100227355957
cubic_only,2,2,cubic,21,1493.43994140625,2.2899999618530273,0.0,-12.644399452209473
cubic_only,2,2,cubic,22,1795.469970703125,2.2100000381469727,0.0,-15.744699668884277
cubic_only,2,2,cubic,23,1938.6400146484375,2.680000066757202,0.0,-16.706400079727175
cubic_only,2,2,cubic,24,1938.6400146484375,2.680000066757202,0.0,-16.706400079727175
cubic_only,2,2,cubic,25,1938.6400146484375,2.680000066757202,0.0,-16.706400079727175
cubic_only,2,2,cubic,26,2143.669921875,2.2699999809265137,0.0,-19.166699237823487
cubic_only,2,2,cubic,27,40.07099914550781,2.2300000190734863,4.416731618602235,-7.004173209586061
cubic_only,2,2,cubic,28,2387.800048828125,2.2300000190734863,5.312185297079557,-32.272371063366876
cubic_only,2,2,cubic,29,2387.800048828125,2.2300000190734863,5.312185297079557,-32.272371063366876
cubic_only,2,2,cubic,30,2398.89990234375,2.2100000381469727,5.446787148594377,-32.672573282479284
cubic_only,2,2,cubic,31,2144.52001953125,1.7000000476837158,7.195914577530177,-34.137029302689136
cubic_only,2,2,cubic,32,2133.81005859375,1.7100000381469727,7.491408934707904,-34.610918417206335
cubic_only,2,2,cubic,33,2022.8399658203125,1.690000057220459,7.470870459218643,-33.48014051941995
cubic_only,2,2,cubic,34,1924.2099609375,1.9299999475479126,7.379077615298088,-32.070254892423264
cubic_only,2,2,cubic,35,1935.469970703125,2.069999933242798,7.165437302423604,-31.615574378635664
cubic_only,2,2,cubic,36,1935.469970703125,2.069999933242798,7.165437302423604,-31.615574378635664
cubic_only,2,2,cubic,37,1892.719970703125,2.359999895095825,7.147361782636115,-30.861923377207653
cubic_only,2,2,cubic,38,1759.7900390625,2.2699999809265137,6.695549428909019,-28.718999267516523
cubic_only,2,2,cubic,39,1759.7900390625,2.2699999809265137,6.695549428909019,-28.718999267516523
cubic_only,2,3,cubic,0,157.49000549316406,2.4000000953674316,0.0,0.8251000404357911
cubic_only,2,3,cubic,1,197.48800659179688,1.9600000381469727,0.0,-0.014880027770996174
cubic_only,2,3,cubic,2,221.78900146484375,2.390000104904175,0.0,0.1721100902557371
cubic_only,2,3,cubic,3,241.60899353027344,2.390000104904175,0.0,-0.0260898303985595
cubic_only,2,3,cubic,4,266.77899169921875,2.3399999141693115,0.0,-0.32779000282287596
cubic_only,2,3,cubic,5,294.86199951171875,2.390000104904175,0.0,-0.5586198902130128
cubic_only,2,3,cubic,6,328.5249938964844,2.390000104904175,0.0,-0.8952498340606692
cubic_only,2,3,cubic,7,348.45098876953125,2.3499999046325684,0.0,-1.134509983062744
cubic_only,2,3,cubic,8,378.572998046875,2.380000114440918,0.0,-1.4057298660278321
cubic_only,2,3,cubic,9,396.7439880371094,2.390000104904175,0.0,-1.5774397754669192
cubic_only,2,3,cubic,10,418.90399169921875,2.380000114440918,0.0,-1.8090398025512693
cubic_only,2,3,cubic,11,456.5249938964844,2.3399999141693115,0.0,-2.225250024795532
cubic_only,2,3,cubic,12,515.801025390625,2.3399999141693115,0.0,-2.8180103397369383
cubic_only,2,3,cubic,13,612.635009765625,2.3399999141693115,0.0,-3.786350183486938
cubic_only,2,3,cubic,14,716.2620239257812,2.5199999809265137,0.0,-4.6426202583312985
cubic_only,2,3,cubic,15,853.916015625,2.3499999046325684,0.0,-6.189160251617432
cubic_only,2,3,cubic,16,884.2160034179688,2.5299999713897705,0.0,-6.312160062789918
cubic_only,2,3,cubic,17,1089.5999755859375,2.359999895095825,0.0,-8.53599986076355
cubic_only,2,3,cubic,18,1128.8499755859375,2.569999933242798,0.0,-8.718499822616577
cubic_only,2,3,cubic,19,1239.300048828125,2.319999933242798,0.0,-10.073000555038453
cubic_only,2,3,cubic,20,1494.3699951171875,2.609999895095825,0.0,-12.333700056076049
cubic_only,2,3,cubic,21,1509.77001953125,2.619999885559082,0.0,-12.477700309753418
cubic_only,2,3,cubic,22,1717.760009765625,2.319999933242798,0.0,-14.857600164413451
cubic_only,2,3,cubic,23,1944.699951171875,2.1600000858306885,0.0,-17.286999425888062
cubic_only,2,3,cubic,24,2118.43994140625,2.6700000762939453,0.0,-18.514399337768555
cubic_only,2,3,cubic,25,2119.3798828125,2.680000066757202,0.0,-18.5137987613678
cubic_only,2,3,cubic,26,2179.449951171875,2.390000104904175,0.0,-19.404499406814576
cubic_only,2,3,cubic,27,2336.739990234375,2.4000000953674316,0.2977801840822956,-21.56296017514091
cubic_only,2,3,cubic,28,2400.18994140625,2.430000066757202,4.031242126480222,-29.634383600265743
cubic_only,2,3,cubic,29,2407.070068359375,2.440000057220459,5.4066985645933014,-32.444097755559895
cubic_only,2,3,cubic,30,2407.070068359375,2.440000057220459,5.4066985645933014,-32.444097755559895
cubic_only,2,3,cubic,31,2315.010009765625,2.440000057220459,5.489543726235741,-31.689187492907273
cubic_only,2,3,cubic,32,2000.43994140625,1.8899999856948853,7.469613259668508,-33.05362594770463
cubic_only,2,3,cubic,33,1998.0799560546875,1.8899999856948853,7.612533097969991,-33.31586577079197
cubic_only,2,3,cubic,34,40.0880012512207,2.009999990463257,7.612533097969991,-13.615946217988933
cubic_only,2,3,cubic,35,1941.800048828125,2.299999952316284,7.536484426050969,-32.190969388066904
cubic_only,2,3,cubic,36,1933.9599609375,2.0199999809265137,7.439916405433647,-32.19943243931578
cubic_only,2,3,cubic,37,1933.9599609375,2.0199999809265137,7.439916405433647,-32.19943243931578
cubic_only,2,3,cubic,38,1686.3800048828125,1.440000057220459,7.390492007473531,-30.20478400655473
cubic_only,2,3,cubic,39,1682.5400390625,1.559999942779541,6.917994558880684,-29.101389565606826
cubic_only,3,0,cubic,0,165.52499389648438,2.4700000286102295,0.0,0.8147500896453856
cubic_only,3,0,cubic,1,193.73800659179688,2.440000057220459,0.0,0.5026199913024902
cubic_only,3,0,cubic,2,221.78399658203125,2.4700000286102295,0.0,0.2521600627899172
cubic_only,3,0,cubic,3,245.36199951171875,2.5,0.0,0.046380004882812464
cubic_only,3,0,cubic,4,269.6510009765625,2.490000009536743,0.0,-0.206510000228882
cubic_only,3,0,cubic,5,299.1319885253906,2.509999990463257,0.0,-0.4813198947906496
cubic_only,3,0,cubic,6,318.53399658203125,2.4200000762939453,0.0,-0.7653398895263672
cubic_only,3,0,cubic,7,351.1789855957031,2.4600000381469727,0.0,-1.0517898178100586
cubic_only,3,0,cubic,8,371.02301025390625,2.390000104904175,0.0,-1.320229997634888
cubic_only,3,0,cubic,9,401.7900085449219,2.4800000190734863,0.0,-1.537900066375732
cubic_only,3,0,cubic,10,421.3429870605469,2.4700000286102295,0.0,-1.7434298419952396
cubic_only,3,0,cubic,11,469.31500244140625,2.380000114440918,0.0,-2.313149909973145
cubic_only,3,0,cubic,12,535.18798828125,2.3299999237060547,0.0,-3.021879959106445
cubic_only,3,0,cubic,13,623.8259887695312,2.5299999713897705,0.0,-3.7082599163055416
cubic_only,3,0,cubic,14,746.9639892578125,2.5899999141693115,0.0,-4.879639978408814
cubic_only,3,0,cubic,15,796.10400390625,2.359999895095825,0.0,-5.601040143966674
cubic_only,3,0,cubic,16,944.8460083007812,2.549999952316284,0.0,-6.898460130691529
cubic_only,3,0,cubic,17,1006.6900024414062,2.359999895095825,0.0,-7.706900129318237
cubic_only,3,0,cubic,18,1207.3599853515625,2.6500000953674316,0.0,-9.423599758148193
cubic_only,3,0,cubic,19,1214.1300048828125,2.549999952316284,0.0,-9.59130009651184
cubic_only,3,0,cubic,20,1392.8299560546875,2.1700000762939453,0.0,-11.75829948425293
cubic_only,3,0,cubic,21,1637.9000244140625,2.6700000762939453,0.0,-13.709000167846678
cubic_only,3,0,cubic,22,1654.5699462890625,2.5799999237060547,0.0,-13.96569953918457
cubic_only,3,0,cubic,23,1843.22998046875,2.4000000953674316,0.0,-16.032299709320068
cubic_only,3,0,cubic,24,2095.1201171875,2.390000104904175,0.0,-18.561201066970824
cubic_only,3,0,cubic,25,2253.239990234375,2.819999933242798,0.0,-19.712399969100954
cubic_only,3,0,cubic,26,2235.830078125,2.9000000953674316,0.0,-19.45830068588257
cubic_only,3,0,cubic,27,2267.030029296875,2.809999942779541,0.3454231433506045,-20.55114663689042
cubic_only,3,0,cubic,28,2284.9599609375,2.799999952316284,0.9535452322738386,-21.956690121606396
cubic_only,3,0,cubic,29,2294.14990234375,2.809999942779541,5.594559017112768,-31.320617114883497
cubic_only,3,0,cubic,30,2314.199951171875,2.809999942779541,5.698129621574598,-31.728258812088406
cubic_only,3,0,cubic,31,2292.820068359375,2.8299999237060547,5.779220779220779,-31.656642318329254
cubic_only,3,0,cubic,32,2076.10009765625,2.490000009536743,5.947089947089947,-30.16518086120565
cubic_only,3,0,cubic,33,1940.9200439453125,2.180000066757202,7.834471675371635,-32.89814372343919
cubic_only,3,0,cubic,34,1940.9200439453125,2.180000066757202,7.834471675371635,-32.89814372343919
cubic_only,3,0,cubic,35,1891.0999755859375,2.2699999809265137,7.834471675371635,-32.30994312567613
cubic_only,3,0,cubic,36,1837.989990234375,2.3399999141693115,7.748091603053435,-31.53608319428131
cubic_only,3,0,cubic,37,1837.989990234375,2.3399999141693115,7.748091603053435,-31.53608319428131
cubic_only,3,0,cubic,38,1837.989990234375,2.3399999141693115,7.748091603053435,-31.53608319428131
cubic_only,3,0,cubic,39,1754.4599609375,1.7400000095367432,7.204968944099379,-30.214537488037013
cubic_only,3,1,cubic,0,169.1580047607422,2.440000057220459,0.0,0.7484200096130371
cubic_only,3,1,cubic,1,195.73300170898438,2.440000057220459,0.0,0.4826700401306152
cubic_only,3,1,cubic,2,215.84100341796875,2.390000104904175,0.0,0.23159007072448734
cubic_only,3,1,cubic,3,247.5,2.4600000381469727,0.0,-0.014999961853027433
cubic_only,3,1,cubic,4,272.3240051269531,2.4800000190734863,0.0,-0.24324003219604506
cubic_only,3,1,cubic,5,297.135986328125,2.4100000858306885,0.0,-0.5613597774505616
cubic_only,3,1,cubic,6,322.177001953125,2.390000104904175,0.0,-0.8317699146270754
cubic_only,3,1,cubic,7,354.80499267578125,2.440000057220459,0.0,-1.1080498695373535
cubic_only,3,1,cubic,8,371.2869873046875,2.390000104904175,0.0,-1.3228697681427004
cubic_only,3,1,cubic,9,403.4630126953125,2.4100000858306885,0.0,-1.6246300411224368
cubic_only,3,1,cubic,10,429.6310119628906,2.4700000286102295,0.0,-1.8263100910186765
cubic_only,3,1,cubic,11,476.010009765625,2.5,0.0,-2.2601000976562498
cubic_only,3,1,cubic,12,548.3170166015625,2.5299999713897705,0.0,-2.953170194625854
cubic_only,3,1,cubic,13,652.7329711914062,2.559999942779541,0.0,-3.9673297691345217
cubic_only,3,1,cubic,14,672.3569946289062,2.359999895095825,0.0,-4.363570051193237
cubic_only,3,1,cubic,15,796.468017578125,2.569999933242798,0.0,-5.394680242538453
cubic_only,3,1,cubic,16,976.2030029296875,2.4700000286102295,0.0,-7.292030000686646
cubic_only,3,1,cubic,17,997.1380004882812,2.609999895095825,0.0,-7.361380109786987
cubic_only,3,1,cubic,18,1203.7099609375,2.25,0.0,-9.787099609375
cubic_only,3,1,cubic,19,1308.5400390625,2.619999885559082,0.03721622627465575,-10.53983295761523
cubic_only,3,1,cubic,20,1443.030029296875,2.309999942779541,0.037064492216456635,-12.194429334622123
cubic_only,3,1,cubic,21,1667.449951171875,2.259999990463257,0.036376864314296105,-14.487253249884086
cubic_only,3,1,cubic,22,1733.199951171875,2.430000066757202,0.03379520108144644,-14.969589847124439
cubic_only,3,1,cubic,23,1733.199951171875,2.430000066757202,0.03379520108144644,-14.969589847124439
cubic_only,3,1,cubic,24,1936.25,2.0299999713897705,0.03363605785401951,-17.39977214431827
cubic_only,3,1,cubic,25,2223.489990234375,1.7899999618530273,0.03324468085106383,-20.51138930219285
cubic_only,3,1,cubic,26,2174.159912109375,1.4500000476837158,0.030469226081657527,-20.352537525573346
cubic_only,3,1,cubic,27,2174.159912109375,1.4500000476837158,0.030469226081657527,-20.352537525573346
cubic_only,3,1,cubic,28,2241.340087890625,1.3899999856948853,0.03033980582524272,-21.08408050486185
cubic_only,3,1,cubic,29,2241.340087890625,1.3899999856948853,0.03033980582524272,-21.08408050486185
cubic_only,3,1,cubic,30,2380.580078125,1.5499999523162842,0.14240956992309883,-22.540619968779914
cubic_only,3,1,cubic,31,2380.580078125,1.5499999523162842,0.14240956992309883,-22.540619968779914
cubic_only,3,1,cubic,32,2212.85009765625,1.6299999952316284,0.1419244961680386,-20.782349973666946
cubic_only,3,1,cubic,33,1908.1099853515625,1.3600000143051147,0.13751375137513752,-17.996127341960786
cubic_only,3,1,cubic,34,1855.949951171875,1.1100000143051147,0.13361838588989844,-17.716736269193433
cubic_only,3,1,cubic,35,1855.949951171875,1.1100000143051147,0.13361838588989844,-17.716736269193433
cubic_only,3,1,cubic,36,1799.449951171875,1.350000023841858,0.13266118333775537,-16.909821854552405
cubic_only,3,1,cubic,37,1764.239990234375,1.440000057220459,0.1251564455569462,-16.452712736237185
cubic_only,3,1,cubic,38,1764.239990234375,1.440000057220459,0.1251564455569462,-16.452712736237185
cubic_only,3,1,cubic,39,1704.4100341796875,1.5299999713897705,0.12440905697934809,-15.7629184843658
cubic_only,3,2,cubic,0,170.97799682617188,2.369999885559082,0.0,0.6602199172973633
cubic_only,3,2,cubic,1,195.69700622558594,2.4200000762939453,0.0,0.46303001403808586
cubic_only,3,2,cubic,2,218.25799560546875,2.430000066757202,0.0,0.24742011070251468
cubic_only,3,2,cubic,3,241.0070037841797,2.359999895095825,0.0,-0.05007014274597177
cubic_only,3,2,cubic,4,264.4779968261719,2.3499999046325684,0.0,-0.2947800636291502
cubic_only,3,2,cubic,5,292.3819885253906,2.3499999046325684,0.0,-0.5738199806213378
cubic_only,3,2,cubic,6,324.7650146484375,2.4200000762939453,0.0,-0.8276500701904297
cubic_only,3,2,cubic,7,352.48199462890625,2.3399999141693115,0.0,-1.184820032119751
cubic_only,3,2,cubic,8,373.9630126953125,2.4100000858306885,0.0,-1.3296300411224364
cubic_only,3,2,cubic,9,393.1780090332031,2.359999895095825,0.0,-1.5717801952362063
cubic_only,3,2,cubic,10,434.9549865722656,2.390000104904175,0.0,-1.959549760818481
cubic_only,3,2,cubic,11,490.6369934082031,2.5,0.0,-2.406369934082031
cubic_only,3,2,cubic,12,566.4019775390625,2.509999990463257,0.0,-3.1540197849273683
cubic_only,3,2,cubic,13,645.0859985351562,2.2899999618530273,0.0,-4.160860023498535
cubic_only,3,2,cubic,14,710.0020141601562,2.3299999237060547,0.0,-4.770020217895508
cubic_only,3,2,cubic,15,842.9329833984375,2.5399999618530273,0.0,-5.8893298721313485
cubic_only,3,2,cubic,16,897.8499755859375,2.319999933242798,0.0,-6.658499822616577
cubic_only,3,2,cubic,17,1058.4100341796875,2.5999999046325684,0.0,-7.984100437164306
cubic_only,3,2,cubic,18,1155.760009765625,2.3299999237060547,0.0,-9.227600173950195
cubic_only,3,2,cubic,19,1378.6199951171875,2.5199999809265137,0.0,-11.266199970245362
cubic_only,3,2,cubic,20,1406.550048828125,2.619999885559082,0.0,-11.445500602722168
cubic_only,3,2,cubic,21,1595.989990234375,2.319999933242798,0.0,-13.639899969100952
cubic_only,3,2,cubic,22,1781.3499755859375,2.4600000381469727,0.0,-15.353499717712403
cubic_only,3,2,cubic,23,1881.02001953125,2.759999990463257,0.0,-16.050200204849244
cubic_only,3,2,cubic,24,1881.02001953125,2.759999990463257,0.0,-16.050200204849244
cubic_only,3,2,cubic,25,2223.75,2.390000104904175,0.0,-19.847499895095826
cubic_only,3,2,cubic,26,2239.419921875,2.690000057220459,0.0,-19.70419916152954
cubic_only,3,2,cubic,27,2274.1298828125,2.799999952316284,2.8543547206635766,-25.65000831713587
cubic_only,3,2,cubic,28,2274.1298828125,2.799999952316284,2.8543547206635766,-25.65000831713587
cubic_only,3,2,cubic,29,2282.47998046875,2.7799999713897705,2.948343079922027,-25.941485993141786
cubic_only,3,2,cubic,30,2345.199951171875,2.690000057220459,3.335750543872371,-27.43350054224303
cubic_only,3,2,cubic,31,2270.3798828125,2.3499999046325684,5.494741360807041,-31.34328164510651
cubic_only,3,2,cubic,32,2270.3798828125,2.3499999046325684,5.494741360807041,-31.34328164510651
cubic_only,3,2,cubic,33,1985.0799560546875,2.240000009536743,5.566218809980806,-28.743237170971746
cubic_only,3,2,cubic,34,1857.3599853515625,2.190000057220459,7.000398883127244,-30.38439756254965
cubic_only,3,2,cubic,35,1873.9000244140625,2.3399999141693115,6.979449398991857,-30.35789912795503
cubic_only,3,2,cubic,36,1811.9000244140625,2.7300000190734863,6.939090208172706,-29.26718064141255
cubic_only,3,2,cubic,37,1792.1199951171875,3.049999952316284,6.698920729438035,-28.26904145773166
cubic_only,3,2,cubic,38,1777.780029296875,3.0199999809265137,6.646363310641347,-28.05052693332493
cubic_only,3,2,cubic,39,1655.050048828125,3.130000114440918,6.621452793146529,-26.66340596013339
cubic_only,3,3,cubic,0,157.39599609375,2.4100000858306885,0.0,0.8360401248931886
cubic_only,3,3,cubic,1,197.77499389648438,1.9600000381469727,0.0,-0.0177499008178712
cubic_only,3,3,cubic,2,221.73800659179688,2.390000104904175,0.0,0.17262003898620604
cubic_only,3,3,cubic,3,241.61199951171875,2.390000104904175,0.0,-0.026119890213012642
cubic_only,3,3,cubic,4,266.7900085449219,2.3399999141693115,0.0,-0.3279001712799072
cubic_only,3,3,cubic,5,294.8680114746094,2.390000104904175,0.0,-0.5586800098419191
cubic_only,3,3,cubic,6,328.4169921875,2.390000104904175,0.0,-0.894169816970825
cubic_only,3,3,cubic,7,348.3900146484375,2.3499999046325684,0.0,-1.1339002418518067
cubic_only,3,3,cubic,8,377.5769958496094,2.390000104904175,0.0,-1.3857698535919187
cubic_only,3,3,cubic,9,396.6969909667969,2.390000104904175,0.0,-1.576969804763794
cubic_only,3,3,cubic,10,418.9700012207031,2.380000114440918,0.0,-1.8096998977661132
cubic_only,3,3,cubic,11,471.65301513671875,2.299999952316284,0.0,-2.4165301990509036
cubic_only,3,3,cubic,12,516.6539916992188,2.3299999237060547,0.0,-2.8365399932861326
cubic_only,3,3,cubic,13,613.6069946289062,2.3299999237060547,0.0,-3.8060700225830075
cubic_only,3,3,cubic,14,711.4730224609375,2.5299999713897705,0.0,-4.584730253219605
cubic_only,3,3,cubic,15,868.8469848632812,2.369999885559082,0.0,-6.318469963073731
cubic_only,3,3,cubic,16,890.47900390625,2.5199999809265137,0.0,-6.3847900581359855
cubic_only,3,3,cubic,17,1095.56005859375,2.4100000858306885,0.0,-8.545600500106811
cubic_only,3,3,cubic,18,1127.1600341796875,2.5799999237060547,0.0,-8.69160041809082
cubic_only,3,3,cubic,19,1245.9599609375,2.299999952316284,0.0,-10.159599657058715
cubic_only,3,3,cubic,20,1515.75,2.609999895095825,0.0,-12.547500104904175
cubic_only,3,3,cubic,21,1515.75,2.609999895095825,0.0,-12.547500104904175
cubic_only,3,3,cubic,22,1707.1199951171875,2.3399999141693115,0.0,-14.731200037002562
cubic_only,3,3,cubic,23,1944.0400390625,2.4100000858306885,0.0,-17.030400304794313
cubic_only,3,3,cubic,24,2045.8900146484375,2.7699999809265137,0.0,-17.68890016555786
cubic_only,3,3,cubic,25,2045.8900146484375,2.7699999809265137,0.0,-17.68890016555786
cubic_only,3,3,cubic,26,2164.0400390625,2.680000066757202,0.0,-18.9604003238678
cubic_only,3,3,cubic,27,2272.14990234375,2.559999942779541,1.18514616802739,-22.53179141671274
cubic_only,3,3,cubic,28,2283.8701171875,2.5899999141693115,5.333333333333333,-30.915367924372354
cubic_only,3,3,cubic,29,2283.8701171875,2.5899999141693115,5.333333333333333,-30.915367924372354
cubic_only,3,3,cubic,30,2372.419921875,2.5799999237060547,5.303919267777517,-31.75203783059898
cubic_only,3,3,cubic,31,2259.159912109375,2.630000114440918,5.379599441080577,-30.720797888813987
cubic_only,3,3,cubic,32,2123.820068359375,2.0999999046325684,7.359307359307359,-33.8568154975759
cubic_only,3,3,cubic,33,2123.820068359375,2.0999999046325684,7.359307359307359,-33.8568154975759
cubic_only,3,3,cubic,34,1870.510009765625,2.0299999713897705,7.263405255287331,-31.20191063684114
cubic_only,3,3,cubic,35,1861.1800537109375,2.200000047683716,7.174526400644901,-30.76085329071546
cubic_only,3,3,cubic,36,1856.280029296875,2.190000057220459,7.182873149259704,-30.738546534267698
cubic_only,3,3,cubic,37,1765.219970703125,2.490000009536743,7.1060965954077595,-29.374392888310027
cubic_only,3,3,cubic,38,1771.56005859375,2.490000009536743,6.860309573858207,-28.94621972411717
cubic_only,3,3,cubic,39,1749.2099609375,2.359999895095825,6.686533805177873,-28.505167324634918
cubic_only,4,0,cubic,0,165.81100463867188,2.4700000286102295,0.0,0.8118899822235108
cubic_only,4,0,cubic,1,193.82200622558594,2.440000057220459,0.0,0.5017799949645996
cubic_only,4,0,cubic,2,221.8820037841797,2.4700000286102295,0.0,0.25117999076843267
cubic_only,4,0,cubic,3,245.34300231933594,2.5,0.0,0.04656997680664077
cubic_only,4,0,cubic,4,269.60400390625,2.490000009536743,0.0,-0.20604002952575673
cubic_only,4,0,cubic,5,277.1860046386719,2.6500000953674316,0.0,-0.12185995101928704
cubic_only,4,0,cubic,6,285.3340148925781,2.9200000762939453,0.0,0.06665992736816406
cubic_only,4,0,cubic,7,311.5950012207031,2.819999933242798,0.0,-0.2959500789642333
cubic_only,4,0,cubic,8,329.7409973144531,2.8399999141693115,0.0,-0.4574100589752197
cubic_only,4,0,cubic,9,359.6199951171875,2.9000000953674316,0.0,-0.6961998558044433
cubic_only,4,0,cubic,10,375.97900390625,2.880000114440918,0.0,-0.8797899246215821
cubic_only,4,0,cubic,11,422.9309997558594,2.859999895095825,0.0,-1.3693101024627685
cubic_only,4,0,cubic,12,487.4949951171875,3.009999990463257,0.0,-1.8649499607086177
cubic_only,4,0,cubic,13,561.343017578125,3.0,0.0,-2.61343017578125
cubic_only,4,0,cubic,14,595.4140014648438,2.8399999141693115,0.0,-3.1141401004791263
cubic_only,4,0,cubic,15,690.5130004882812,3.009999990463257,0.0,-3.8951300144195553
cubic_only,4,0,cubic,16,815.1170043945312,3.240000009536743,0.0,-4.911170034408569
cubic_only,4,0,cubic,17,844.2639770507812,3.0199999809265137,0.0,-5.422639789581298
cubic_only,4,0,cubic,18,1013.5,3.2899999618530273,0.0,-6.845000038146972
cubic_only,4,0,cubic,19,1064.5699462890625,3.009999990463257,0.0,-7.635699472427369
cubic_only,4,0,cubic,20,1292.9000244140625,3.25,0.0,-9.679000244140624
cubic_only,4,0,cubic,21,1309.300048828125,3.3399999141693115,0.0,-9.753000574111939
cubic_only,4,0,cubic,22,1419.4300537109375,3.009999990463257,0.0,-11.184300546646119
cubic_only,4,0,cubic,23,1719.56005859375,3.2300000190734863,0.0,-13.965600566864012
cubic_only,4,0,cubic,24,1770.77001953125,3.369999885559082,0.0,-14.33770030975342
cubic_only,4,0,cubic,25,1803.97998046875,2.940000057220459,0.0,-15.099799747467042
cubic_only,4,0,cubic,26,1988.1199951171875,2.9700000286102295,0.0,-16.911199922561647
cubic_only,4,0,cubic,27,2366.739990234375,3.0199999809265137,0.0,-20.647399921417236
cubic_only,4,0,cubic,28,2385.030029296875,3.059999942779541,2.3033020790868326,-25.396904508362873
cubic_only,4,0,cubic,29,2385.030029296875,3.059999942779541,2.3033020790868326,-25.396904508362873
cubic_only,4,0,cubic,30,2393.570068359375,3.049999952316284,2.498476538695917,-25.8826538086693
cubic_only,4,0,cubic,31,2382.3701171875,3.0899999141693115,3.545256486432957,-27.824214230571606
cubic_only,4,0,cubic,32,2263.889892578125,2.549999952316284,5.339366515837104,-30.76763200513917
cubic_only,4,0,cubic,33,2263.889892578125,2.549999952316284,5.339366515837104,-30.76763200513917
cubic_only,4,0,cubic,34,2128.0400390625,2.5,5.360043313481321,-29.500487017587645
cubic_only,4,0,cubic,35,1865.219970703125,2.490000009536743,7.037726273050246,-30.237652243595
cubic_only,4,0,cubic,36,1862.0699462890625,2.5399999618530273,6.991032879442046,-30.06276525992169
cubic_only,4,0,cubic,37,1819.5400390625,2.8399999141693115,6.971352872992218,-29.298106222440126
cubic_only,4,0,cubic,38,1795.989990234375,3.049999952316284,6.859903381642512,-28.62970671331249
cubic_only,4,0,cubic,39,1775.5799560546875,3.0199999809265137,6.70391061452514,-28.14362080867064
cubic_only,4,1,cubic,0,169.33399963378906,2.440000057220459,0.0,0.7466600608825684
cubic_only,4,1,cubic,1,195.51199340820312,2.440000057220459,0.0,0.48488012313842765
cubic_only,4,1,cubic,2,216.1320037841797,2.390000104904175,0.0,0.2286800670623781
cubic_only,4,1,cubic,3,246.72900390625,2.4600000381469727,0.0,-0.00729000091552745
cubic_only,4,1,cubic,4,271.8030090332031,2.4200000762939453,0.0,-0.29803001403808604
cubic_only,4,1,cubic,5,279.9410095214844,2.569999933242798,0.0,-0.2294101619720461
cubic_only,4,1,cubic,6,286.0780029296875,2.7799999713897705,0.0,-0.0807800579071043
cubic_only,4,1,cubic,7,305.6390075683594,2.799999952316284,0.0,-0.2563901233673094
cubic_only,4,1,cubic,8,333.8590087890625,2.8399999141693115,0.0,-0.4985901737213134
cubic_only,4,1,cubic,9,355.1499938964844,2.809999942779541,0.0,-0.7414999961853028
cubic_only,4,1,cubic,10,382.875,2.869999885559082,0.0,-0.9587501144409178
cubic_only,4,1,cubic,11,412.4070129394531,2.880000114440918,0.0,-1.2440700149536132
cubic_only,4,1,cubic,12,459.47698974609375,2.9000000953674316,0.0,-1.6947698020935063
cubic_only,4,1,cubic,13,523.3350219726562,2.950000047683716,0.0,-2.283350172042847
cubic_only,4,1,cubic,14,614.0390014648438,2.9800000190734863,0.0,-3.160389995574951
cubic_only,4,1,cubic,15,720.3330078125,3.1500000953674316,0.0,-4.053329982757568
cubic_only,4,1,cubic,16,823.0759887695312,2.9100000858306885,0.0,-5.320759801864623
cubic_only,4,1,cubic,17,881.5659790039062,3.190000057220459,0.0,-5.625659732818603
cubic_only,4,1,cubic,18,1047.7900390625,3.0199999809265137,0.0,-7.457900409698487
cubic_only,4,1,cubic,19,1108.3900146484375,3.2100000381469727,0.0,-7.873900108337402
cubic_only,4,1,cubic,20,1129.0999755859375,3.0299999713897705,0.0,-8.260999784469604
cubic_only,4,1,cubic,21,1415.1099853515625,3.2699999809265137,0.0,-10.881099872589111
cubic_only,4,1,cubic,22,1458.1199951171875,3.2200000286102295,0.0,-11.361199922561646
cubic_only,4,1,cubic,23,1516.1400146484375,3.009999990463257,0.0,-12.151400156021118
cubic_only,4,1,cubic,24,1877.1300048828125,3.0999999046325684,0.0,-15.671300144195556
cubic_only,4,1,cubic,25,2002.010009765625,3.3299999237060547,0.0,-16.690100173950196
cubic_only,4,1,cubic,26,2018.489990234375,3.2699999809265137,0.0,-16.914899921417238
cubic_only,4,1,cubic,27,2141.889892578125,3.009999990463257,0.0,-18.408898935317993
cubic_only,4,1,cubic,28,2385.159912109375,2.8299999237060547,1.2013979903888161,-23.424395178165327
cubic_only,4,1,cubic,29,2390.47998046875,2.8499999046325684,4.619729675206778,-30.294259250468485
cubic_only,4,1,cubic,30,2395.02001953125,2.8499999046325684,5.20299566417028,-31.50619161902049
cubic_only,4,1,cubic,31,2393.830078125,2.859999895095825,5.247641509433962,-31.573583905022097
cubic_only,4,1,cubic,32,2236.27001953125,2.7100000381469727,5.406976744186046,-30.46665364553762
cubic_only,4,1,cubic,33,2051.18994140625,2.240000009536743,7.236960837393972,-32.7458210793137
cubic_only,4,1,cubic,34,2040.25,2.2300000190734863,7.229132864611501,-32.63076571014952
cubic_only,4,1,cubic,35,1957.9200439453125,2.240000009536743,7.210933285380327,-31.761067000677038
cubic_only,4,1,cubic,36,1855.4100341796875,2.5199999809265137,7.088350008478888,-30.210800377828136
cubic_only,4,1,cubic,37,1835.5999755859375,2.619999885559082,7.024862339395962,-29.785724549092215
cubic_only,4,1,cubic,38,1812.8900146484375,2.7799999713897705,7.013160086623355,-29.375220348341315
cubic_only,4,1,cubic,39,40.07699966430664,2.8499999046325684,6.794706262104584,-11.140182616219667
cubic_only,4,2,cubic,0,171.03399658203125,2.369999885559082,0.0,0.6596599197387696
cubic_only,4,2,cubic,1,195.9720001220703,2.4200000762939453,0.0,0.4602800750732421
cubic_only,4,2,cubic,2,218.2480010986328,2.430000066757202,0.0,0.24752005577087388
cubic_only,4,2,cubic,3,241.0019989013672,2.359999895095825,0.0,-0.050020093917846786
cubic_only,4,2,cubic,4,264.5050048828125,2.3499999046325684,0.0,-0.29505014419555664
cubic_only,4,2,cubic,5,276.30499267578125,1.7000000476837158,0.30441400304414,-1.6718778851623766
cubic_only,4,2,cubic,6,279.22100830078125,1.2100000381469727,0.27932960893854747,-2.140869262737935
cubic_only,4,2,cubic,7,305.2929992675781,1.100000023841858,0.2560819462227913,-2.465093861279506
cubic_only,4,2,cubic,8,332.7950134277344,1.1399999856948853,0.2361275088547816,-2.660205166292022
cubic_only,4,2,cubic,9,355.5989990234375,1.0199999809265137,0.22598870056497175,-2.987967410437805
cubic_only,4,2,cubic,10,380.947998046875,1.0299999713897705,0.2103049421661409,-3.200089893411261
cubic_only,4,2,cubic,11,410.3080139160156,0.9700000286102295,0.20242914979757085,-3.5379384101450686
cubic_only,4,2,cubic,12,454.552001953125,0.8669999837875366,0.19550342130987292,-4.069526878363459
cubic_only,4,2,cubic,13,523.9340209960938,0.7009999752044678,0.18885741265344666,-4.916055060063363
cubic_only,4,2,cubic,14,605.2940063476562,0.6570000052452087,0.18248175182481752,-5.760903561880989
cubic_only,4,2,cubic,15,708.9219970703125,0.5920000076293945,0.176522506619594,-6.850264976312919
cubic_only,4,2,cubic,16,739.2949829101562,0.5609999895095825,0.17497812773403323,-7.181906095060047
cubic_only,4,2,cubic,17,887.8939819335938,0.5329999923706055,0.16792611251049538,-8.681792051986323
cubic_only,4,2,cubic,18,914.2760009765625,0.49799999594688416,0.1670843776106934,-8.978928769040127
cubic_only,4,2,cubic,19,1124.56005859375,0.5149999856948853,0.15873015873015872,-11.048060917702934
cubic_only,4,2,cubic,20,1184.3800048828125,0.48399999737739563,0.15723270440251572,-11.67426546025576
cubic_only,4,2,cubic,21,1209.68994140625,0.45100000500679016,0.15673981191222572,-11.959379032880161
cubic_only,4,2,cubic,22,1502.6800537109375,0.5270000100135803,0.14641288433382138,-14.792626295763437
cubic_only,4,2,cubic,23,1512.8800048828125,0.5189999938011169,0.145985401459854,-14.901770857946717
cubic_only,4,2,cubic,24,1624.72998046875,0.49799999594688416,0.1444043321299639,-16.038108473000545
cubic_only,4,2,cubic,25,2028.56005859375,0.5799999833106995,0.13297872340425532,-19.971558049435313
cubic_only,4,2,cubic,26,2112.469970703125,0.5630000233650208,0.1310615989515072,-20.823822881569246
cubic_only,4,2,cubic,27,2137.760009765625,0.5630000233650208,0.13054830287206268,-21.075696680035353
cubic_only,4,2,cubic,28,2258.239990234375,0.5199999809265137,0.32404406999351915,-22.710488061404273
cubic_only,4,2,cubic,29,2288.179931640625,0.5189999938011169,0.45307443365695793,-23.26894818991905
cubic_only,4,2,cubic,30,2395.110107421875,0.5220000147819519,2.8395061728395063,-29.108113405115812
cubic_only,4,2,cubic,31,2403.60009765625,0.5189999938011169,3.2886723507917175,-30.09434568434482
cubic_only,4,2,cubic,32,2348.5,0.5339999794960022,3.3836858006042294,-29.718371621712457
cubic_only,4,2,cubic,33,2187.739990234375,0.44999998807907104,3.592814371257485,-28.613028656779647
cubic_only,4,2,cubic,34,1994.800048828125,0.4180000126361847,4.677323860272351,-28.884648196189765
cubic_only,4,2,cubic,35,1994.800048828125,0.4180000126361847,4.677323860272351,-28.884648196189765
cubic_only,4,2,cubic,36,1915.5,0.4909999966621399,4.790065050266115,-28.24413010387009
cubic_only,4,2,cubic,37,1823.1099853515625,0.29899999499320984,4.6685878962536025,-27.269275651029623
cubic_only,4,2,cubic,38,1823.1099853515625,0.29899999499320984,4.6685878962536025,-27.269275651029623
cubic_only,4,2,cubic,39,1817.969970703125,0.1979999989271164,4.578858111927643,-27.13941593195942
cubic_only,4,3,cubic,0,157.54600524902344,2.4000000953674316,0.0,0.8245400428771972
cubic_only,4,3,cubic,1,197.81500244140625,1.9700000286102295,0.0,-0.00814999580383291
cubic_only,4,3,cubic,2,221.86500549316406,2.390000104904175,0.0,0.171350049972534
cubic_only,4,3,cubic,3,241.63099670410156,2.390000104904175,0.0,-0.026309862136840945
cubic_only,4,3,cubic,4,266.7669982910156,2.3399999141693115,0.0,-0.3276700687408449
cubic_only,4,3,cubic,5,273.5190124511719,2.509999990463257,0.0,-0.2251901340484621
cubic_only,4,3,cubic,6,281.3169860839844,2.7899999618530273,0.0,-0.023169898986816317
cubic_only,4,3,cubic,7,309.7300109863281,2.7899999618530273,0.0,-0.30730014801025396
cubic_only,4,3,cubic,8,334.4939880371094,2.759999990463257,0.0,-0.5849398899078371
cubic_only,4,3,cubic,9,354.30499267578125,2.7899999618530273,0.0,-0.7530499649047853
cubic_only,4,3,cubic,10,380.60101318359375,2.7799999713897705,0.0,-1.0260101604461669
cubic_only,4,3,cubic,11,422.9630126953125,2.940000057220459,0.0,-1.2896300697326657
cubic_only,4,3,cubic,12,475.15301513671875,2.930000066757202,0.0,-1.8215300846099858
cubic_only,4,3,cubic,13,547.1380004882812,2.9800000190734863,0.0,-2.491379985809326
cubic_only,4,3,cubic,14,638.5040283203125,3.109999895095825,0.0,-3.2750403881073
cubic_only,4,3,cubic,15,721.2540283203125,2.880000114440918,0.0,-4.332540168762207
cubic_only,4,3,cubic,16,767.156005859375,3.049999952316284,0.0,-4.621560106277466
cubic_only,4,3,cubic,17,933.6430053710938,3.1500000953674316,0.0,-6.186429958343506
cubic_only,4,3,cubic,18,958.4619750976562,2.940000057220459,0.0,-6.644619693756104
cubic_only,4,3,cubic,19,1165.9200439453125,3.0999999046325684,0.0,-8.559200534820556
cubic_only,4,3,cubic,20,1217.5799560546875,3.069999933242798,0.0,-9.105799627304076
cubic_only,4,3,cubic,21,1415.47998046875,2.8399999141693115,0.0,-11.314799890518188
cubic_only,4,3,cubic,22,1574.3699951171875,3.190000057220459,0.0,-12.553699893951416
cubic_only,4,3,cubic,23,1616.18994140625,3.0899999141693115,0.0,-13.071899499893188
cubic_only,4,3,cubic,24,1642.5,3.069999933242798,0.0,-13.355000066757203
cubic_only,4,3,cubic,25,1975.3800048828125,2.8299999237060547,0.0,-16.92380012512207
cubic_only,4,3,cubic,26,2202.8798828125,3.2100000381469727,0.0,-18.81879878997803
cubic_only,4,3,cubic,27,2254.27001953125,3.309999942779541,0.0425260472039124,-19.317752346940782
cubic_only,4,3,cubic,28,2297.449951171875,3.130000114440918,0.10624734381640459,-20.05699408491064
cubic_only,4,3,cubic,29,2391.929931640625,3.130000114440918,0.819672131147541,-22.428643464260414
cubic_only,4,3,cubic,30,2402.64990234375,3.140000104904175,3.249899071457408,-27.38629706144814
cubic_only,4,3,cubic,31,2382.719970703125,3.069999933242798,4.935501962983735,-30.62820369975592
cubic_only,4,3,cubic,32,2366.969970703125,3.049999952316284,4.932735426008969,-30.4851706067329
cubic_only,4,3,cubic,33,2056.659912109375,2.880000114440918,5.064695009242144,-27.81598902513712
cubic_only,4,3,cubic,34,1893.56005859375,2.4000000953674316,7.062683474356761,-30.66096743928359
cubic_only,4,3,cubic,35,1890.6099853515625,2.4100000858306885,7.106252135292108,-30.70860403826915
cubic_only,4,3,cubic,36,1884.9300537109375,2.4600000381469727,7.136759433156906,-30.662819365276214
cubic_only,4,3,cubic,37,1810.77001953125,3.009999990463257,6.988460913375589,-29.07462203160042
cubic_only,4,3,cubic,38,1801.22998046875,3.0199999809265137,6.818902632413574,-28.630105088588138
cubic_only,4,3,cubic,39,1799.6800537109375,3.059999942779541,6.815660168013948,-28.56812093035773
cubic_only,5,0,cubic,0,165.54100036621094,2.4700000286102295,0.0,0.8145900249481202
cubic_only,5,0,cubic,1,193.7550048828125,2.440000057220459,0.0,0.502450008392334
cubic_only,5,0,cubic,2,221.79299926757812,2.4700000286102295,0.0,0.2520700359344481
cubic_only,5,0,cubic,3,245.41200256347656,2.5,0.0,0.0458799743652345
cubic_only,5,0,cubic,4,269.7120056152344,2.490000009536743,0.0,-0.20712004661560046
cubic_only,5,0,cubic,5,298.7080078125,2.4800000190734863,0.0,-0.5070800590515137
cubic_only,5,0,cubic,6,317.8819885253906,2.390000104904175,0.0,-0.7888197803497317
cubic_only,5,0,cubic,7,350.9549865722656,2.440000057220459,0.0,-1.069549808502197
cubic_only,5,0,cubic,8,370.6830139160156,2.390000104904175,0.0,-1.3168300342559816
cubic_only,5,0,cubic,9,401.94000244140625,2.4800000190734863,0.0,-1.5394000053405765
cubic_only,5,0,cubic,10,421.65899658203125,2.4700000286102295,0.0,-1.746589937210083
cubic_only,5,0,cubic,11,484.1470031738281,2.390000104904175,0.0,-2.4514699268341067
cubic_only,5,0,cubic,12,526.6240234375,2.5399999618530273,0.0,-2.7262402725219728
cubic_only,5,0,cubic,13,622.5919799804688,2.569999933242798,0.0,-3.6559198665618897
cubic_only,5,0,cubic,14,750.6669921875,2.5799999237060547,0.0,-4.926669998168945
cubic_only,5,0,cubic,15,806.8309936523438,2.359999895095825,0.0,-5.7083100414276124
cubic_only,5,0,cubic,16,935.6270141601562,2.630000114440918,0.0,-6.726270027160645
cubic_only,5,0,cubic,17,1025.5999755859375,2.369999885559082,0.0,-7.885999870300292
cubic_only,5,0,cubic,18,1213.3499755859375,2.640000104904175,0.0,-9.4934996509552
cubic_only,5,0,cubic,19,1213.3499755859375,2.640000104904175,0.0,-9.4934996509552
cubic_only,5,0,cubic,20,1430.1800537109375,2.2699999809265137,0.0,-12.031800556182862
cubic_only,5,0,cubic,21,1643.260009765625,2.680000066757202,0.0,-13.752600030899046
cubic_only,5,0,cubic,22,1643.260009765625,2.680000066757202,0.0,-13.752600030899046
cubic_only,5,0,cubic,23,1936.550048828125,2.3299999237060547,0.0,-17.035500564575194
cubic_only,5,0,cubic,24,2026.0799560546875,2.240000009536743,0.0,-18.020799551010132
cubic_only,5,0,cubic,25,2299.2099609375,2.6600000858306885,0.0,-20.33209952354431
cubic_only,5,0,cubic,26,2338.389892578125,2.7300000190734863,0.0,-20.653898906707763
cubic_only,5,0,cubic,27,2338.389892578125,2.7300000190734863,0.0,-20.653898906707763
cubic_only,5,0,cubic,28,2391.89990234375,2.6700000762939453,0.6632277081798084,-22.575454363503173
cubic_only,5,0,cubic,29,2399.3701171875,2.680000066757202,3.283723127805339,-27.881147360728477
cubic_only,5,0,cubic,30,2401.280029296875,2.690000057220459,5.909289140863498,-33.14137851747529
cubic_only,5,0,cubic,31,2401.280029296875,2.690000057220459,5.909289140863498,-33.14137851747529
cubic_only,5,0,cubic,32,2055.47998046875,2.5899999141693115,5.991379310344827,-29.947558511207845
cubic_only,5,0,cubic,33,1865.81005859375,2.069999933242798,7.957032027053909,-32.50216470680252
cubic_only,5,0,cubic,34,1863.0999755859375,2.059999942779541,7.958820035636507,-32.48863988435285
cubic_only,5,0,cubic,35,1878.5400390625,2.3499999046325684,8.094768015794669,-32.62493651758177
cubic_only,5,0,cubic,36,1872.56005859375,2.7699999809265137,8.272601930273783,-32.50080446555855
cubic_only,5,0,cubic,37,1851.9000244140625,2.680000066757202,8.21583004324121,-32.27066026386584
cubic_only,5,0,cubic,38,1827.0999755859375,2.549999952316284,8.192725909261343,-32.10645162206578
cubic_only,5,0,cubic,39,1602.6600341796875,1.6699999570846558,8.016877637130802,-30.390355658973824
cubic_only,5,1,cubic,0,169.37899780273438,2.440000057220459,0.0,0.7462100791931152
cubic_only,5,1,cubic,1,195.62399291992188,2.430000066757202,0.0,0.4737601375579834
cubic_only,5,1,cubic,2,215.84800720214844,2.390000104904175,0.0,0.23152003288269052
cubic_only,5,1,cubic,3,247.27499389648438,2.4600000381469727,0.0,-0.012749900817871307
cubic_only,5,1,cubic,4,271.79901123046875,2.4200000762939453,0.0,-0.29799003601074237
cubic_only,5,1,cubic,5,294.7900085449219,2.4200000762939453,0.0,-0.5279000091552732
cubic_only,5,1,cubic,6,320.9570007324219,2.4000000953674316,0.0,-0.8095699119567872
cubic_only,5,1,cubic,7,353.5950012207031,2.450000047683716,0.0,-1.0859499645233153
cubic_only,5,1,cubic,8,367.2349853515625,2.490000009536743,0.0,-1.1823498439788818
cubic_only,5,1,cubic,9,403.6889953613281,2.4100000858306885,0.0,-1.6268898677825927
cubic_only,5,1,cubic,10,431.2760009765625,2.4700000286102295,0.0,-1.8427599811553952
cubic_only,5,1,cubic,11,489.989013671875,2.440000057220459,0.0,-2.459890079498291
cubic_only,5,1,cubic,12,550.052001953125,2.5399999618530273,0.0,-2.960520057678223
cubic_only,5,1,cubic,13,654.7760009765625,2.549999952316284,0.0,-3.997760057449341
cubic_only,5,1,cubic,14,661.64501953125,2.369999885559082,0.0,-4.246450309753418
cubic_only,5,1,cubic,15,797.8400268554688,2.5799999237060547,0.0,-5.398400344848633
cubic_only,5,1,cubic,16,970.2860107421875,2.450000047683716,0.0,-7.252860059738159
cubic_only,5,1,cubic,17,1000.5499877929688,2.619999885559082,0.0,-7.385499992370605
cubic_only,5,1,cubic,18,40.08300018310547,2.190000057220459,0.0,1.7891700553894043
cubic_only,5,1,cubic,19,1313.0799560546875,2.630000114440918,0.0,-10.500799446105956
cubic_only,5,1,cubic,20,1356.5400390625,2.3299999237060547,0.0,-11.235400466918945
cubic_only,5,1,cubic,21,1393.199951171875,2.109999895095825,0.0,-11.821999616622925
cubic_only,5,1,cubic,22,1800.010009765625,2.680000066757202,0.0,-15.320100030899049
cubic_only,5,1,cubic,23,1800.010009765625,2.680000066757202,0.0,-15.320100030899049
cubic_only,5,1,cubic,24,1898.8599853515625,2.309999942779541,0.0,-16.678599910736082
cubic_only,5,1,cubic,25,1898.8599853515625,2.309999942779541,0.0,-16.678599910736082
cubic_only,5,1,cubic,26,2386.590087890625,2.190000057220459,3.1011969532100108,-27.87829472810581
cubic_only,5,1,cubic,27,2388.02001953125,2.200000047683716,4.183006535947713,-30.046213219524212
cubic_only,5,1,cubic,28,2388.02001953125,2.200000047683716,4.183006535947713,-30.046213219524212
cubic_only,5,1,cubic,29,2390.199951171875,2.190000057220459,4.251434533124674,-30.214868520747636
cubic_only,5,1,cubic,30,2372.610107421875,2.059999942779541,5.40272614622057,-32.47155342388035
cubic_only,5,1,cubic,31,2273.25,1.7400000095367432,6.214689265536723,-33.421878521536705
cubic_only,5,1,cubic,32,2238.610107421875,1.7300000190734863,6.301434281683518,-33.258969618512296
cubic_only,5,1,cubic,33,2238.610107421875,1.7300000190734863,6.301434281683518,-33.258969618512296
cubic_only,5,1,cubic,34,1876.239990234375,1.8700000047683716,7.024793388429752,-30.94198667443488
cubic_only,5,1,cubic,35,1876.239990234375,1.8700000047683716,7.024793388429752,-30.94198667443488
cubic_only,5,1,cubic,36,1876.239990234375,2.109999895095825,7.023265927375516,-30.698931861998958
cubic_only,5,1,cubic,37,1843.6700439453125,2.2100000381469727,6.853002070393375,-29.932704542092903
cubic_only,5,1,cubic,38,1794.6600341796875,2.0799999237060547,6.825106642291286,-29.51681370267339
cubic_only,5,1,cubic,39,1793.8199462890625,2.069999933242798,6.823720552396425,-29.51564063444068
cubic_only,5,2,cubic,0,171.14599609375,2.369999885559082,0.0,0.658539924621582
cubic_only,5,2,cubic,1,195.79600524902344,2.4200000762939453,0.0,0.462040023803711
cubic_only,5,2,cubic,2,218.22500610351562,2.430000066757202,0.0,0.24775000572204586
cubic_only,5,2,cubic,3,240.98599243164062,2.359999895095825,0.0,-0.04986002922058086
cubic_only,5,2,cubic,4,264.4859924316406,2.3499999046325684,0.0,-0.294860019683838
cubic_only,5,2,cubic,5,292.1969909667969,2.359999895095825,0.0,-0.5619700145721436
cubic_only,5,2,cubic,6,323.5580139160156,2.430000066757202,0.0,-0.8055800724029543
cubic_only,5,2,cubic,7,351.44500732421875,2.3499999046325684,0.0,-1.1644501686096191
cubic_only,5,2,cubic,8,373.87200927734375,2.4100000858306885,0.0,-1.3287200069427492
cubic_only,5,2,cubic,9,393.23699951171875,2.359999895095825,0.0,-1.5723701000213621
cubic_only,5,2,cubic,10,450.0050048828125,2.299999952316284,0.0,-2.2000500965118412
cubic_only,5,2,cubic,11,490.2959899902344,2.4800000190734863,0.0,-2.4229598808288575
cubic_only,5,2,cubic,12,567.1740112304688,2.4800000190734863,0.0,-3.191740093231201
cubic_only,5,2,cubic,13,617.8900146484375,2.259999990463257,0.0,-3.9189001560211185
cubic_only,5,2,cubic,14,701.343017578125,2.319999933242798,0.0,-4.693430242538452
cubic_only,5,2,cubic,15,840.291015625,2.569999933242798,0.0,-5.832910223007202
cubic_only,5,2,cubic,16,887.2349853515625,2.3399999141693115,0.0,-6.532349939346313
cubic_only,5,2,cubic,17,1066.72998046875,2.5899999141693115,0.0,-8.077299890518189
cubic_only,5,2,cubic,18,1163.239990234375,2.3299999237060547,0.0,-9.302399978637695
cubic_only,5,2,cubic,19,1362.0999755859375,2.430000066757202,0.0,-11.190999689102172
cubic_only,5,2,cubic,20,1415.5899658203125,2.619999885559082,0.0,-11.535899772644044
cubic_only,5,2,cubic,21,1602.06005859375,2.3299999237060547,0.0,-13.690600662231446
cubic_only,5,2,cubic,22,1714.4200439453125,2.140000104904175,0.0,-15.004200334548951
cubic_only,5,2,cubic,23,1958.6199951171875,2.6700000762939453,0.0,-16.91619987487793
cubic_only,5,2,cubic,24,1962.3800048828125,2.680000066757202,0.0,-16.943799982070924
cubic_only,5,2,cubic,25,1962.3800048828125,2.680000066757202,0.0,-16.943799982070924
cubic_only,5,2,cubic,26,2308.1201171875,2.319999933242798,0.0,-20.761201238632204
cubic_only,5,2,cubic,27,2390.610107421875,2.2799999713897705,3.8219895287958114,-29.2700801604206
cubic_only,5,2,cubic,28,2391.8798828125,2.2899999618530273,5.201592832254853,-32.03198453078168
cubic_only,5,2,cubic,29,2391.8798828125,2.2899999618530273,5.201592832254853,-32.03198453078168
cubic_only,5,2,cubic,30,2399.93994140625,2.2799999713897705,5.615763546798029,-32.95092653626879
cubic_only,5,2,cubic,31,2154.60009765625,1.7899999618530273,6.55011655011655,-32.85623411494257
cubic_only,5,2,cubic,32,2136.31005859375,1.7799999713897705,7.622298065984073,-34.827696746515876
cubic_only,5,2,cubic,33,40.099998474121094,1.7799999713897705,7.650520597555455,-13.922041208462351
cubic_only,5,2,cubic,34,1892.4200439453125,1.899999976158142,7.621609504595382,-32.26741947248574
cubic_only,5,2,cubic,35,1877.22998046875,1.9700000286102295,7.346767422334173,-31.495834620745615
cubic_only,5,2,cubic,36,1877.22998046875,1.9700000286102295,7.346767422334173,-31.495834620745615
cubic_only,5,2,cubic,37,1855.3299560546875,2.240000009536743,7.339449541284404,-30.99219863357894
cubic_only,5,2,cubic,38,1779.5999755859375,2.259999990463257,6.889802309649638,-29.31560438469539
cubic_only,5,2,cubic,39,1779.5999755859375,2.259999990463257,6.889802309649638,-29.31560438469539
cubic_only,5,3,cubic,0,157.45899963378906,2.4100000858306885,0.0,0.8354100894927978
cubic_only,5,3,cubic,1,197.75799560546875,1.9600000381469727,0.0,-0.017579917907714737
cubic_only,5,3,cubic,2,221.7550048828125,2.390000104904175,0.0,0.17245005607605002
cubic_only,5,3,cubic,3,241.6199951171875,2.390000104904175,0.0,-0.0261998462677
cubic_only,5,3,cubic,4,266.7869873046875,2.3399999141693115,0.0,-0.3278699588775633
cubic_only,5,3,cubic,5,294.8689880371094,2.390000104904175,0.0,-0.5586897754669189
cubic_only,5,3,cubic,6,327.2640075683594,2.4000000953674316,0.0,-0.872639980316162
cubic_only,5,3,cubic,7,348.29998779296875,2.359999895095825,0.0,-1.1229999828338624
cubic_only,5,3,cubic,8,368.4200134277344,2.4000000953674316,0.0,-1.284200038909912
cubic_only,5,3,cubic,9,396.67401123046875,2.390000104904175,0.0,-1.5767400074005127
cubic_only,5,3,cubic,10,418.9530029296875,2.380000114440918,0.0,-1.8095299148559567
cubic_only,5,3,cubic,11,473.11199951171875,2.2699999809265137,0.0,-2.4611200141906737
cubic_only,5,3,cubic,12,521.85498046875,2.3499999046325684,0.0,-2.8685499000549317
cubic_only,5,3,cubic,13,620.3460083007812,2.3399999141693115,0.0,-3.8634601688385013
cubic_only,5,3,cubic,14,719.5859985351562,2.5199999809265137,0.0,-4.675860004425049
cubic_only,5,3,cubic,15,855.781005859375,2.3399999141693115,0.0,-6.217810144424439
cubic_only,5,3,cubic,16,890.2869873046875,2.5399999618530273,0.0,-6.362869911193847
cubic_only,5,3,cubic,17,1094.010009765625,2.3499999046325684,0.0,-8.590100193023682
cubic_only,5,3,cubic,18,1143.93994140625,2.559999942779541,0.0,-8.879399471282959
cubic_only,5,3,cubic,19,1263.3900146484375,2.3299999237060547,0.0,-10.30390022277832
cubic_only,5,3,cubic,20,1505.8299560546875,2.549999952316284,0.0,-12.50829960823059
cubic_only,5,3,cubic,21,1531.52001953125,2.609999895095825,0.0,-12.705200300216674
cubic_only,5,3,cubic,22,1753.8599853515625,2.319999933242798,0.0,-15.218599920272826
cubic_only,5,3,cubic,23,1753.8599853515625,2.319999933242798,0.0,-15.218599920272826
cubic_only,5,3,cubic,24,2130.469970703125,2.640000104904175,0.0,-18.664699602127076
cubic_only,5,3,cubic,25,2156.679931640625,2.6600000858306885,0.0,-18.90679923057556
cubic_only,5,3,cubic,26,2156.679931640625,2.6600000858306885,0.0,-18.90679923057556
cubic_only,5,3,cubic,27,2362.4599609375,2.4100000858306885,0.37604082728982,-21.966681178123952
cubic_only,5,3,cubic,28,2394.6201171875,2.4100000858306885,3.6098310291858677,-28.755863144416047
cubic_only,5,3,cubic,29,2396.820068359375,2.4200000762939453,5.788470700333492,-33.12514200796679
cubic_only,5,3,cubic,30,2396.820068359375,2.4200000762939453,5.788470700333492,-33.12514200796679
cubic_only,5,3,cubic,31,2291.780029296875,2.369999885559082,5.936613055818354,-32.42102651904638
cubic_only,5,3,cubic,32,1995.949951171875,1.8600000143051147,7.729468599033816,-33.55843669548127
cubic_only,5,3,cubic,33,1982.3399658203125,1.8600000143051147,7.905052264808362,-33.77350417351474
cubic_only,5,3,cubic,34,1903.969970703125,1.9900000095367432,7.945145842403135,-32.939991382300775
cubic_only,5,3,cubic,35,1900.239990234375,2.309999942779541,7.928663515255694,-32.5497269900756
cubic_only,5,3,cubic,36,1881.260009765625,2.2799999713897705,7.728006456820016,-31.98861303990651
cubic_only,5,3,cubic,37,1881.260009765625,2.2799999713897705,7.728006456820016,-31.98861303990651
cubic_only,5,3,cubic,38,1747.199951171875,1.5399999618530273,7.696945337620579,-31.325890225106882
cubic_only,5,3,cubic,39,1780.3499755859375,2.240000009536743,7.196542653137918,-29.956585052598466
cubic_only,6,0,cubic,0,165.69900512695312,2.4700000286102295,0.0,0.8130099773406982
cubic_only,6,0,cubic,1,193.88299560546875,2.430000066757202,0.0,0.4911701107025146
cubic_only,6,0,cubic,2,222.60899353027344,2.4700000286102295,0.0,0.24391009330749513
cubic_only,6,0,cubic,3,245.35400390625,2.5,0.0,0.04645996093749982
cubic_only,6,0,cubic,4,269.6029968261719,2.490000009536743,0.0,-0.20602995872497543
cubic_only,6,0,cubic,5,299.14300537109375,2.509999990463257,0.0,-0.48143006324768045
cubic_only,6,0,cubic,6,318.4840087890625,2.4200000762939453,0.0,-0.7648400115966796
cubic_only,6,0,cubic,7,351.1510009765625,2.4600000381469727,0.0,-1.0515099716186525
cubic_only,6,0,cubic,8,367.50201416015625,2.4100000858306885,0.0,-1.265020055770874
cubic_only,6,0,cubic,9,401.7550048828125,2.4800000190734863,0.0,-1.5375500297546383
cubic_only,6,0,cubic,10,421.3819885253906,2.4700000286102295,0.0,-1.7438198566436771
cubic_only,6,0,cubic,11,469.33599853515625,2.380000114440918,0.0,-2.313359870910644
cubic_only,6,0,cubic,12,532.5969848632812,2.3499999046325684,0.0,-2.9759699440002443
cubic_only,6,0,cubic,13,623.676025390625,2.5299999713897705,0.0,-3.7067602825164796
cubic_only,6,0,cubic,14,745.010986328125,2.5999999046325684,0.0,-4.850109958648682
cubic_only,6,0,cubic,15,791.2050170898438,2.380000114440918,0.0,-5.5320500564575195
cubic_only,6,0,cubic,16,940.6099853515625,2.559999942779541,0.0,-6.8460999107360845
cubic_only,6,0,cubic,17,1004.7899780273438,2.359999895095825,0.0,-7.687899885177613
cubic_only,6,0,cubic,18,1204.4100341796875,2.640000104904175,0.0,-9.4041002368927
cubic_only,6,0,cubic,19,40.05400085449219,2.569999933242798,0.0,2.169459924697876
cubic_only,6,0,cubic,20,1348.550048828125,2.359999895095825,0.0,-11.125500593185425
cubic_only,6,0,cubic,21,1628.81005859375,2.680000066757202,0.0,-13.608100519180297
cubic_only,6,0,cubic,22,1659.6199951171875,2.5899999141693115,0.0,-14.006200037002564
cubic_only,6,0,cubic,23,1897.9200439453125,2.3399999141693115,0.0,-16.63920052528381
cubic_only,6,0,cubic,24,1950.8299560546875,2.130000114440918,0.0,-17.378299446105956
cubic_only,6,0,cubic,25,2292.27001953125,2.690000057220459,0.0,-20.232700138092042
cubic_only,6,0,cubic,26,2346.340087890625,2.6500000953674316,0.08294166436273155,-20.97928411226428
cubic_only,6,0,cubic,27,2346.340087890625,2.6500000953674316,0.08294166436273155,-20.97928411226428
cubic_only,6,0,cubic,28,2389.070068359375,2.640000104904175,0.4663923182441701,-22.183485215177914
cubic_only,6,0,cubic,29,2254.3798828125,2.1500000953674316,0.7358538442019792,-21.865506421161527
cubic_only,6,0,cubic,30,2221.760009765625,1.8899999856948853,0.7219317898929549,-21.77146369174727
cubic_only,6,0,cubic,31,2114.330078125,1.840000033378601,0.9144834404349975,-21.132267628741396
cubic_only,6,0,cubic,32,1855.5899658203125,1.9199999570846558,1.0071942446043165,-18.650288190327103
cubic_only,6,0,cubic,33,1847.3399658203125,1.9700000286102295,1.1330160888284613,-18.769431807249816
cubic_only,6,0,cubic,34,1852.5,2.0,1.1317338162064283,-18.788467632412853
cubic_only,6,0,cubic,35,1865.4599609375,2.2100000381469727,1.3766644098397653,-19.19792839090756
cubic_only,6,0,cubic,36,1822.5899658203125,2.430000066757202,1.3424248881312593,-18.48074936770844
cubic_only,6,0,cubic,37,1818.68994140625,2.4200000762939453,1.3409961685823755,-18.448891674933304
cubic_only,6,0,cubic,38,1807.5899658203125,2.369999885559082,1.4009764381235406,-18.507852648891124
cubic_only,6,0,cubic,39,1668.6300048828125,1.7599999904632568,1.3314504740770627,-17.589201006518994
cubic_only,6,1,cubic,0,169.1719970703125,2.440000057220459,0.0,0.748280086517334
cubic_only,6,1,cubic,1,195.8249969482422,2.430000066757202,0.0,0.47175009727478034
cubic_only,6,1,cubic,2,215.8419952392578,2.390000104904175,0.0,0.2315801525115968
cubic_only,6,1,cubic,3,247.2220001220703,2.4600000381469727,0.0,-0.012219963073730522
cubic_only,6,1,cubic,4,271.8080139160156,2.4200000762939453,0.0,-0.298080062866211
cubic_only,6,1,cubic,5,295.3479919433594,2.4100000858306885,0.0,-0.5434798336029054
cubic_only,6,1,cubic,6,322.1600036621094,2.390000104904175,0.0,-0.8315999317169189
cubic_only,6,1,cubic,7,354.677001953125,2.440000057220459,0.0,-1.106769962310791
cubic_only,6,1,cubic,8,371.2690124511719,2.390000104904175,0.0,-1.3226900196075437
cubic_only,6,1,cubic,9,402.37200927734375,2.4000000953674316,0.0,-1.6237199974060061
cubic_only,6,1,cubic,10,429.5639953613281,2.4700000286102295,0.0,-1.8256399250030517
cubic_only,6,1,cubic,11,475.9570007324219,2.5,0.0,-2.2595700073242186
cubic_only,6,1,cubic,12,548.3410034179688,2.5299999713897705,0.0,-2.953410062789917
cubic_only,6,1,cubic,13,652.1690063476562,2.5299999713897705,0.0,-3.9916900920867917
cubic_only,6,1,cubic,14,671.7449951171875,2.359999895095825,0.0,-4.35745005607605
cubic_only,6,1,cubic,15,790.0549926757812,2.569999933242798,0.0,-5.330549993515015
cubic_only,6,1,cubic,16,967.6680297851562,2.4600000381469727,0.0,-7.2166802597045905
cubic_only,6,1,cubic,17,995.0709838867188,2.609999895095825,0.0,-7.340709943771362
cubic_only,6,1,cubic,18,1170.8199462890625,2.2200000286102295,0.0,-9.488199434280396
cubic_only,6,1,cubic,19,1300.5799560546875,2.630000114440918,0.0,-10.375799446105956
cubic_only,6,1,cubic,20,1300.5799560546875,2.630000114440918,0.0,-10.375799446105956
cubic_only,6,1,cubic,21,1598.199951171875,2.190000057220459,0.0,-13.79199945449829
cubic_only,6,1,cubic,22,1787.4300537109375,2.609999895095825,0.0,-15.264300642013549
cubic_only,6,1,cubic,23,1787.4300537109375,2.609999895095825,0.0,-15.264300642013549
cubic_only,6,1,cubic,24,2068.22998046875,2.309999942779541,0.0,-18.37229986190796
cubic_only,6,1,cubic,25,2068.22998046875,2.309999942779541,0.0,-18.37229986190796
cubic_only,6,1,cubic,26,2387.93994140625,2.2799999713897705,2.7814923776410807,-27.162384197954893
cubic_only,6,1,cubic,27,2387.070068359375,2.2699999809265137,3.513371788148925,-28.627444278965086
cubic_only,6,1,cubic,28,2387.070068359375,2.2699999809265137,3.513371788148925,-28.627444278965086
cubic_only,6,1,cubic,29,2396.760009765625,2.259999990463257,3.8870173620108837,-29.48163483121476
cubic_only,6,1,cubic,30,2134.510009765625,1.840000033378601,5.564725300636642,-30.634550665550933
cubic_only,6,1,cubic,31,2104.1298828125,1.7899999618530273,5.768332554880897,-30.787963976033765
cubic_only,6,1,cubic,32,1950.22998046875,1.7799999713897705,6.100672697749942,-29.92364522879761
cubic_only,6,1,cubic,33,1848.9200439453125,1.940000057220459,7.147643511279875,-30.844487404792417
cubic_only,6,1,cubic,34,1865.81005859375,2.0899999141693115,7.228657228657228,-31.025415129082646
cubic_only,6,1,cubic,35,1845.25,2.369999885559082,7.194705380017079,-30.47191087447508
cubic_only,6,1,cubic,36,1830.6600341796875,2.380000114440918,7.156508812911446,-30.23961785317885
cubic_only,6,1,cubic,37,1787.469970703125,2.309999942779541,6.921384276855371,-29.407468317962454
cubic_only,6,1,cubic,38,1787.469970703125,2.309999942779541,6.921384276855371,-29.407468317962454
cubic_only,6,1,cubic,39,1804.280029296875,2.3499999046325684,6.8800954464108175,-29.452991281157814
cubic_only,6,2,cubic,0,171.53399658203125,2.369999885559082,0.0,0.6546599197387695
cubic_only,6,2,cubic,1,195.8209991455078,2.380000114440918,0.0,0.42179012298583984
cubic_only,6,2,cubic,2,218.25900268554688,2.430000066757202,0.0,0.24741003990173338
cubic_only,6,2,cubic,3,240.9739990234375,2.359999895095825,0.0,-0.04974009513854982
cubic_only,6,2,cubic,4,264.4679870605469,2.3499999046325684,0.0,-0.29467996597290025
cubic_only,6,2,cubic,5,292.4070129394531,2.3499999046325684,0.0,-0.5740702247619627
cubic_only,6,2,cubic,6,324.7720031738281,2.4200000762939453,0.0,-0.8277199554443357
cubic_only,6,2,cubic,7,349.8500061035156,2.3399999141693115,0.0,-1.158500146865845
cubic_only,6,2,cubic,8,373.864013671875,2.4100000858306885,0.0,-1.3286400508880614
cubic_only,6,2,cubic,9,393.2229919433594,2.359999895095825,0.0,-1.5722300243377685
cubic_only,6,2,cubic,10,434.427001953125,2.390000104904175,0.0,-1.9542699146270754
cubic_only,6,2,cubic,11,490.2489929199219,2.5,0.0,-2.402489929199219
cubic_only,6,2,cubic,12,565.0919799804688,2.490000009536743,0.0,-3.1609197902679442
cubic_only,6,2,cubic,13,624.6909790039062,2.2799999713897705,0.0,-3.9669098186492917
cubic_only,6,2,cubic,14,702.6510009765625,2.3299999237060547,0.0,-4.69651008605957
cubic_only,6,2,cubic,15,833.5900268554688,2.569999933242798,0.0,-5.7659003353118905
cubic_only,6,2,cubic,16,889.8679809570312,2.3399999141693115,0.0,-6.558679895401001
cubic_only,6,2,cubic,17,1057.5799560546875,2.5999999046325684,0.0,-7.975799655914306
cubic_only,6,2,cubic,18,1160.4599609375,2.3399999141693115,0.0,-9.264599695205689
cubic_only,6,2,cubic,19,1356.280029296875,2.4800000190734863,0.0,-11.082800273895264
cubic_only,6,2,cubic,20,1396.8499755859375,2.630000114440918,0.0,-11.338499641418457
cubic_only,6,2,cubic,21,1588.6600341796875,2.319999933242798,0.0,-13.566600408554077
cubic_only,6,2,cubic,22,1785.1099853515625,2.190000057220459,0.0,-15.661099796295165
cubic_only,6,2,cubic,23,1939.81005859375,2.680000066757202,0.0,-16.718100519180297
cubic_only,6,2,cubic,24,1939.81005859375,2.680000066757202,0.0,-16.718100519180297
cubic_only,6,2,cubic,25,1939.81005859375,2.680000066757202,0.0,-16.718100519180297
cubic_only,6,2,cubic,26,2287.7099609375,2.299999952316284,0.0,-20.577099657058717
cubic_only,6,2,cubic,27,2394.590087890625,2.2799999713897705,4.004160166406656,-29.674221240329793
cubic_only,6,2,cubic,28,2397.419921875,2.2799999713897705,5.015045135406218,-31.724289518172668
cubic_only,6,2,cubic,29,2397.419921875,2.2799999713897705,5.015045135406218,-31.724289518172668
cubic_only,6,2,cubic,30,2239.7900390625,2.440000057220459,4.946821667078901,-29.851543667562346
cubic_only,6,2,cubic,31,1967.050048828125,1.8700000047683716,6.684733514001807,-31.16996751151649
cubic_only,6,2,cubic,32,1967.050048828125,1.8700000047683716,6.684733514001807,-31.16996751151649
cubic_only,6,2,cubic,33,1848.4200439453125,2.0,6.669640865491858,-29.82348217043684
cubic_only,6,2,cubic,34,1879.239990234375,2.3399999141693115,6.905316670196992,-30.263033328568422
cubic_only,6,2,cubic,35,1869.5899658203125,2.3399999141693115,7.123572170301142,-30.603044084636096
cubic_only,6,2,cubic,36,1822.6800537109375,2.490000009536743,7.06779311765918,-29.872386762890994
cubic_only,6,2,cubic,37,1786.47998046875,2.450000047683716,6.941914592187816,-29.298628941379416
cubic_only,6,2,cubic,38,1758.3800048828125,2.309999942779541,6.925315227934044,-29.12443056191667
cubic_only,6,2,cubic,39,1666.449951171875,2.259999990463257,6.8746389370306185,-28.15377739531673
cubic_only,6,3,cubic,0,157.56199645996094,2.4100000858306885,0.0,0.8343801212310791
cubic_only,6,3,cubic,1,197.8280029296875,1.9600000381469727,0.0,-0.018279991149902308
cubic_only,6,3,cubic,2,221.76499938964844,2.390000104904175,0.0,0.17235011100769038
cubic_only,6,3,cubic,3,241.03799438476562,2.390000104904175,0.0,-0.0203798389434815
cubic_only,6,3,cubic,4,266.7720031738281,2.3399999141693115,0.0,-0.3277201175689699
cubic_only,6,3,cubic,5,294.8630065917969,2.390000104904175,0.0,-0.5586299610137941
cubic_only,6,3,cubic,6,328.2850036621094,2.390000104904175,0.0,-0.8928499317169187
cubic_only,6,3,cubic,7,348.5409851074219,2.3499999046325684,0.0,-1.1354099464416505
cubic_only,6,3,cubic,8,377.5570068359375,2.390000104904175,0.0,-1.3855699634552003
cubic_only,6,3,cubic,9,396.7229919433594,2.390000104904175,0.0,-1.577229814529419
cubic_only,6,3,cubic,10,418.9419860839844,2.380000114440918,0.0,-1.8094197463989259
cubic_only,6,3,cubic,11,456.54998779296875,2.3399999141693115,0.0,-2.2254999637603756
cubic_only,6,3,cubic,12,515.593017578125,2.3299999237060547,0.0,-2.825930252075195
cubic_only,6,3,cubic,13,613.4650268554688,2.3299999237060547,0.0,-3.804650344848633
cubic_only,6,3,cubic,14,710.4650268554688,2.5299999713897705,0.0,-4.574650297164917
cubic_only,6,3,cubic,15,854.7540283203125,2.369999885559082,0.0,-6.177540397644043
cubic_only,6,3,cubic,16,882.52099609375,2.5299999713897705,0.0,-6.295209989547729
cubic_only,6,3,cubic,17,1090.8499755859375,2.380000114440918,0.0,-8.528499641418456
cubic_only,6,3,cubic,18,1126.6300048828125,2.5799999237060547,0.0,-8.68630012512207
cubic_only,6,3,cubic,19,1241.6300048828125,2.309999942779541,0.0,-10.106300106048584
cubic_only,6,3,cubic,20,1493.300048828125,2.5899999141693115,0.0,-12.343000574111938
cubic_only,6,3,cubic,21,1512.1400146484375,2.549999952316284,0.0,-12.57140019416809
cubic_only,6,3,cubic,22,1725.8299560546875,2.299999952316284,0.0,-14.95829960823059
cubic_only,6,3,cubic,23,1948.4000244140625,2.1600000858306885,0.0,-17.324000158309936
cubic_only,6,3,cubic,24,2118.030029296875,2.6700000762939453,0.0,-18.510300216674803
cubic_only,6,3,cubic,25,2127.280029296875,2.5799999237060547,0.0,-18.692800369262695
cubic_only,6,3,cubic,26,2127.280029296875,2.5799999237060547,0.0,-18.692800369262695
cubic_only,6,3,cubic,27,2350.389892578125,2.380000114440918,0.32529140688533476,-21.774481625111
cubic_only,6,3,cubic,28,2398.669921875,2.380000114440918,4.395880432052248,-30.39845996841358
cubic_only,6,3,cubic,29,2393.989990234375,2.4100000858306885,5.796055796055796,-33.12201140862466
cubic_only,6,3,cubic,30,2155.699951171875,2.3499999046325684,5.802292263610315,-30.811584134306813
cubic_only,6,3,cubic,31,1940.4200439453125,2.1500000953674316,5.882352941176471,-29.018906226438634
cubic_only,6,3,cubic,32,1849.1300048828125,1.899999976158142,7.641342756183746,-31.873985585037474
cubic_only,6,3,cubic,33,1849.1300048828125,1.899999976158142,7.641342756183746,-31.873985585037474
cubic_only,6,3,cubic,34,1868.1500244140625,2.1500000953674316,7.7024939306996245,-31.936488010172443
cubic_only,6,3,cubic,35,1858.75,2.369999885559082,7.608917979136838,-31.43533607271459
cubic_only,6,3,cubic,36,1851.6700439453125,2.259999990463257,7.602697731453096,-31.46209591189606
cubic_only,6,3,cubic,37,1851.6700439453125,2.069999933242798,7.5995914198161385,-31.645883345842606
cubic_only,6,3,cubic,38,1796.4100341796875,2.240000009536743,7.24581223217764,-30.21572479661541
cubic_only,6,3,cubic,39,1803.3800048828125,2.309999942779541,7.083015993907083,-29.88983209386275
cubic_only,7,0,cubic,0,165.60800170898438,2.4700000286102295,0.0,0.8139200115203857
cubic_only,7,0,cubic,1,193.77000427246094,2.440000057220459,0.0,0.5023000144958496
cubic_only,7,0,cubic,2,222.6269989013672,2.4700000286102295,0.0,0.2437300395965578
cubic_only,7,0,cubic,3,245.3459930419922,2.5,0.0,0.04654006958007795
cubic_only,7,0,cubic,4,271.8659973144531,2.4700000286102295,0.0,-0.24865994453430185
cubic_only,7,0,cubic,5,299.1210021972656,2.509999990463257,0.0,-0.48121003150939945
cubic_only,7,0,cubic,6,318.50201416015625,2.4200000762939453,0.0,-0.7650200653076173
cubic_only,7,0,cubic,7,351.0889892578125,2.4600000381469727,0.0,-1.0508898544311522
cubic_only,7,0,cubic,8,370.635986328125,2.380000114440918,0.0,-1.326359748840332
cubic_only,7,0,cubic,9,401.80999755859375,2.4800000190734863,0.0,-1.5380999565124513
cubic_only,7,0,cubic,10,423.24200439453125,2.4600000381469727,0.0,-1.77242000579834
cubic_only,7,0,cubic,11,469.6709899902344,2.380000114440918,0.0,-2.316709785461426
cubic_only,7,0,cubic,12,538.6170043945312,2.359999895095825,0.0,-3.026170148849487
cubic_only,7,0,cubic,13,625.0170288085938,2.5299999713897705,0.0,-3.7201703166961666
cubic_only,7,0,cubic,14,750.89697265625,2.5899999141693115,0.0,-4.918969812393189
cubic_only,7,0,cubic,15,801.2449951171875,2.369999885559082,0.0,-5.642450065612794
cubic_only,7,0,cubic,16,943.8309936523438,2.5399999618530273,0.0,-6.8983099746704095
cubic_only,7,0,cubic,17,1014.25,2.359999895095825,0.0,-7.782500104904175
cubic_only,7,0,cubic,18,1215.1300048828125,2.640000104904175,0.0,-9.51129994392395
cubic_only,7,0,cubic,19,1221.0999755859375,2.549999952316284,0.0,-9.66099980354309
cubic_only,7,0,cubic,20,1366.52001953125,2.359999895095825,0.0,-11.305200300216676
cubic_only,7,0,cubic,21,1638.550048828125,2.680000066757202,0.0,-13.705500421524047
cubic_only,7,0,cubic,22,1657.0699462890625,2.5799999237060547,0.0,-13.990699539184572
cubic_only,7,0,cubic,23,1856.5799560546875,2.430000066757202,0.0,-16.135799493789673
cubic_only,7,0,cubic,24,2064.02001953125,2.319999933242798,0.0,-18.3202002620697
cubic_only,7,0,cubic,25,2224.7099609375,2.859999895095825,0.0,-19.387099714279174
cubic_only,7,0,cubic,26,2262.43994140625,2.740000009536743,0.0,-19.884399404525755
cubic_only,7,0,cubic,27,2240.52001953125,2.950000047683716,0.0,-19.455200147628783
cubic_only,7,0,cubic,28,2240.52001953125,2.950000047683716,0.0,-19.455200147628783
cubic_only,7,0,cubic,29,2288.699951171875,2.9100000858306885,4.679529829230428,-29.336059084348918
cubic_only,7,0,cubic,30,2293.75,2.880000114440918,5.3255713669685205,-30.708642619496125
cubic_only,7,0,cubic,31,2142.429931640625,3.140000104904175,5.276541640178004,-28.83738249185808
cubic_only,7,0,cubic,32,1903.449951171875,2.5899999141693115,5.678556785567856,-27.80161316868515
cubic_only,7,0,cubic,33,1830.6500244140625,2.4200000762939453,7.144251415186414,-30.175002998219508
cubic_only,7,0,cubic,34,1829.260009765625,2.640000104904175,7.084785133565622,-29.822170259883322
cubic_only,7,0,cubic,35,1758.3399658203125,2.930000066757202,6.938388625592417,-28.530176842630755
cubic_only,7,0,cubic,36,1761.300048828125,3.119999885559082,6.543894153406043,-27.580788909534256
cubic_only,7,0,cubic,37,1698.760009765625,3.130000114440918,6.524064171122995,-26.905728325461325
cubic_only,7,0,cubic,38,1501.760009765625,3.2699999809265137,6.29190304280557,-24.331406202340876
cubic_only,7,0,cubic,39,1449.22998046875,3.069999933242798,6.078724464374688,-23.57974880019408
cubic_only,7,1,cubic,0,169.19900512695312,2.440000057220459,0.0,0.7480100059509278
cubic_only,7,1,cubic,1,195.74099731445312,2.440000057220459,0.0,0.48259008407592763
cubic_only,7,1,cubic,2,215.85800170898438,2.390000104904175,0.0,0.23142008781433088
cubic_only,7,1,cubic,3,248.14599609375,2.4600000381469727,0.0,-0.02145992279052722
cubic_only,7,1,cubic,4,274.8659973144531,2.4600000381469727,0.0,-0.2886599349975585
cubic_only,7,1,cubic,5,297.8559875488281,2.4100000858306885,0.0,-0.5685597896575927
cubic_only,7,1,cubic,6,322.1709899902344,2.390000104904175,0.0,-0.8317097949981691
cubic_only,7,1,cubic,7,354.76300048828125,2.440000057220459,0.0,-1.1076299476623537
cubic_only,7,1,cubic,8,373.14801025390625,2.380000114440918,0.0,-1.3514799880981445
cubic_only,7,1,cubic,9,403.8080139160156,2.4100000858306885,0.0,-1.6280800533294677
cubic_only,7,1,cubic,10,431.5169982910156,2.4600000381469727,0.0,-1.8551699447631833
cubic_only,7,1,cubic,11,476.1759948730469,2.5,0.0,-2.261759948730469
cubic_only,7,1,cubic,12,549.4400024414062,2.5199999809265137,0.0,-2.974400043487549
cubic_only,7,1,cubic,13,653.3150024414062,2.5299999713897705,0.0,-4.003150053024292
cubic_only,7,1,cubic,14,688.8679809570312,2.2300000190734863,0.0,-4.6586797904968265
cubic_only,7,1,cubic,15,795.35498046875,2.5799999237060547,0.0,-5.373549880981446
cubic_only,7,1,cubic,16,976.9990234375,2.4700000286102295,0.0,-7.29999020576477
cubic_only,7,1,cubic,17,1001.2100219726562,2.5999999046325684,0.0,-7.412100315093994
cubic_only,7,1,cubic,18,1193.1099853515625,2.2200000286102295,0.0,-9.711099824905396
cubic_only,7,1,cubic,19,1307.8900146484375,2.630000114440918,0.0,-10.448900032043458
cubic_only,7,1,cubic,20,1307.8900146484375,2.630000114440918,0.0,-10.448900032043458
cubic_only,7,1,cubic,21,1601.8599853515625,2.180000066757202,0.0,-13.838599786758422
cubic_only,7,1,cubic,22,1791.760009765625,2.6700000762939453,0.0,-15.247600021362306
cubic_only,7,1,cubic,23,1791.760009765625,2.6700000762939453,0.0,-15.247600021362306
cubic_only,7,1,cubic,24,2007.1500244140625,2.4100000858306885,0.0,-17.661500158309938
cubic_only,7,1,cubic,25,2007.1500244140625,2.4100000858306885,0.0,-17.661500158309938
cubic_only,7,1,cubic,26,2339.139892578125,2.5399999618530273,1.8959774532410967,-24.643353870410415
cubic_only,7,1,cubic,27,2341.31005859375,2.5399999618530273,2.3580121703853956,-25.589124964855262
cubic_only,7,1,cubic,28,2291.070068359375,2.609999895095825,2.772876228888329,-25.84645324627458
cubic_only,7,1,cubic,29,2291.070068359375,2.609999895095825,2.772876228888329,-25.84645324627458
cubic_only,7,1,cubic,30,2262.239990234375,2.3499999046325684,5.622581379467334,-31.51756275664585
cubic_only,7,1,cubic,31,2200.280029296875,2.190000057220459,5.612932195779075,-31.038664627306442
cubic_only,7,1,cubic,32,2133.18994140625,2.180000066757202,5.678515537670467,-30.508930422646234
cubic_only,7,1,cubic,33,40.11199951171875,2.049999952316284,7.303491111587063,-12.95810226597503
cubic_only,7,1,cubic,34,1806.3599853515625,2.130000114440918,7.344167866694096,-30.6219354724629
cubic_only,7,1,cubic,35,1769.77001953125,2.3499999046325684,7.320073815870412,-29.987847922420755
cubic_only,7,1,cubic,36,1761.68994140625,2.5899999141693115,7.220873786407767,-29.468647072708723
cubic_only,7,1,cubic,37,1742.22998046875,2.609999895095825,6.823394495412844,-28.459088900417363
cubic_only,7,1,cubic,38,1544.8800048828125,2.6500000953674316,6.802591463414634,-26.403982880289963
cubic_only,7,1,cubic,39,1422.1700439453125,2.440000057220459,6.492089470812875,-24.765879323858414
cubic_only,7,2,cubic,0,172.0679931640625,2.369999885559082,0.0,0.6493199539184571
cubic_only,7,2,cubic,1,195.58900451660156,2.380000114440918,0.0,0.42411006927490225
cubic_only,7,2,cubic,2,218.22900390625,2.430000066757202,0.0,0.24771002769470218
cubic_only,7,2,cubic,3,240.97799682617188,2.359999895095825,0.0,-0.0497800731658935
cubic_only,7,2,cubic,4,264.77398681640625,2.3299999237060547,0.0,-0.3177399444580078
cubic_only,7,2,cubic,5,292.40899658203125,2.3499999046325684,0.0,-0.5740900611877442
cubic_only,7,2,cubic,6,324.7699890136719,2.4200000762939453,0.0,-0.8276998138427736
cubic_only,7,2,cubic,7,352.89898681640625,2.3399999141693115,0.0,-1.188989953994751
cubic_only,7,2,cubic,8,375.65899658203125,2.4000000953674316,0.0,-1.356589870452881
cubic_only,7,2,cubic,9,393.7909851074219,2.359999895095825,0.0,-1.5779099559783933
cubic_only,7,2,cubic,10,437.72601318359375,2.4200000762939453,0.0,-1.9572600555419921
cubic_only,7,2,cubic,11,490.64801025390625,2.5,0.0,-2.4064801025390627
cubic_only,7,2,cubic,12,567.4329833984375,2.5,0.0,-3.174329833984375
cubic_only,7,2,cubic,13,646.4550170898438,2.299999952316284,0.0,-4.1645502185821535
cubic_only,7,2,cubic,14,711.510009765625,2.3499999046325684,0.0,-4.765100193023682
cubic_only,7,2,cubic,15,840.7160034179688,2.5799999237060547,0.0,-5.827160110473633
cubic_only,7,2,cubic,16,895.7009887695312,2.3499999046325684,0.0,-6.607009983062744
cubic_only,7,2,cubic,17,1063.1800537109375,2.609999895095825,0.0,-8.02180064201355
cubic_only,7,2,cubic,18,1163.030029296875,2.3299999237060547,0.0,-9.300300369262695
cubic_only,7,2,cubic,19,1363.260009765625,2.4700000286102295,0.0,-11.16260006904602
cubic_only,7,2,cubic,20,1408.030029296875,2.630000114440918,0.0,-11.450300178527833
cubic_only,7,2,cubic,21,1591.030029296875,2.319999933242798,0.0,-13.590300359725951
cubic_only,7,2,cubic,22,1795.72998046875,2.190000057220459,0.0,-15.767299747467042
cubic_only,7,2,cubic,23,1875.4300537109375,2.3399999141693115,0.06581112207963145,-16.54592286709933
cubic_only,7,2,cubic,24,1875.4300537109375,2.3399999141693115,0.06581112207963145,-16.54592286709933
cubic_only,7,2,cubic,25,2155.43994140625,1.940000057220459,0.06555227794165848,-19.74550391272536
cubic_only,7,2,cubic,26,2155.43994140625,1.940000057220459,0.06555227794165848,-19.74550391272536
cubic_only,7,2,cubic,27,2238.969970703125,1.399999976158142,0.061671292013567684,-21.113042314900245
cubic_only,7,2,cubic,28,2238.969970703125,1.399999976158142,0.061671292013567684,-21.113042314900245
cubic_only,7,2,cubic,29,2238.969970703125,1.399999976158142,0.061671292013567684,-21.113042314900245
cubic_only,7,2,cubic,30,2278.929931640625,1.3300000429153442,0.06140620202640467,-21.582111677543715
cubic_only,7,2,cubic,31,2137.360107421875,1.059999942779541,0.057653502450273855,-20.428908136339757
cubic_only,7,2,cubic,32,2137.360107421875,1.059999942779541,0.057653502450273855,-20.428908136339757
cubic_only,7,2,cubic,33,1936.18994140625,1.0399999618530273,0.08610792192881746,-18.494115296067108
cubic_only,7,2,cubic,34,1827.22998046875,1.2200000286102295,0.11052777010223819,-17.273355316281744
cubic_only,7,2,cubic,35,1830.1600341796875,1.2100000381469727,0.11013215859030837,-17.31186462083052
cubic_only,7,2,cubic,36,1781.25,1.4199999570846558,0.10979961570134504,-16.612099274318034
cubic_only,7,2,cubic,37,1678.3699951171875,1.0700000524520874,0.10582010582010581,-15.92534011036
cubic_only,7,2,cubic,38,1671.4100341796875,1.0299999713897705,0.10542962572482868,-15.894959621856762
cubic_only,7,2,cubic,39,1542.5799560546875,1.0499999523162842,0.10506960861570791,-14.585938825462005
cubic_only,7,3,cubic,0,157.36700439453125,2.4100000858306885,0.0,0.8363300418853761
cubic_only,7,3,cubic,1,197.6739959716797,1.9600000381469727,0.0,-0.01673992156982429
cubic_only,7,3,cubic,2,221.968994140625,2.390000104904175,0.0,0.17031016349792472
cubic_only,7,3,cubic,3,242.572998046875,2.319999933242798,0.0,-0.10573004722595236
cubic_only,7,3,cubic,4,267.2179870605469,2.319999933242798,0.0,-0.35217993736267106
cubic_only,7,3,cubic,5,294.9010009765625,2.390000104904175,0.0,-0.5590099048614503
cubic_only,7,3,cubic,6,328.29901123046875,2.390000104904175,0.0,-0.8929900074005128
cubic_only,7,3,cubic,7,348.489013671875,2.3499999046325684,0.0,-1.1348902320861818
cubic_only,7,3,cubic,8,379.364990234375,2.380000114440918,0.0,-1.4136497879028322
cubic_only,7,3,cubic,9,397.3659973144531,2.390000104904175,0.0,-1.5836598682403564
cubic_only,7,3,cubic,10,420.76300048828125,2.369999885559082,0.0,-1.8376301193237303
cubic_only,7,3,cubic,11,474.5190124511719,2.299999952316284,0.0,-2.445190172195435
cubic_only,7,3,cubic,12,521.155029296875,2.3399999141693115,0.0,-2.871550378799438
cubic_only,7,3,cubic,13,618.5130004882812,2.3399999141693115,0.0,-3.845130090713501
cubic_only,7,3,cubic,14,715.2589721679688,2.5199999809265137,0.0,-4.632589740753174
cubic_only,7,3,cubic,15,864.093017578125,2.380000114440918,0.0,-6.260930061340332
cubic_only,7,3,cubic,16,886.9390258789062,2.549999952316284,0.0,-6.319390306472778
cubic_only,7,3,cubic,17,1098.280029296875,2.390000104904175,0.0,-8.592800188064576
cubic_only,7,3,cubic,18,1134.050048828125,2.5799999237060547,0.0,-8.760500564575196
cubic_only,7,3,cubic,19,1261.2900390625,2.309999942779541,0.0,-10.30290044784546
cubic_only,7,3,cubic,20,1503.3699951171875,2.5999999046325684,0.0,-12.433700046539307
cubic_only,7,3,cubic,21,1515.8599853515625,2.609999895095825,0.0,-12.5485999584198
cubic_only,7,3,cubic,22,1753.1500244140625,2.309999942779541,0.0,-15.221500301361083
cubic_only,7,3,cubic,23,1905.5400390625,2.359999895095825,0.0,-16.695400495529174
cubic_only,7,3,cubic,24,2041.030029296875,2.7799999713897705,0.0,-17.63030032157898
cubic_only,7,3,cubic,25,2041.030029296875,2.7799999713897705,0.0,-17.63030032157898
cubic_only,7,3,cubic,26,2248.969970703125,2.440000057220459,0.18959913326110509,-20.428897916333
cubic_only,7,3,cubic,27,2260.989990234375,2.630000114440918,0.453091684434968,-20.886083156772767
cubic_only,7,3,cubic,28,2283.989990234375,2.690000057220459,4.832535885167464,-29.81497161545822
cubic_only,7,3,cubic,29,2284.1201171875,2.690000057220459,4.91412213740458,-29.9794453894637
cubic_only,7,3,cubic,30,2284.1201171875,2.690000057220459,4.91412213740458,-29.9794453894637
cubic_only,7,3,cubic,31,2112.81005859375,2.4000000953674316,4.996530187369882,-28.721160865309834
cubic_only,7,3,cubic,32,1995.6600341796875,2.0299999713897705,7.13181717818503,-32.19023472677716
cubic_only,7,3,cubic,33,1995.6600341796875,2.0299999713897705,7.13181717818503,-32.19023472677716
cubic_only,7,3,cubic,34,1832.0699462890625,2.0999999046325684,7.234230260255845,-30.689160078769746
cubic_only,7,3,cubic,35,1844.6800537109375,1.9299999475479126,6.968345018058211,-30.453490625677887
cubic_only,7,3,cubic,36,1844.6800537109375,1.9299999475479126,6.968345018058211,-30.453490625677887
cubic_only,7,3,cubic,37,1820.5,2.009999990463257,6.699346405228758,-29.59369281999426
cubic_only,7,3,cubic,38,1501.02001953125,1.1799999475479126,6.463054187192118,-26.756308622148822
cubic_only,7,3,cubic,39,1501.02001953125,1.1799999475479126,6.463054187192118,-26.756308622148822
cubic_only,8,0,cubic,0,165.74099731445312,2.4700000286102295,0.0,0.8125900554656982
cubic_only,8,0,cubic,1,193.7830047607422,2.430000066757202,0.0,0.4921700191497802
cubic_only,8,0,cubic,2,222.61700439453125,2.4700000286102295,0.0,0.243829984664917
cubic_only,8,0,cubic,3,245.3509979248047,2.5,0.0,0.046490020751952965
cubic_only,8,0,cubic,4,269.5820007324219,2.490000009536743,0.0,-0.20581999778747573
cubic_only,8,0,cubic,5,299.2149963378906,2.509999990463257,0.0,-0.48214997291564954
cubic_only,8,0,cubic,6,318.5069885253906,2.4200000762939453,0.0,-0.7650698089599608
cubic_only,8,0,cubic,7,351.03900146484375,2.4600000381469727,0.0,-1.050389976501465
cubic_only,8,0,cubic,8,368.86199951171875,2.390000104904175,0.0,-1.2986198902130126
cubic_only,8,0,cubic,9,401.8070068359375,2.4800000190734863,0.0,-1.5380700492858885
cubic_only,8,0,cubic,10,421.385986328125,2.4700000286102295,0.0,-1.7438598346710208
cubic_only,8,0,cubic,11,469.3110046386719,2.380000114440918,0.0,-2.3131099319458004
cubic_only,8,0,cubic,12,535.1019897460938,2.3399999141693115,0.0,-3.011019983291626
cubic_only,8,0,cubic,13,625.3289794921875,2.5299999713897705,0.0,-3.723289823532104
cubic_only,8,0,cubic,14,747.260986328125,2.5799999237060547,0.0,-4.892609939575196
cubic_only,8,0,cubic,15,791.989013671875,2.380000114440918,0.0,-5.539890022277832
cubic_only,8,0,cubic,16,940.5789794921875,2.559999942779541,0.0,-6.8457898521423335
cubic_only,8,0,cubic,17,1004.760009765625,2.359999895095825,0.0,-7.687600202560425
cubic_only,8,0,cubic,18,1208.3199462890625,2.630000114440918,0.0,-9.453199348449708
cubic_only,8,0,cubic,19,1224.02001953125,2.559999942779541,0.0,-9.68020025253296
cubic_only,8,0,cubic,20,1350.9200439453125,2.359999895095825,0.0,-11.1492005443573
cubic_only,8,0,cubic,21,1635.5,2.6700000762939453,0.0,-13.684999923706055
cubic_only,8,0,cubic,22,1667.8399658203125,2.569999933242798,0.0,-14.108399724960329
cubic_only,8,0,cubic,23,1898.3499755859375,2.3399999141693115,0.0,-16.643499841690062
cubic_only,8,0,cubic,24,1951.8599853515625,2.130000114440918,0.0,-17.388599739074706
cubic_only,8,0,cubic,25,2294.14990234375,2.690000057220459,0.0,-20.251498966217042
cubic_only,8,0,cubic,26,2354.239990234375,2.6700000762939453,0.0,-20.872399826049804
cubic_only,8,0,cubic,27,2354.239990234375,2.6700000762939453,0.0,-20.872399826049804
cubic_only,8,0,cubic,28,2392.10009765625,2.6600000858306885,0.32098765432098764,-21.902976199373786
cubic_only,8,0,cubic,29,2410.929931640625,2.6500000953674316,3.467799009200283,-28.394897239439384
cubic_only,8,0,cubic,30,2410.159912109375,2.6500000953674316,5.887502735828408,-33.226604497383136
cubic_only,8,0,cubic,31,2366.610107421875,2.1500000953674316,5.9580969009166305,-33.43229478068458
cubic_only,8,0,cubic,32,2173.8701171875,2.619999885559082,5.966587112171838,-31.051875510659592
cubic_only,8,0,cubic,33,1870.1199951171875,2.0799999237060547,7.897374223291241,-32.41594847404831
cubic_only,8,0,cubic,34,1867.8599853515625,2.0999999046325684,7.9342817070727305,-32.447163363028515
cubic_only,8,0,cubic,35,1865.199951171875,2.3299999237060547,8.063225290116046,-32.44845016824479
cubic_only,8,0,cubic,36,40.06100082397461,2.7100000381469727,7.625845229151015,-12.942300428394802
cubic_only,8,0,cubic,37,1812.760009765625,2.5799999237060547,7.577157641840695,-30.701915457631586
cubic_only,8,0,cubic,38,1812.760009765625,2.390000104904175,7.570162481536189,-30.877924955824454
cubic_only,8,0,cubic,39,1790.8900146484375,2.6500000953674316,7.317508477601285,-29.893917006319512
cubic_only,8,1,cubic,0,169.3070068359375,2.440000057220459,0.0,0.7469299888610841
cubic_only,8,1,cubic,1,195.50999450683594,2.440000057220459,0.0,0.4849001121520997
cubic_only,8,1,cubic,2,215.83399963378906,2.390000104904175,0.0,0.23166010856628416
cubic_only,8,1,cubic,3,247.71099853515625,2.4600000381469727,0.0,-0.017109947204589915
cubic_only,8,1,cubic,4,272.2449951171875,2.490000009536743,0.0,-0.232449941635132
cubic_only,8,1,cubic,5,297.9440002441406,2.4100000858306885,0.0,-0.5694399166107176
cubic_only,8,1,cubic,6,322.197998046875,2.390000104904175,0.0,-0.8319798755645751
cubic_only,8,1,cubic,7,354.66400146484375,2.440000057220459,0.0,-1.1066399574279786
cubic_only,8,1,cubic,8,371.3869934082031,2.390000104904175,0.0,-1.3238698291778563
cubic_only,8,1,cubic,9,403.29400634765625,2.4000000953674316,0.0,-1.632939968109131
cubic_only,8,1,cubic,10,429.5889892578125,2.4700000286102295,0.0,-1.8258898639678955
cubic_only,8,1,cubic,11,476.0150146484375,2.5,0.0,-2.260150146484375
cubic_only,8,1,cubic,12,548.3350219726562,2.5299999713897705,0.0,-2.9533502483367924
cubic_only,8,1,cubic,13,653.8660278320312,2.5299999713897705,0.0,-4.008660306930542
cubic_only,8,1,cubic,14,677.7990112304688,2.359999895095825,0.0,-4.417990217208862
cubic_only,8,1,cubic,15,792.5560302734375,2.569999933242798,0.0,-5.355560369491577
cubic_only,8,1,cubic,16,970.6710205078125,2.4800000190734863,0.0,-7.226710186004638
cubic_only,8,1,cubic,17,995.5880126953125,2.609999895095825,0.0,-7.345880231857301
cubic_only,8,1,cubic,18,1192.3800048828125,2.240000009536743,0.0,-9.683800039291382
cubic_only,8,1,cubic,19,1302.2900390625,2.630000114440918,0.0,-10.392900276184083
cubic_only,8,1,cubic,20,1368.3800048828125,2.299999952316284,0.0,-11.383800096511841
cubic_only,8,1,cubic,21,1602.93994140625,2.180000066757202,0.0,-13.849399347305297
cubic_only,8,1,cubic,22,1790.72998046875,2.609999895095825,0.0,-15.297299909591676
cubic_only,8,1,cubic,23,1790.72998046875,2.609999895095825,0.0,-15.297299909591676
cubic_only,8,1,cubic,24,2087.14990234375,2.3299999237060547,0.0,-18.541499099731446
cubic_only,8,1,cubic,25,2087.14990234375,2.3299999237060547,0.0,-18.541499099731446
cubic_only,8,1,cubic,26,2387.219970703125,2.259999990463257,2.862493311931514,-27.33718634043102
cubic_only,8,1,cubic,27,2391.510009765625,2.2699999809265137,3.56300759758973,-28.771115311909195
cubic_only,8,1,cubic,28,2391.510009765625,2.2699999809265137,3.56300759758973,-28.771115311909195
cubic_only,8,1,cubic,29,2407.72998046875,2.25,4.050567595459237,-29.928434995605972
cubic_only,8,1,cubic,30,2403.35009765625,2.180000066757202,5.5162313888210885,-32.88596368744747
cubic_only,8,1,cubic,31,2286.820068359375,1.7699999809265137,5.943152454780361,-32.984505612227956
cubic_only,8,1,cubic,32,2101.81005859375,1.7599999904632568,6.357708430367955,-31.973517456210153
cubic_only,8,1,cubic,33,2101.81005859375,1.7599999904632568,6.357708430367955,-31.973517456210153
cubic_only,8,1,cubic,34,1866.780029296875,1.8200000524520874,7.265235306874865,-31.37827085426639
cubic_only,8,1,cubic,35,1866.780029296875,1.8200000524520874,7.265235306874865,-31.37827085426639
cubic_only,8,1,cubic,36,1847.3399658203125,2.069999933242798,7.224498598231615,-30.852396921423555
cubic_only,8,1,cubic,37,1733.0400390625,2.200000047683716,6.769044251363912,-28.66848884566911
cubic_only,8,1,cubic,38,1733.0400390625,2.200000047683716,6.769044251363912,-28.66848884566911
cubic_only,8,1,cubic,39,1754.5400390625,2.1500000953674316,6.729610285255123,-28.854620865767814
cubic_only,8,2,cubic,0,171.718994140625,2.369999885559082,0.0,0.6528099441528321
cubic_only,8,2,cubic,1,195.8070068359375,2.4200000762939453,0.0,0.4619300079345703
cubic_only,8,2,cubic,2,218.21299743652344,2.430000066757202,0.0,0.24787009239196767
cubic_only,8,2,cubic,3,241.02000427246094,2.359999895095825,0.0,-0.05020014762878411
cubic_only,8,2,cubic,4,264.47698974609375,2.3499999046325684,0.0,-0.29476999282836935
cubic_only,8,2,cubic,5,292.47900390625,2.3499999046325684,0.0,-0.5747901344299318
cubic_only,8,2,cubic,6,324.760986328125,2.4200000762939453,0.0,-0.8276097869873045
cubic_only,8,2,cubic,7,351.90899658203125,2.3399999141693115,0.0,-1.1790900516510008
cubic_only,8,2,cubic,8,373.9159851074219,2.4100000858306885,0.0,-1.32915976524353
cubic_only,8,2,cubic,9,393.2820129394531,2.359999895095825,0.0,-1.5728202342987059
cubic_only,8,2,cubic,10,435.08599853515625,2.390000104904175,0.0,-1.960859880447388
cubic_only,8,2,cubic,11,490.6310119628906,2.5,0.0,-2.4063101196289063
cubic_only,8,2,cubic,12,566.7239990234375,2.509999990463257,0.0,-3.157239999771118
cubic_only,8,2,cubic,13,646.739990234375,2.299999952316284,0.0,-4.167399950027466
cubic_only,8,2,cubic,14,714.593994140625,2.3499999046325684,0.0,-4.795940036773682
cubic_only,8,2,cubic,15,833.60302734375,2.569999933242798,0.0,-5.7660303401947015
cubic_only,8,2,cubic,16,895.8209838867188,2.3399999141693115,0.0,-6.618209924697876
cubic_only,8,2,cubic,17,1057.9300537109375,2.5999999046325684,0.0,-7.979300632476807
cubic_only,8,2,cubic,18,1169.530029296875,2.3299999237060547,0.0,-9.365300369262695
cubic_only,8,2,cubic,19,1360.9599609375,2.490000009536743,0.0,-11.119599599838256
cubic_only,8,2,cubic,20,1398.989990234375,2.630000114440918,0.0,-11.359899787902831
cubic_only,8,2,cubic,21,1604.1500244140625,2.3299999237060547,0.0,-13.71150032043457
cubic_only,8,2,cubic,22,1795.3399658203125,2.2100000381469727,0.0,-15.743399620056152
cubic_only,8,2,cubic,23,1939.1500244140625,2.680000066757202,0.0,-16.711500177383424
cubic_only,8,2,cubic,24,1939.1500244140625,2.680000066757202,0.0,-16.711500177383424
cubic_only,8,2,cubic,25,1939.1500244140625,2.680000066757202,0.0,-16.711500177383424
cubic_only,8,2,cubic,26,2301.93994140625,2.309999942779541,0.0,-20.70939947128296
cubic_only,8,2,cubic,27,2398.56005859375,2.2699999809265137,4.070521130412238,-29.85664286583546
cubic_only,8,2,cubic,28,2399.75,2.2699999809265137,5.012531328320802,-31.75256267571509
cubic_only,8,2,cubic,29,2399.75,2.2699999809265137,5.012531328320802,-31.75256267571509
cubic_only,8,2,cubic,30,2409.64990234375,2.259999990463257,5.489614243323442,-32.81572751962113
cubic_only,8,2,cubic,31,2153.35009765625,1.7599999904632568,6.841372912801484,-33.456246811702215
cubic_only,8,2,cubic,32,2142.110107421875,1.75,7.440476190476191,-34.552053455171134
cubic_only,8,2,cubic,33,1924.989990234375,1.7400000095367432,7.5929283771532186,-32.69575664711344
cubic_only,8,2,cubic,34,1874.949951171875,1.909999966621399,7.459363170786016,-31.758225886669383
cubic_only,8,2,cubic,35,1860.77001953125,1.940000057220459,7.319653056907129,-31.3070062519063
cubic_only,8,2,cubic,36,1860.77001953125,1.940000057220459,7.319653056907129,-31.3070062519063
cubic_only,8,2,cubic,37,1774.300048828125,2.2100000381469727,7.24910957469097,-30.03121959951622
cubic_only,8,2,cubic,38,1717.3800048828125,2.240000009536743,6.8271507498026835,-28.588101538896748
cubic_only,8,2,cubic,39,1717.3800048828125,2.240000009536743,6.8271507498026835,-28.588101538896748
cubic_only,8,3,cubic,0,157.5330047607422,2.4000000953674316,0.0,0.8246700477600097
cubic_only,8,3,cubic,1,197.81500244140625,1.9600000381469727,0.0,-0.018149986267089746
cubic_only,8,3,cubic,2,221.7570037841797,2.390000104904175,0.0,0.17243006706237773
cubic_only,8,3,cubic,3,241.59800720214844,2.390000104904175,0.0,-0.025979967117309766
cubic_only,8,3,cubic,4,266.7909851074219,2.3399999141693115,0.0,-0.32790993690490744
cubic_only,8,3,cubic,5,294.9739990234375,2.390000104904175,0.0,-0.5597398853302002
cubic_only,8,3,cubic,6,328.4079895019531,2.390000104904175,0.0,-0.8940797901153563
cubic_only,8,3,cubic,7,348.4339904785156,2.3499999046325684,0.0,-1.134340000152588
cubic_only,8,3,cubic,8,377.5920104980469,2.390000104904175,0.0,-1.3859200000762941
cubic_only,8,3,cubic,9,396.7919921875,2.390000104904175,0.0,-1.5779198169708253
cubic_only,8,3,cubic,10,418.9410095214844,2.380000114440918,0.0,-1.8094099807739257
cubic_only,8,3,cubic,11,471.3869934082031,2.299999952316284,0.0,-2.413869981765747
cubic_only,8,3,cubic,12,516.7919921875,2.3299999237060547,0.0,-2.837919998168945
cubic_only,8,3,cubic,13,615.364013671875,2.319999933242798,0.0,-3.8336402034759525
cubic_only,8,3,cubic,14,710.697998046875,2.5299999713897705,0.0,-4.576980009078979
cubic_only,8,3,cubic,15,858.9110107421875,2.390000104904175,0.0,-6.199110002517701
cubic_only,8,3,cubic,16,883.1710205078125,2.5299999713897705,0.0,-6.301710233688354
cubic_only,8,3,cubic,17,1095.22998046875,2.4100000858306885,0.0,-8.542299718856812
cubic_only,8,3,cubic,18,1129.260009765625,2.569999933242798,0.0,-8.722600164413452
cubic_only,8,3,cubic,19,1244.050048828125,2.309999942779541,0.0,-10.13050054550171
cubic_only,8,3,cubic,20,40.077999114990234,2.5999999046325684,0.0,2.1992199134826658
cubic_only,8,3,cubic,21,1513.22998046875,2.619999885559082,0.0,-12.512299919128418
cubic_only,8,3,cubic,22,1731.0999755859375,2.299999952316284,0.0,-15.01099980354309
cubic_only,8,3,cubic,23,1956.989990234375,2.180000066757202,0.0,-17.389899835586547
cubic_only,8,3,cubic,24,2121.659912109375,2.6600000858306885,0.0,-18.556599035263062
cubic_only,8,3,cubic,25,2121.659912109375,2.6600000858306885,0.0,-18.556599035263062
cubic_only,8,3,cubic,26,2121.659912109375,2.6600000858306885,0.0,-18.556599035263062
cubic_only,8,3,cubic,27,2353.02001953125,2.380000114440918,0.2977801840822956,-21.745760449036172
cubic_only,8,3,cubic,28,2408.699951171875,2.4000000953674316,4.1740005028916265,-30.035000422134573
cubic_only,8,3,cubic,29,2410.02001953125,2.4000000953674316,5.611510791366906,-32.92322168267888
cubic_only,8,3,cubic,30,2410.02001953125,2.4000000953674316,5.611510791366906,-32.92322168267888
cubic_only,8,3,cubic,31,2312.75,2.380000114440918,5.690476190476191,-32.12845226651147
cubic_only,8,3,cubic,32,2005.2900390625,1.840000033378601,7.795639726932394,-33.80417981111118
cubic_only,8,3,cubic,33,2004.52001953125,1.840000033378601,7.795639726932394,-33.79647961579869
cubic_only,8,3,cubic,34,1893.3699951171875,1.9800000190734863,7.795639726932394,-32.544979385963174
cubic_only,8,3,cubic,35,1867.56005859375,2.2699999809265137,7.626410363560384,-31.658421332131752
cubic_only,8,3,cubic,36,1856.02001953125,2.1500000953674316,7.649938800489596,-31.71007770092426
cubic_only,8,3,cubic,37,1856.02001953125,2.1500000953674316,7.649938800489596,-31.71007770092426
cubic_only,8,3,cubic,38,1765.3900146484375,2.240000009536743,7.440476190476191,-30.29485251790001
cubic_only,8,3,cubic,39,1758.3199462890625,2.2699999809265137,7.125213756412692,-29.563626994789495
cubic_only,9,0,cubic,0,165.6320037841797,2.4700000286102295,0.0,0.8136799907684327
cubic_only,9,0,cubic,1,193.7550048828125,2.430000066757202,0.0,0.49245001792907717
cubic_only,9,0,cubic,2,222.2209930419922,2.4700000286102295,0.0,0.24779009819030762
cubic_only,9,0,cubic,3,245.51199340820312,2.5,0.0,0.04488006591796889
cubic_only,9,0,cubic,4,269.5639953613281,2.490000009536743,0.0,-0.20563994407653796
cubic_only,9,0,cubic,5,299.11199951171875,2.509999990463257,0.0,-0.4811200046539308
cubic_only,9,0,cubic,6,318.5830078125,2.4200000762939453,0.0,-0.7658300018310547
cubic_only,9,0,cubic,7,351.0920104980469,2.4600000381469727,0.0,-1.0509200668334961
cubic_only,9,0,cubic,8,370.93701171875,2.390000104904175,0.0,-1.3193700122833252
cubic_only,9,0,cubic,9,401.7239990234375,2.4800000190734863,0.0,-1.537239971160889
cubic_only,9,0,cubic,10,421.375,2.4700000286102295,0.0,-1.7437499713897706
cubic_only,9,0,cubic,11,469.48699951171875,2.380000114440918,0.0,-2.3148698806762695
cubic_only,9,0,cubic,12,532.6430053710938,2.3499999046325684,0.0,-2.976430149078369
cubic_only,9,0,cubic,13,623.3590087890625,2.5399999618530273,0.0,-3.6935901260375976
cubic_only,9,0,cubic,14,746.68701171875,2.5899999141693115,0.0,-4.876870203018188
cubic_only,9,0,cubic,15,795.6829833984375,2.390000104904175,0.0,-5.5668297290802
cubic_only,9,0,cubic,16,938.0490112304688,2.569999933242798,0.0,-6.81049017906189
cubic_only,9,0,cubic,17,1007.5599975585938,2.369999885559082,0.0,-7.705600090026856
cubic_only,9,0,cubic,18,1207.22998046875,2.640000104904175,0.0,-9.432299699783325
cubic_only,9,0,cubic,19,1217.1300048828125,2.5799999237060547,0.0,-9.59130012512207
cubic_only,9,0,cubic,20,1352.010009765625,2.369999885559082,0.0,-11.150100212097168
cubic_only,9,0,cubic,21,1633.4000244140625,2.680000066757202,0.0,-13.654000177383423
cubic_only,9,0,cubic,22,1655.8699951171875,2.5899999141693115,0.0,-13.968700037002563
cubic_only,9,0,cubic,23,1889.3800048828125,2.3399999141693115,0.0,-16.553800134658815
cubic_only,9,0,cubic,24,2054.3701171875,2.1500000953674316,0.0,-18.39370107650757
cubic_only,9,0,cubic,25,2293.2900390625,2.700000047683716,0.0,-20.232900342941285
cubic_only,9,0,cubic,26,2340.639892578125,2.6600000858306885,0.02485089463220676,-20.796100629214976
cubic_only,9,0,cubic,27,2340.639892578125,2.6600000858306885,0.02485089463220676,-20.796100629214976
cubic_only,9,0,cubic,28,2383.31005859375,2.6600000858306885,0.39555006180469715,-21.964200623716206
cubic_only,9,0,cubic,29,2404.179931640625,2.680000066757202,3.6333802156586965,-28.628559680966443
cubic_only,9,0,cubic,30,2398.77001953125,2.7200000286102295,5.710549258936355,-32.68879868457498
cubic_only,9,0,cubic,31,2186.110107421875,2.680000066757202,5.72419774501301,-30.62949649748757
cubic_only,9,0,cubic,32,2163.419921875,2.6600000858306885,5.73841489822434,-30.45102892936799
cubic_only,9,0,cubic,33,1866.27001953125,2.0799999237060547,7.865620599476967,-32.31394147056038
cubic_only,9,0,cubic,34,1869.5899658203125,2.119999885559082,7.865620599476967,-32.307140971597974
cubic_only,9,0,cubic,35,1874.6600341796875,2.390000104904175,7.884151246983105,-32.124902730858906
cubic_only,9,0,cubic,36,1823.4599609375,2.7200000286102295,7.371975239167136,-30.258550059099043
cubic_only,9,0,cubic,37,40.08100128173828,2.490000009536743,7.312988462969855,-12.53678692922035
cubic_only,9,0,cubic,38,1783.25,2.2200000286102295,7.311627906976744,-30.235755785343258
cubic_only,9,0,cubic,39,1825.77001953125,2.740000009536743,7.026640443411407,-29.57098107259857
cubic_only,9,1,cubic,0,169.3470001220703,2.440000057220459,0.0,0.7465300559997559
cubic_only,9,1,cubic,1,195.64999389648438,2.440000057220459,0.0,0.48350011825561534
cubic_only,9,1,cubic,2,215.68899536132812,2.390000104904175,0.0,0.23311015129089352
cubic_only,9,1,cubic,3,247.7270050048828,2.4600000381469727,0.0,-0.017270011901855398
cubic_only,9,1,cubic,4,272.2720031738281,2.490000009536743,0.0,-0.23272002220153798
cubic_only,9,1,cubic,5,297.1780090332031,2.4100000858306885,0.0,-0.5617800045013426
cubic_only,9,1,cubic,6,322.2030029296875,2.390000104904175,0.0,-0.8320299243927001
cubic_only,9,1,cubic,7,354.7130126953125,2.440000057220459,0.0,-1.107130069732666
cubic_only,9,1,cubic,8,372.5169982910156,2.390000104904175,0.0,-1.3351698780059813
cubic_only,9,1,cubic,9,403.5260009765625,2.4100000858306885,0.0,-1.6252599239349363
cubic_only,9,1,cubic,10,428.84100341796875,2.4700000286102295,0.0,-1.8184100055694579
cubic_only,9,1,cubic,11,476.2120056152344,2.5,0.0,-2.2621200561523436
cubic_only,9,1,cubic,12,548.31298828125,2.5299999713897705,0.0,-2.95312991142273
cubic_only,9,1,cubic,13,651.4000244140625,2.5299999713897705,0.0,-3.9840002727508548
cubic_only,9,1,cubic,14,672.030029296875,2.3499999046325684,0.0,-4.370300388336181
cubic_only,9,1,cubic,15,789.218017578125,2.569999933242798,0.0,-5.322180242538452
cubic_only,9,1,cubic,16,970.8569946289062,2.4800000190734863,0.0,-7.228569927215576
cubic_only,9,1,cubic,17,992.9710083007812,2.5899999141693115,0.0,-7.339710168838501
cubic_only,9,1,cubic,18,1190.3800048828125,2.240000009536743,0.0,-9.663800039291381
cubic_only,9,1,cubic,19,1298.18994140625,2.630000114440918,0.0,-10.351899299621582
cubic_only,9,1,cubic,20,1382.56005859375,2.299999952316284,0.0,-11.525600633621217
cubic_only,9,1,cubic,21,1630.6700439453125,2.2100000381469727,0.0,-14.096700401306151
cubic_only,9,1,cubic,22,1775.8199462890625,2.6700000762939453,0.0,-15.088199386596681
cubic_only,9,1,cubic,23,1775.8199462890625,2.6700000762939453,0.0,-15.088199386596681
cubic_only,9,1,cubic,24,2084.389892578125,2.3299999237060547,0.0,-18.513899002075195
cubic_only,9,1,cubic,25,2084.389892578125,2.3299999237060547,0.0,-18.513899002075195
cubic_only,9,1,cubic,26,2385.830078125,2.2799999713897705,2.9058917621967475,-27.390084334253725
cubic_only,9,1,cubic,27,2385.719970703125,2.2799999713897705,3.4627492130115427,-28.502698161664565
cubic_only,9,1,cubic,28,2385.719970703125,2.2799999713897705,3.4627492130115427,-28.502698161664565
cubic_only,9,1,cubic,29,2393.989990234375,2.2799999713897705,3.851124321530111,-29.362148574014203
cubic_only,9,1,cubic,30,2381.580078125,2.119999885559082,5.469506292352372,-32.634813480395664
cubic_only,9,1,cubic,31,2279.580078125,1.75,5.956848030018762,-32.959496841287525
cubic_only,9,1,cubic,32,2064.010009765625,1.75,6.225319396051104,-31.34073888975846
cubic_only,9,1,cubic,33,1997.719970703125,1.7300000190734863,6.371640407784986,-30.990480503527735
cubic_only,9,1,cubic,34,1881.1199951171875,1.909999966621399,7.176724137931035,-31.254648260412544
cubic_only,9,1,cubic,35,1881.1199951171875,1.909999966621399,7.176724137931035,-31.254648260412544
cubic_only,9,1,cubic,36,1854.18994140625,2.140000104904175,7.159649497755931,-30.721198304670185
cubic_only,9,1,cubic,37,1743.260009765625,2.299999952316284,6.730962427164958,-28.59452499966988
cubic_only,9,1,cubic,38,1743.260009765625,2.299999952316284,6.730962427164958,-28.59452499966988
cubic_only,9,1,cubic,39,1739.530029296875,2.3399999141693115,6.678628389154705,-28.412557157108846
cubic_only,9,2,cubic,0,172.2100067138672,2.369999885559082,0.0,0.6478998184204101
cubic_only,9,2,cubic,1,195.67799377441406,2.369999885559082,0.0,0.4132199478149414
cubic_only,9,2,cubic,2,218.2270050048828,2.430000066757202,0.0,0.24773001670837402
cubic_only,9,2,cubic,3,241.0500030517578,2.359999895095825,0.0,-0.05050013542175291
cubic_only,9,2,cubic,4,264.4779968261719,2.3499999046325684,0.0,-0.2947800636291502
cubic_only,9,2,cubic,5,292.3810119628906,2.3499999046325684,0.0,-0.573810214996338
cubic_only,9,2,cubic,6,324.82000732421875,2.4200000762939453,0.0,-0.8281999969482423
cubic_only,9,2,cubic,7,351.38800048828125,2.3399999141693115,0.0,-1.1738800907135012
cubic_only,9,2,cubic,8,374.0450134277344,2.4100000858306885,0.0,-1.3304500484466555
cubic_only,9,2,cubic,9,393.18701171875,2.359999895095825,0.0,-1.571870222091675
cubic_only,9,2,cubic,10,435.50299072265625,2.430000066757202,0.0,-1.9250298404693602
cubic_only,9,2,cubic,11,490.6300048828125,2.5,0.0,-2.4063000488281254
cubic_only,9,2,cubic,12,566.1799926757812,2.509999990463257,0.0,-3.1517999362945552
cubic_only,9,2,cubic,13,640.8930053710938,2.299999952316284,0.0,-4.1089301013946535
cubic_only,9,2,cubic,14,709.6090087890625,2.3299999237060547,0.0,-4.76609016418457
cubic_only,9,2,cubic,15,833.6719970703125,2.569999933242798,0.0,-5.766720037460328
cubic_only,9,2,cubic,16,889.6939697265625,2.3399999141693115,0.0,-6.556939783096313
cubic_only,9,2,cubic,17,1055.68994140625,2.5999999046325684,0.0,-7.956899509429931
cubic_only,9,2,cubic,18,1161.5999755859375,2.3399999141693115,0.0,-9.275999841690064
cubic_only,9,2,cubic,19,1362.300048828125,2.509999990463257,0.0,-11.113000497817993
cubic_only,9,2,cubic,20,1398.3599853515625,2.630000114440918,0.0,-11.353599739074706
cubic_only,9,2,cubic,21,1592.469970703125,2.309999942779541,0.0,-13.614699764251709
cubic_only,9,2,cubic,22,1801.4599609375,2.240000009536743,0.0,-15.774599599838258
cubic_only,9,2,cubic,23,1935.1199951171875,2.680000066757202,0.0,-16.671199884414673
cubic_only,9,2,cubic,24,1935.1199951171875,2.680000066757202,0.0,-16.671199884414673
cubic_only,9,2,cubic,25,1935.1199951171875,2.680000066757202,0.0,-16.671199884414673
cubic_only,9,2,cubic,26,2290.68994140625,2.299999952316284,0.0,-20.606899461746217
cubic_only,9,2,cubic,27,2388.800048828125,2.25,4.501028806584362,-30.640058101449974
cubic_only,9,2,cubic,28,2389.169921875,2.25,5.121767511925684,-31.885234242601367
cubic_only,9,2,cubic,29,2389.169921875,2.25,5.121767511925684,-31.885234242601367
cubic_only,9,2,cubic,30,2408.530029296875,2.240000009536743,5.5376210578594485,-32.920542399150904
cubic_only,9,2,cubic,31,2141.320068359375,1.75,7.170946102243812,-34.00509288808138
cubic_only,9,2,cubic,32,2130.64990234375,1.7599999904632568,7.455838495067676,-34.458176023109594
cubic_only,9,2,cubic,33,1935.56005859375,1.7300000190734863,7.571623465211459,-32.76884749728693
cubic_only,9,2,cubic,34,1892.06005859375,1.9500000476837158,7.418924922256775,-31.808450382767333
cubic_only,9,2,cubic,35,1870.81005859375,1.8899999856948853,7.572856838970432,-31.963814278183477
cubic_only,9,2,cubic,36,1870.81005859375,1.8899999856948853,7.572856838970432,-31.963814278183477
cubic_only,9,2,cubic,37,1754.47998046875,2.140000104904175,7.486855941114616,-30.378511582012557
cubic_only,9,2,cubic,38,1711.97998046875,2.119999885559082,7.063492063492063,-29.126784046112544
cubic_only,9,2,cubic,39,1711.97998046875,2.119999885559082,7.063492063492063,-29.126784046112544
cubic_only,9,3,cubic,0,157.48899841308594,2.4100000858306885,0.0,0.835110101699829
cubic_only,9,3,cubic,1,198.07400512695312,1.9299999475479126,0.0,-0.050740103721618635
cubic_only,9,3,cubic,2,221.74099731445312,2.390000104904175,0.0,0.17259013175964366
cubic_only,9,3,cubic,3,241.61199951171875,2.390000104904175,0.0,-0.026119890213012642
cubic_only,9,3,cubic,4,267.093994140625,2.319999933242798,0.0,-0.35094000816345217
cubic_only,9,3,cubic,5,294.8659973144531,2.390000104904175,0.0,-0.5586598682403565
cubic_only,9,3,cubic,6,328.489990234375,2.390000104904175,0.0,-0.8948997974395754
cubic_only,9,3,cubic,7,348.49798583984375,2.3499999046325684,0.0,-1.1349799537658694
cubic_only,9,3,cubic,8,377.5509948730469,2.390000104904175,0.0,-1.385509843826294
cubic_only,9,3,cubic,9,396.7430114746094,2.390000104904175,0.0,-1.577430009841919
cubic_only,9,3,cubic,10,419.51300048828125,2.359999895095825,0.0,-1.835130109786987
cubic_only,9,3,cubic,11,468.65399169921875,2.299999952316284,0.0,-2.3865399646759036
cubic_only,9,3,cubic,12,516.2059936523438,2.319999933242798,0.0,-2.84206000328064
cubic_only,9,3,cubic,13,613.9509887695312,2.319999933242798,0.0,-3.8195099544525144
cubic_only,9,3,cubic,14,713.0250244140625,2.5199999809265137,0.0,-4.610250263214112
cubic_only,9,3,cubic,15,857.8939819335938,2.390000104904175,0.0,-6.188939714431763
cubic_only,9,3,cubic,16,882.7869873046875,2.5299999713897705,0.0,-6.297869901657105
cubic_only,9,3,cubic,17,1091.8299560546875,2.4000000953674316,0.0,-8.518299465179444
cubic_only,9,3,cubic,18,1127.8699951171875,2.569999933242798,0.0,-8.708700017929077
cubic_only,9,3,cubic,19,1246.68994140625,2.299999952316284,0.0,-10.166899461746215
cubic_only,9,3,cubic,20,1495.8599853515625,2.609999895095825,0.0,-12.3485999584198
cubic_only,9,3,cubic,21,1510.3800048828125,2.619999885559082,0.0,-12.483800163269043
cubic_only,9,3,cubic,22,1732.199951171875,2.2899999618530273,0.0,-15.031999549865724
cubic_only,9,3,cubic,23,1960.1099853515625,2.2100000381469727,0.0,-17.39109981536865
cubic_only,9,3,cubic,24,2114.699951171875,2.6700000762939453,0.0,-18.476999435424805
cubic_only,9,3,cubic,25,2114.699951171875,2.6700000762939453,0.0,-18.476999435424805
cubic_only,9,3,cubic,26,2114.699951171875,2.6700000762939453,0.0,-18.476999435424805
cubic_only,9,3,cubic,27,2343.669921875,2.369999885559082,0.3796095444685466,-21.825918422128012
cubic_only,9,3,cubic,28,2392.169921875,2.380000114440918,4.676616915422885,-30.894932935154852
cubic_only,9,3,cubic,29,2393.510009765625,2.369999885559082,5.8441558441558445,-33.25341190040886
cubic_only,9,3,cubic,30,2393.510009765625,2.369999885559082,5.8441558441558445,-33.25341190040886
cubic_only,9,3,cubic,31,2312.6298828125,2.3499999046325684,5.882352941176471,-32.541004805845375
cubic_only,9,3,cubic,32,2008.9599609375,1.8600000143051147,7.7466342970646656,-33.72286818919922
cubic_only,9,3,cubic,33,2008.9599609375,1.8600000143051147,7.7466342970646656,-33.72286818919922
cubic_only,9,3,cubic,34,1916.949951171875,1.9600000381469727,7.848324514991182,-32.90614850355414
cubic_only,9,3,cubic,35,1862.5799560546875,2.1600000858306885,7.628004179728317,-31.72180783417282
cubic_only,9,3,cubic,36,1849.5,2.0999999046325684,7.68287699223539,-31.760754079838215
cubic_only,9,3,cubic,37,1849.5,2.059999942779541,7.675035721575831,-31.785071500372123
cubic_only,9,3,cubic,38,1707.969970703125,2.1600000858306885,7.463279078999603,-29.846257779199767
cubic_only,9,3,cubic,39,1740.030029296875,2.2799999713897705,6.9539485851673755,-29.02819749191373
ppo_only,0,0,ppo,0,187.3280029296875,2.4200000762939453,0.0,0.5467200469970703
ppo_only,0,0,ppo,1,211.10699462890625,2.009999990463257,0.6116207951070336,-1.3243115460398727
ppo_only,0,0,ppo,2,220.58099365234375,1.7899999618530273,0.4819277108433735,-1.379665396357157
ppo_only,0,0,ppo,3,248.53700256347656,1.7799999713897705,0.3937007874015748,-1.4927716290481445
ppo_only,0,0,ppo,4,273.6510009765625,1.75,0.33613445378151263,-1.6587789173286505
ppo_only,0,0,ppo,5,299.71099853515625,1.6399999856948853,0.2936857562408223,-1.944481512138322
ppo_only,0,0,ppo,6,323.96099853515625,1.600000023841858,0.26420079260237783,-2.1680115467144603
ppo_only,0,0,ppo,7,344.2879943847656,1.4900000095367432,0.24213075060532688,-2.437141435521567
ppo_only,0,0,ppo,8,367.0799865722656,1.399999976158142,0.22271714922049,-2.7162341880054943
ppo_only,0,0,ppo,9,386.4840087890625,1.3300000429153442,0.2094240837696335,-2.953688212514548
ppo_only,0,0,ppo,10,419.8689880371094,1.2000000476837158,0.1968503937007874,-3.3923906200889533
ppo_only,0,0,ppo,11,481.85101318359375,1.100000023841858,0.18552875695732837,-4.089567621908737
ppo_only,0,0,ppo,12,553.510986328125,1.0,0.17699115044247787,-4.889092164166206
ppo_only,0,0,ppo,13,584.02001953125,1.0299999713897705,0.16863406408094436,-5.147468352084618
ppo_only,0,0,ppo,14,626.1909790039062,0.9639999866485596,0.16326530612244897,-5.6244404156354015
ppo_only,0,0,ppo,15,696.416015625,1.0199999809265137,0.15491866769945778,-6.253997510722402
ppo_only,0,0,ppo,16,718.0009765625,1.059999942779541,0.14727540500736377,-6.414560632860186
ppo_only,0,0,ppo,17,722.31298828125,1.3200000524520874,0.13793103448275862,-6.178991899325929
ppo_only,0,0,ppo,18,682.656005859375,1.5800000429153442,0.12845215157353887,-5.5034643188254835
ppo_only,0,0,ppo,19,680.2999877929688,1.909999966621399,0.12135922330097088,-5.13571835791023
ppo_only,0,0,ppo,20,712.2310180664062,2.2100000381469727,0.1119194180190263,-5.136148978555142
ppo_only,0,0,ppo,21,772.583984375,2.4700000286102295,0.10152284263959391,-5.458885500418958
ppo_only,0,0,ppo,22,817.22900390625,2.690000057220459,0.09402914903620123,-5.6703482799144425
ppo_only,0,0,ppo,23,859.2479858398438,2.9000000953674316,0.0876424189307625,-5.8677646008925315
ppo_only,0,0,ppo,24,914.7239990234375,3.180000066757202,0.24115755627009647,-6.449555036017366
ppo_only,0,0,ppo,25,968.7109985351562,3.4600000381469727,0.2305032654629274,-6.688116478130444
ppo_only,0,0,ppo,26,979.0579833984375,3.4200000762939453,0.21826118588577664,-6.807102129461982
ppo_only,0,0,ppo,27,917.5360107421875,2.690000057220459,0.20761245674740483,-6.900584963696226
ppo_only,0,0,ppo,28,909.1329956054688,2.6600000858306885,0.19775873434410018,-6.8268473389121995
ppo_only,0,0,ppo,29,937.4190063476562,3.0,0.18616196090598822,-6.746513985288539
ppo_only,0,0,ppo,30,961.4240112304688,3.0899999141693115,0.17788319003854136,-6.880006578212458
ppo_only,0,0,ppo,31,994.7960205078125,3.1600000858306885,0.1685866816521495,-7.125133482551735
ppo_only,0,0,ppo,32,1020.5999755859375,3.180000066757202,0.16326530612244897,-7.3525303013470715
ppo_only,0,0,ppo,33,1057.8399658203125,3.190000057220459,0.1551991722710812,-7.698797945524829
ppo_only,0,0,ppo,34,1094.7900390625,3.1600000858306885,0.15011258443832876,-8.088125473670969
ppo_only,0,0,ppo,35,1141.6099853515625,3.109999895095825,0.1435063381966037,-8.593112634813007
ppo_only,0,0,ppo,36,1144.489990234375,3.1500000953674316,0.13956734124214934,-8.574034489460617
ppo_only,0,0,ppo,37,1129.6300048828125,3.190000057220459,0.13333333333333333,-8.372966658274333
ppo_only,0,0,ppo,38,1162.8699951171875,3.1500000953674316,0.12992637505413598,-8.738552605912716
ppo_only,0,0,ppo,39,1211.6300048828125,3.0399999618530273,0.1252871163082063,-9.32687431959151
ppo_only,0,1,ppo,0,187.6929931640625,2.4200000762939453,0.0,0.5430701446533204
ppo_only,0,1,ppo,1,206.83200073242188,2.5299999713897705,0.0,0.46167996406555156
ppo_only,0,1,ppo,2,221.822998046875,2.6600000858306885,0.0,0.4417701053619383
ppo_only,0,1,ppo,3,249.99099731445312,2.5999999046325684,0.0,0.10008993148803702
ppo_only,0,1,ppo,4,276.59698486328125,2.619999885559082,0.0,-0.14596996307373056
ppo_only,0,1,ppo,5,301.2380065917969,2.640000104904175,0.0,-0.3723799610137939
ppo_only,0,1,ppo,6,325.3139953613281,2.690000057220459,0.0,-0.5631398963928222
ppo_only,0,1,ppo,7,346.7850036621094,2.7100000381469727,0.0,-0.7578499984741209
ppo_only,0,1,ppo,8,369.5849914550781,2.740000009536743,0.0,-0.9558499050140381
ppo_only,0,1,ppo,9,392.4809875488281,2.799999952316284,0.0,-1.124809923171997
ppo_only,0,1,ppo,10,427.3030090332031,2.799999952316284,0.0,-1.473030138015747
ppo_only,0,1,ppo,11,491.364013671875,2.819999933242798,0.11467889908256881,-2.32299800164109
ppo_only,0,1,ppo,12,566.3519897460938,2.7899999618530273,0.10857763300760044,-3.090675201623111
ppo_only,0,1,ppo,13,586.7440185546875,1.9500000476837158,0.10303967027305512,-4.1235194784092695
ppo_only,0,1,ppo,14,638.7890014648438,1.7899999618530273,0.09861932938856016,-4.795128711572531
ppo_only,0,1,ppo,15,701.385986328125,1.8600000143051147,0.09341429238673517,-5.340688433749605
ppo_only,0,1,ppo,16,721.4730224609375,1.8799999952316284,0.08944543828264759,-5.513621105943042
ppo_only,0,1,ppo,17,721.3200073242188,2.0399999618530273,0.08547008547008547,-5.344140282329332
ppo_only,0,1,ppo,18,683.5289916992188,2.119999885559082,0.08176614881439084,-4.878822329061887
ppo_only,0,1,ppo,19,679.3109741210938,2.309999942779541,0.07818608287724785,-4.639481964185892
ppo_only,0,1,ppo,20,718.7459716796875,2.2300000190734863,0.074487895716946,-5.10643548915728
ppo_only,0,1,ppo,21,762.655029296875,2.0799999237060547,0.07243752263672583,-5.6914254145361465
ppo_only,0,1,ppo,22,807.3900146484375,2.0,0.06995452955578874,-6.213809205595952
ppo_only,0,1,ppo,23,861.7650146484375,1.899999976158142,0.06734006734006734,-6.852330305006367
ppo_only,0,1,ppo,24,913.0650024414062,1.7799999713897705,0.06576783952647156,-7.482185732077236
ppo_only,0,1,ppo,25,958.3629760742188,1.7000000476837158,0.06402048655569782,-8.011670686169868
ppo_only,0,1,ppo,26,975.4630126953125,1.7100000381469727,0.06228589224540641,-8.169201873296965
ppo_only,0,1,ppo,27,928.1900024414062,1.7200000286102295,0.060661207158022444,-7.683222410119877
ppo_only,0,1,ppo,28,911.7990112304688,1.8200000524520874,0.05841121495327103,-7.414812489759142
ppo_only,0,1,ppo,29,934.8660278320312,1.909999966621399,0.05711022272986865,-7.552880757158651
ppo_only,0,1,ppo,30,956.6500244140625,1.9199999570846558,0.055401662049861494,-7.757303611155693
ppo_only,0,1,ppo,31,987.8939819335938,1.9800000190734863,0.053966540744738264,-8.006872881751928
ppo_only,0,1,ppo,32,1019.3499755859375,2.0399999618530273,0.05220569042025581,-8.257911174846859
ppo_only,0,1,ppo,33,1060.1700439453125,2.109999895095825,0.10090817356205853,-8.693516891481417
ppo_only,0,1,ppo,34,1089.8299560546875,2.180000066757202,0.14884644008930786,-9.015992373968288
ppo_only,0,1,ppo,35,1140.8399658203125,2.2799999713897705,0.1459498905375821,-9.420299467888519
ppo_only,0,1,ppo,36,1142.2099609375,2.0199999809265137,0.14295925661186562,-9.688018141672217
ppo_only,0,1,ppo,37,1138.18994140625,1.7000000476837158,0.14018691588785046,-9.962273198154486
ppo_only,0,1,ppo,38,1156.47998046875,1.649999976158142,0.13695503309746634,-10.18870989472429
ppo_only,0,1,ppo,39,1207.219970703125,1.6699999570846558,0.1341381623071764,-10.670476074560948
ppo_only,0,2,ppo,0,188.16600036621094,2.4200000762939453,0.0,0.5383400726318359
ppo_only,0,2,ppo,1,206.64500427246094,2.4700000286102295,0.0,0.4035499858856202
ppo_only,0,2,ppo,2,221.92999267578125,2.559999942779541,0.0,0.3407000160217284
ppo_only,0,2,ppo,3,249.79299926757812,2.5999999046325684,0.0,0.10206991195678716
ppo_only,0,2,ppo,4,274.2359924316406,2.5899999141693115,0.0,-0.15236001014709455
ppo_only,0,2,ppo,5,300.67401123046875,2.640000104904175,0.0,-0.3667400074005127
ppo_only,0,2,ppo,6,324.2380065917969,2.6600000858306885,0.0,-0.5823799800872802
ppo_only,0,2,ppo,7,348.93701171875,2.7100000381469727,0.0,-0.7793700790405271
ppo_only,0,2,ppo,8,370.1570129394531,2.740000009536743,0.0,-0.9615701198577882
ppo_only,0,2,ppo,9,394.17498779296875,2.7699999809265137,0.0,-1.1717498970031737
ppo_only,0,2,ppo,10,426.10198974609375,2.809999942779541,0.0,-1.4510199546813967
ppo_only,0,2,ppo,11,489.9219970703125,2.819999933242798,0.0,-2.0792200374603276
ppo_only,0,2,ppo,12,560.8400268554688,2.869999885559082,0.0,-2.7384003829956054
ppo_only,0,2,ppo,13,588.333984375,3.25,0.0,-2.63333984375
ppo_only,0,2,ppo,14,651.3560180664062,3.4000000953674316,0.08964589870013447,-3.2928518826968998
ppo_only,0,2,ppo,15,691.8469848632812,2.859999895095825,0.25380710659898476,-4.566084166734957
ppo_only,0,2,ppo,16,713.2310180664062,2.369999885559082,0.24479804161566707,-5.251906378336315
ppo_only,0,2,ppo,17,720.0960083007812,2.369999885559082,0.23112480739599384,-5.293209812240718
ppo_only,0,2,ppo,18,685.2020263671875,2.5,0.22123893805309736,-4.79449813977807
ppo_only,0,2,ppo,19,678.2269897460938,2.869999885559082,0.20761245674740483,-4.327494925396666
ppo_only,0,2,ppo,20,722.8040161132812,2.859999895095825,0.19801980198019803,-4.764079869997383
ppo_only,0,2,ppo,21,773.9229736328125,2.7899999618530273,0.1893939393939394,-5.328017653262976
ppo_only,0,2,ppo,22,803.3770141601562,2.7699999809265137,0.182648401826484,-5.629066964328017
ppo_only,0,2,ppo,23,866.3469848632812,2.6700000762939453,0.17436791630340018,-6.3422056049456685
ppo_only,0,2,ppo,24,916.416015625,2.569999933242798,0.16877637130801687,-6.931712965623236
ppo_only,0,2,ppo,25,964.4959716796875,2.450000047683716,0.16286644951140064,-7.52069256813596
ppo_only,0,2,ppo,26,974.9990234375,2.4700000286102295,0.158311345646438,-7.596612897057646
ppo_only,0,2,ppo,27,935.510009765625,2.4800000190734863,0.15349194167306215,-7.182083961928887
ppo_only,0,2,ppo,28,913.5549926757812,2.5199999809265137,0.14792899408284024,-6.91140793399698
ppo_only,0,2,ppo,29,939.260986328125,2.5799999237060547,0.14357501794687724,-7.099759975468949
ppo_only,0,2,ppo,30,957.885986328125,2.5399999618530273,0.13921113689095127,-7.317282175210126
ppo_only,0,2,ppo,31,994.7650146484375,2.4600000381469727,0.13556258472661545,-7.758775277790633
ppo_only,0,2,ppo,32,1023.5999755859375,2.4100000858306885,0.13178124313639358,-8.089562156301474
ppo_only,0,2,ppo,33,1057.6800537109375,2.369999885559082,0.1288936627282492,-8.46458797700679
ppo_only,0,2,ppo,34,1093.9300537109375,2.3299999237060547,0.12526096033402923,-8.859822534071379
ppo_only,0,2,ppo,35,1141.0799560546875,2.299999952316284,0.1224239951030402,-9.355647598436672
ppo_only,0,2,ppo,36,1142.3699951171875,2.390000104904175,0.1188118811881188,-9.271323608643938
ppo_only,0,2,ppo,37,1130.010009765625,2.509999990463257,0.11571841851494696,-9.021536944222888
ppo_only,0,2,ppo,38,1161.699951171875,2.619999885559082,0.11221245558256966,-9.221424537324808
ppo_only,0,2,ppo,39,1212.989990234375,2.6600000858306885,0.10936930368209989,-9.688638423877261
ppo_only,0,3,ppo,0,187.4029998779297,2.299999952316284,0.0,0.4259699535369874
ppo_only,0,3,ppo,1,207.1820068359375,2.5299999713897705,0.0,0.4581799030303957
ppo_only,0,3,ppo,2,221.9029998779297,2.559999942779541,0.0,0.34096994400024405
ppo_only,0,3,ppo,3,250.01300048828125,2.559999942779541,0.0,0.059869937896728675
ppo_only,0,3,ppo,4,276.1000061035156,2.619999885559082,0.0,-0.14100017547607413
ppo_only,0,3,ppo,5,300.42999267578125,2.640000104904175,0.0,-0.3642998218536375
ppo_only,0,3,ppo,6,325.489990234375,2.619999885559082,0.0,-0.6349000167846679
ppo_only,0,3,ppo,7,346.3210144042969,2.6500000953674316,0.0,-0.8132100486755371
ppo_only,0,3,ppo,8,367.53399658203125,2.680000066757202,0.0,-0.9953398990631102
ppo_only,0,3,ppo,9,393.1579895019531,2.700000047683716,0.0,-1.2315798473358153
ppo_only,0,3,ppo,10,433.0589904785156,2.809999942779541,0.0,-1.520589962005615
ppo_only,0,3,ppo,11,489.4339904785156,2.8399999141693115,0.0,-2.054339990615845
ppo_only,0,3,ppo,12,561.5079956054688,2.9200000762939453,0.0,-2.6950798797607423
ppo_only,0,3,ppo,13,587.4869995117188,3.3399999141693115,0.0,-2.5348700809478757
ppo_only,0,3,ppo,14,661.958984375,3.440000057220459,0.0,-3.179589786529541
ppo_only,0,3,ppo,15,697.8489990234375,3.759999990463257,0.0,-3.2184899997711183
ppo_only,0,3,ppo,16,729.5570068359375,4.230000019073486,0.0,-3.0655700492858884
ppo_only,0,3,ppo,17,721.1099853515625,3.809999942779541,0.1444043321299639,-3.689908574996012
ppo_only,0,3,ppo,18,684.6820068359375,2.8399999141693115,0.1379786133149362,-4.282777380819936
ppo_only,0,3,ppo,19,676.2750244140625,2.3499999046325684,0.13245033112582782,-4.6776510017597115
ppo_only,0,3,ppo,20,714.4539794921875,2.259999990463257,0.1285760205721633,-5.141691845602945
ppo_only,0,3,ppo,21,767.9400024414062,2.2100000381469727,0.12410797393732548,-5.71761593414174
ppo_only,0,3,ppo,22,811.14599609375,2.1700000762939453,0.11918951132300358,-6.179838907289562
ppo_only,0,3,ppo,23,860.85400390625,2.0999999046325684,0.11634671320535195,-6.7412335608406355
ppo_only,0,3,ppo,24,902.8189697265625,2.0399999618530273,0.11325028312570781,-7.214690301664012
ppo_only,0,3,ppo,25,963.823974609375,1.9500000476837158,0.11031439602868175,-7.908868490467398
ppo_only,0,3,ppo,26,974.218994140625,1.9700000286102295,0.10738255033557047,-7.986955013467162
ppo_only,0,3,ppo,27,922.4739990234375,1.9500000476837158,0.10381520892810797,-7.482370360406875
ppo_only,0,3,ppo,28,907.801025390625,2.0199999809265137,0.10185892538833716,-7.26172812375641
ppo_only,0,3,ppo,29,932.1749877929688,1.9900000095367432,0.09928021841648052,-7.530310305225905
ppo_only,0,3,ppo,30,957.3510131835938,2.0199999809265137,0.0969227041434456,-7.747355559196316
ppo_only,0,3,ppo,31,988.969970703125,1.9700000286102295,0.09474182851729038,-8.1091833354556
ppo_only,0,3,ppo,32,1025.06005859375,1.9299999475479126,0.09195402298850575,-8.504508684366598
ppo_only,0,3,ppo,33,1059.1099853515625,1.899999976158142,0.09025270758122744,-8.871605292519938
ppo_only,0,3,ppo,34,1096.3499755859375,1.899999976158142,0.08797009016934243,-9.239439960039919
ppo_only,0,3,ppo,35,1138.719970703125,1.8600000143051147,0.08659883091578263,-9.700397354557701
ppo_only,0,3,ppo,36,1144.5799560546875,1.9900000095367432,0.08382229673093043,-9.623444144471993
ppo_only,0,3,ppo,37,1133.780029296875,2.0799999237060547,0.08233841086867023,-9.422477191000034
ppo_only,0,3,ppo,38,1166.7099609375,2.1700000762939453,0.08008008008008008,-9.657259693241215
ppo_only,0,3,ppo,39,1205.6099853515625,2.2200000286102295,0.07829320806420043,-9.992686241033798
ppo_only,1,0,ppo,0,163.8470001220703,2.440000057220459,0.0,0.8015300559997558
ppo_only,1,0,ppo,1,194.98399353027344,2.4200000762939453,0.0,0.47016014099121084
ppo_only,1,0,ppo,2,222.44500732421875,2.4700000286102295,0.0,0.24554995536804203
ppo_only,1,0,ppo,3,247.0959930419922,2.299999952316284,0.4056795131845842,-0.9823190044728058
ppo_only,1,0,ppo,4,251.27099609375,1.809999942779541,0.34782608695652173,-1.3983621920710023
ppo_only,1,0,ppo,5,279.0199890136719,1.8200000524520874,0.29985007496251875,-1.569899987609669
ppo_only,1,0,ppo,6,308.2980041503906,1.8200000524520874,0.26143790849673204,-1.7858558060452827
ppo_only,1,0,ppo,7,333.4729919433594,1.75,0.2347417840375587,-2.054213487508711
ppo_only,1,0,ppo,8,353.7879943847656,1.6799999475479126,0.2159827213822894,-2.2898454390643224
ppo_only,1,0,ppo,9,378.5480041503906,1.6100000143051147,0.19801980198019803,-2.5715196311591875
ppo_only,1,0,ppo,10,399.22198486328125,1.5,0.18518518518518517,-2.8625902190031827
ppo_only,1,0,ppo,11,429.2139892578125,1.4199999570846558,0.1737619461337967,-3.2196638277610625
ppo_only,1,0,ppo,12,450.7139892578125,1.3200000524520874,0.16515276630883569,-3.5174453727437087
ppo_only,1,0,ppo,13,508.6990051269531,1.2100000381469727,0.1564945226917058,-4.18997905850597
ppo_only,1,0,ppo,14,509.760009765625,1.25,0.14925373134328357,-4.146107560342817
ppo_only,1,0,ppo,15,560.301025390625,1.1799999475479126,0.14255167498218105,-4.708113656322699
ppo_only,1,0,ppo,16,526.677978515625,1.2799999713897705,0.1358695652173913,-4.258518944201262
ppo_only,1,0,ppo,17,545.114013671875,1.4700000286102295,0.128783000643915,-4.23870610939635
ppo_only,1,0,ppo,18,578.2329711914062,1.5499999523162842,0.12195121951219512,-4.476232198622169
ppo_only,1,0,ppo,19,612.6199951171875,1.659999966621399,0.11527377521613832,-4.696747534982753
ppo_only,1,0,ppo,20,646.64697265625,1.7999999523162842,0.10887316276537834,-4.884216099776973
ppo_only,1,0,ppo,21,679.85302734375,2.0,0.10188487009679063,-5.002300013631081
ppo_only,1,0,ppo,22,703.6580200195312,2.180000066757202,0.19559902200489,-5.24777817744789
ppo_only,1,0,ppo,23,720.1259765625,2.1500000953674316,0.18682858477347034,-5.424916839804509
ppo_only,1,0,ppo,24,689.718017578125,1.7000000476837158,0.17873100983020554,-5.554642147757945
ppo_only,1,0,ppo,25,698.9290161132812,1.8300000429153442,0.17219113215669393,-5.503672382530856
ppo_only,1,0,ppo,26,714.656982421875,1.940000057220459,0.16583747927031509,-5.538244725538921
ppo_only,1,0,ppo,27,736.5540161132812,2.0199999809265137,0.15804030027657054,-5.661620780759439
ppo_only,1,0,ppo,28,762.8289794921875,2.069999933242798,0.15117157974300832,-5.860633021165094
ppo_only,1,0,ppo,29,784.406005859375,2.069999933242798,0.14582573824279985,-6.0657116018365524
ppo_only,1,0,ppo,30,814.0700073242188,2.059999942779541,0.14109347442680775,-6.362887079316263
ppo_only,1,0,ppo,31,849.0789794921875,2.0199999809265137,0.13568521031207598,-6.742160234619513
ppo_only,1,0,ppo,32,885.2880249023438,1.9500000476837158,0.1316655694535879,-7.166211340246897
ppo_only,1,0,ppo,33,900.6729736328125,1.9700000286102295,0.12779552715654952,-7.292320762030995
ppo_only,1,0,ppo,34,883.8480224609375,1.9299999475479126,0.12360939431396786,-7.155699065689398
ppo_only,1,0,ppo,35,918.8189697265625,1.8899999856948853,0.12059089538739826,-7.539371502345535
ppo_only,1,0,ppo,36,975.1959838867188,1.7899999618530273,0.11695906432748537,-8.19587800566913
ppo_only,1,0,ppo,37,1023.2100219726562,1.7400000095367432,0.11444921316165951,-8.720998636513139
ppo_only,1,0,ppo,38,1092.469970703125,1.6399999856948853,0.11157601115760112,-9.507851743651567
ppo_only,1,0,ppo,39,1158.5,1.5800000429153442,0.1092001092001092,-10.223400175484874
ppo_only,1,1,ppo,0,165.80999755859375,2.4100000858306885,0.0,0.7519001102447509
ppo_only,1,1,ppo,1,195.73199462890625,2.390000104904175,0.0,0.43268015861511233
ppo_only,1,1,ppo,2,222.04400634765625,2.369999885559082,0.0,0.1495598220825194
ppo_only,1,1,ppo,3,247.66000366210938,2.4800000190734863,0.0,0.0033999824523927025
ppo_only,1,1,ppo,4,252.7790069580078,2.619999885559082,0.0,0.0922098159790039
ppo_only,1,1,ppo,5,281.24798583984375,2.6500000953674316,0.0,-0.16247976303100575
ppo_only,1,1,ppo,6,308.3919982910156,2.6500000953674316,0.0,-0.4339198875427246
ppo_only,1,1,ppo,7,332.2019958496094,2.619999885559082,0.0,-0.7020200729370116
ppo_only,1,1,ppo,8,354.70001220703125,2.6500000953674316,0.0,-0.897000026702881
ppo_only,1,1,ppo,9,380.906005859375,2.7200000286102295,0.0,-1.0890600299835205
ppo_only,1,1,ppo,10,401.6679992675781,2.7300000190734863,0.0,-1.2866799736022951
ppo_only,1,1,ppo,11,429.88299560546875,2.9000000953674316,0.0,-1.3988298606872558
ppo_only,1,1,ppo,12,459.5799865722656,3.2100000381469727,0.11229646266142616,-1.6103927528985365
ppo_only,1,1,ppo,13,511.1239929199219,3.0999999046325684,0.10498687664041995,-2.22121377784749
ppo_only,1,1,ppo,14,509.989990234375,2.359999895095825,0.09857072449482504,-2.9370414562375746
ppo_only,1,1,ppo,15,563.135009765625,2.2899999618530273,0.09302325581395349,-3.527396647431129
ppo_only,1,1,ppo,16,522.0780029296875,2.490000009536743,0.08699434536755112,-2.9047687104952336
ppo_only,1,1,ppo,17,549.447998046875,2.75,0.08200082000820008,-2.90848162048515
ppo_only,1,1,ppo,18,579.8079833984375,2.7300000190734863,0.078003120124805,-3.224086055160499
ppo_only,1,1,ppo,19,614.6409912109375,2.680000066757202,0.07418397626112759,-3.614777797874428
ppo_only,1,1,ppo,20,646.5560302734375,2.5899999141693115,0.07112375533428165,-4.0178078992336275
ppo_only,1,1,ppo,21,674.4390258789062,2.5,0.06879944960440317,-4.381989157997868
ppo_only,1,1,ppo,22,699.75,2.4200000762939453,0.06581112207963145,-4.709122167865317
ppo_only,1,1,ppo,23,722.6669921875,2.4100000858306885,0.06297229219143577,-4.942614420427183
ppo_only,1,1,ppo,24,688.9030151367188,2.359999895095825,0.06062443164595332,-4.650279119563269
ppo_only,1,1,ppo,25,700.2949829101562,2.4600000381469727,0.05868544600938967,-4.660320682973369
ppo_only,1,1,ppo,26,713.52001953125,2.4100000858306885,0.05717552887364208,-4.839551167229096
ppo_only,1,1,ppo,27,735.968017578125,2.3499999046325684,0.05492996429552321,-5.119540199739728
ppo_only,1,1,ppo,28,764.0490112304688,2.3499999046325684,0.052854122621564484,-5.396198452915248
ppo_only,1,1,ppo,29,788.2830200195312,2.3299999237060547,0.051440329218107,-5.655710934925471
ppo_only,1,1,ppo,30,810.2579956054688,2.299999952316284,0.050226017076845805,-5.903032037892096
ppo_only,1,1,ppo,31,853.4340209960938,2.359999895095825,0.048088482808367396,-6.270517280481847
ppo_only,1,1,ppo,32,889.0349731445312,2.369999885559082,0.046948356807511735,-6.614246559501254
ppo_only,1,1,ppo,33,896.583984375,2.549999952316284,0.04547521600727603,-6.506790323448268
ppo_only,1,1,ppo,34,885.4420166015625,2.759999990463257,0.04363001745200698,-6.181680210456383
ppo_only,1,1,ppo,35,916.708984375,2.8499999046325684,0.04269854824935952,-6.402487035616151
ppo_only,1,1,ppo,36,978.1480102539062,3.059999942779541,0.04038772213247173,-6.802255604024465
ppo_only,1,1,ppo,37,1032.8599853515625,3.069999933242798,0.07911392405063292,-7.416827768374093
ppo_only,1,1,ppo,38,1097.97998046875,3.2699999809265137,0.07686395080707148,-7.86352772537513
ppo_only,1,1,ppo,39,1161.6600341796875,3.2300000190734863,0.07604562737642585,-8.538691577476241
ppo_only,1,2,ppo,0,167.5279998779297,2.4000000953674316,0.0,0.7247200965881349
ppo_only,1,2,ppo,1,195.8280029296875,2.390000104904175,0.0,0.43172007560729986
ppo_only,1,2,ppo,2,222.4080047607422,2.369999885559082,0.0,0.1459198379516602
ppo_only,1,2,ppo,3,245.75399780273438,2.430000066757202,0.0,-0.02753991127014155
ppo_only,1,2,ppo,4,255.16099548339844,2.640000104904175,0.0,0.08839015007019047
ppo_only,1,2,ppo,5,285.03900146484375,2.619999885559082,0.0,-0.23039012908935552
ppo_only,1,2,ppo,6,309.74798583984375,2.559999942779541,0.0,-0.5374799156188965
ppo_only,1,2,ppo,7,334.34600830078125,2.609999895095825,0.0,-0.7334601879119873
ppo_only,1,2,ppo,8,357.6470031738281,2.6500000953674316,0.0,-0.9264699363708497
ppo_only,1,2,ppo,9,380.3089904785156,2.6700000762939453,0.0,-1.1330898284912108
ppo_only,1,2,ppo,10,404.8840026855469,2.680000066757202,0.14054813773717498,-1.6499362355726168
ppo_only,1,2,ppo,11,427.75,2.3399999141693115,0.1330671989354624,-2.203634483701613
ppo_only,1,2,ppo,12,458.3370056152344,1.8200000524520874,0.12437810945273632,-3.012126222605729
ppo_only,1,2,ppo,13,512.81298828125,1.8300000429153442,0.11764705882352941,-3.5334239575442146
ppo_only,1,2,ppo,14,509.2139892578125,1.940000057220459,0.11123470522803114,-3.374609245813728
ppo_only,1,2,ppo,15,560.2369995117188,1.8899999856948853,0.10570824524312897,-3.9237864999085597
ppo_only,1,2,ppo,16,523.9810180664062,1.9500000476837158,0.10025062656641603,-3.490311386113179
ppo_only,1,2,ppo,17,545.0969848632812,2.0799999237060547,0.09541984732824428,-3.5618096195832463
ppo_only,1,2,ppo,18,576.6749877929688,2.0,0.09111617312072894,-3.9489822241711448
ppo_only,1,2,ppo,19,612.9500122070312,1.9199999570846558,0.08722197993894461,-4.383944124863546
ppo_only,1,2,ppo,20,646.4119873046875,1.8200000524520874,0.08406893652795293,-4.812257693650693
ppo_only,1,2,ppo,21,667.8980102539062,1.7599999904632568,0.08156606851549755,-5.082112249106801
ppo_only,1,2,ppo,22,703.2319946289062,1.6699999570846558,0.07833920877399138,-5.51899840675239
ppo_only,1,2,ppo,23,721.7639770507812,1.6699999570846558,0.0764525993883792,-5.700545012199915
ppo_only,1,2,ppo,24,693.4769897460938,1.6799999475479126,0.07369196757553427,-5.402153885064093
ppo_only,1,2,ppo,25,697.9099731445312,1.7799999713897705,0.07158196134574088,-5.342263682747024
ppo_only,1,2,ppo,26,714.156005859375,1.8200000524520874,0.06901311249137336,-5.45958623112441
ppo_only,1,2,ppo,27,741.281005859375,1.8799999952316284,0.06615944426066821,-5.6651289518834576
ppo_only,1,2,ppo,28,761.593017578125,1.9600000381469727,0.06430868167202572,-5.784547500978329
ppo_only,1,2,ppo,29,785.8660278320312,2.0399999618530273,0.062131096613855234,-5.942922509694995
ppo_only,1,2,ppo,30,819.8590087890625,2.200000047683716,0.05924170616113744,-6.117073452529185
ppo_only,1,2,ppo,31,849.27099609375,2.2799999713897705,0.11544011544011544,-6.443590220427961
ppo_only,1,2,ppo,32,882.64501953125,2.4100000858306885,0.11309018942606729,-6.642630488333946
ppo_only,1,2,ppo,33,892.7979736328125,2.109999895095825,0.1092001092001092,-7.036380059632517
ppo_only,1,2,ppo,34,885.2969970703125,1.7699999809265137,0.10666666666666667,-7.296303323109944
ppo_only,1,2,ppo,35,910.655029296875,1.809999942779541,0.10430247718383312,-7.505155304556875
ppo_only,1,2,ppo,36,966.8779907226562,1.7899999618530273,0.10191082802547771,-8.082601601424491
ppo_only,1,2,ppo,37,1004.3300170898438,1.8300000429153442,0.09972575417601595,-8.412751636335125
ppo_only,1,2,ppo,38,1078.489990234375,1.7799999713897705,0.09737098344693282,-9.199641897847844
ppo_only,1,2,ppo,39,1131.72998046875,1.7899999618530273,0.09528346831824679,-9.717866779470967
ppo_only,1,3,ppo,0,166.81100463867188,2.3399999141693115,0.0,0.6718898677825929
ppo_only,1,3,ppo,1,194.98699951171875,2.3499999046325684,0.0,0.40012990951538097
ppo_only,1,3,ppo,2,221.81500244140625,2.390000104904175,0.0,0.1718500804901124
ppo_only,1,3,ppo,3,244.822998046875,2.430000066757202,0.0,-0.01822991371154803
ppo_only,1,3,ppo,4,255.08399963378906,2.549999952316284,0.0,-0.0008400440216065341
ppo_only,1,3,ppo,5,283.4779968261719,2.5,0.0,-0.33477996826171896
ppo_only,1,3,ppo,6,309.31201171875,2.559999942779541,0.0,-0.533120174407959
ppo_only,1,3,ppo,7,330.41400146484375,2.390000104904175,0.0,-0.9141399097442626
ppo_only,1,3,ppo,8,357.5889892578125,2.5799999237060547,0.0,-0.9958899688720702
ppo_only,1,3,ppo,9,375.9159851074219,2.630000114440918,0.0,-1.1291597366333006
ppo_only,1,3,ppo,10,402.2900085449219,2.680000066757202,0.0,-1.342900018692017
ppo_only,1,3,ppo,11,429.2980041503906,2.950000047683716,0.0,-1.3429799938201903
ppo_only,1,3,ppo,12,455.0069885253906,3.2200000286102295,0.0,-1.3300698566436768
ppo_only,1,3,ppo,13,514.4760131835938,3.109999895095825,0.0,-2.0347602367401123
ppo_only,1,3,ppo,14,513.3270263671875,4.019999980926514,0.0,-1.1132702827453613
ppo_only,1,3,ppo,15,565.1799926757812,4.21999979019165,0.08737439930100481,-1.6065489351681714
ppo_only,1,3,ppo,16,526.9810180664062,3.0,0.08163265306122448,-2.433075486786512
ppo_only,1,3,ppo,17,545.64501953125,3.240000009536743,0.0764525993883792,-2.369355384552515
ppo_only,1,3,ppo,18,581.4650268554688,3.2799999713897705,0.07158196134574088,-2.6778142198563986
ppo_only,1,3,ppo,19,608.719970703125,3.309999942779541,0.06763611768684477,-2.912471999625398
ppo_only,1,3,ppo,20,642.64599609375,3.3499999046325684,0.06345177664974619,-3.203363609604424
ppo_only,1,3,ppo,21,678.1500244140625,3.3399999141693115,0.05977286312014345,-3.561046056211601
ppo_only,1,3,ppo,22,707.7780151367188,3.299999952316284,0.05735589331803843,-3.8924919856869806
ppo_only,1,3,ppo,23,716.1090087890625,3.3299999237060547,0.055020632737276476,-3.9411314296591233
ppo_only,1,3,ppo,24,691.3410034179688,3.3499999046325684,0.052742616033755275,-3.6688953616146294
ppo_only,1,3,ppo,25,702.593994140625,3.490000009536743,0.05015045135406219,-3.6362408345776314
ppo_only,1,3,ppo,26,716.8469848632812,3.4100000858306885,0.04788125448886761,-3.8542322717798596
ppo_only,1,3,ppo,27,741.885986328125,3.2899999618530273,0.046500813764240874,-4.221861528956705
ppo_only,1,3,ppo,28,762.552001953125,3.200000047683716,0.04506534474988734,-4.515650661347309
ppo_only,1,3,ppo,29,787.1829833984375,3.119999885559082,0.04328067517853278,-4.8383912987823585
ppo_only,1,3,ppo,30,821.1610107421875,3.0,0.04189359028068706,-5.295397287983248
ppo_only,1,3,ppo,31,848.6279907226562,2.9200000762939453,0.04103405826836274,-5.648347947469342
ppo_only,1,3,ppo,32,883.7459716796875,2.8399999141693115,0.039510075069142635,-6.076479952765849
ppo_only,1,3,ppo,33,887.5770263671875,2.930000066757202,0.03854307188282906,-6.022856340680331
ppo_only,1,3,ppo,34,887.114990234375,2.799999952316284,0.03757985719654265,-6.146309664420552
ppo_only,1,3,ppo,35,920.89697265625,3.0299999713897705,0.036003600360036005,-6.250976955892802
ppo_only,1,3,ppo,36,971.427001953125,2.9000000953674316,0.03554291807357384,-6.885355760310967
ppo_only,1,3,ppo,37,1023.8200073242188,2.990000009536743,0.03408316291751875,-7.316366389540482
ppo_only,1,3,ppo,38,1098.52001953125,2.890000104904175,0.03354579000335458,-8.162291670415033
ppo_only,1,3,ppo,39,1157.719970703125,2.990000009536743,0.032133676092544985,-8.651467049679596
ppo_only,2,0,ppo,0,164.91600036621094,2.4100000858306885,0.0,0.760840082168579
ppo_only,2,0,ppo,1,194.92300415039062,2.4200000762939453,0.0,0.470770034790039
ppo_only,2,0,ppo,2,224.427001953125,2.440000057220459,0.0,0.19573003768920882
ppo_only,2,0,ppo,3,249.7949981689453,2.450000047683716,0.0,-0.047949934005737216
ppo_only,2,0,ppo,4,274.2200012207031,2.4100000858306885,0.0,-0.3321999263763429
ppo_only,2,0,ppo,5,299.90399169921875,2.5,0.0,-0.4990399169921873
ppo_only,2,0,ppo,6,303.95599365234375,2.6700000762939453,0.0,-0.3695598602294923
ppo_only,2,0,ppo,7,331.08099365234375,2.5999999046325684,0.0,-0.710810031890869
ppo_only,2,0,ppo,8,360.23199462890625,2.619999885559082,0.0,-0.9823200607299807
ppo_only,2,0,ppo,9,384.0920104980469,2.619999885559082,0.0,-1.2209202194213868
ppo_only,2,0,ppo,10,413.96600341796875,2.6700000762939453,0.0,-1.4696599578857423
ppo_only,2,0,ppo,11,447.9540100097656,2.869999885559082,0.0,-1.6095402145385744
ppo_only,2,0,ppo,12,469.4010009765625,3.1600000858306885,0.0,-1.5340099239349367
ppo_only,2,0,ppo,13,509.50799560546875,3.5,0.0,-1.595079956054687
ppo_only,2,0,ppo,14,576.8599853515625,3.5899999141693115,0.0,-2.178599939346314
ppo_only,2,0,ppo,15,637.1640014648438,3.7100000381469727,0.0,-2.6616399765014647
ppo_only,2,0,ppo,16,731.531005859375,3.8499999046325684,0.0779423226812159,-3.621194799323613
ppo_only,2,0,ppo,17,778.0430297851562,3.640000104904175,0.14958863126402394,-4.439607455475436
ppo_only,2,0,ppo,18,784.583984375,2.8499999046325684,0.14301036825169824,-5.281860675620829
ppo_only,2,0,ppo,19,821.75,2.5999999046325684,0.13559322033898305,-5.888686536045397
ppo_only,2,0,ppo,20,888.5180053710938,2.450000047683716,0.13042060645582002,-6.696021218938862
ppo_only,2,0,ppo,21,954.4719848632812,2.3299999237060547,0.1261431725007884,-7.467006269928335
ppo_only,2,0,ppo,22,1045.949951171875,2.259999990463257,0.12124886329190664,-8.441997247839307
ppo_only,2,0,ppo,23,1122.4100341796875,2.200000047683716,0.1174053419430584,-9.258910977999276
ppo_only,2,0,ppo,24,1058.47998046875,2.4700000286102295,0.11201344161299356,-8.338826659303257
ppo_only,2,0,ppo,25,1022.6400146484375,2.5,0.10893246187363835,-7.944265070231651
ppo_only,2,0,ppo,26,1056.7900390625,2.7200000286102295,0.10403120936280884,-8.055962780740389
ppo_only,2,0,ppo,27,1105.8399658203125,2.640000104904175,0.1016002032004064,-8.621599959699763
ppo_only,2,0,ppo,28,1089.0699462890625,2.759999990463257,0.09685230024213075,-8.32440407291163
ppo_only,2,0,ppo,29,1080.3599853515625,2.740000009536743,0.09489916963226572,-8.253398183243412
ppo_only,2,0,ppo,30,1085.699951171875,2.809999942779541,0.09090909090909091,-8.22881775075739
ppo_only,2,0,ppo,31,1071.3199462890625,2.8499999046325684,0.08908685968819599,-8.041373277634449
ppo_only,2,0,ppo,32,1107.5699462890625,2.7699999809265137,0.08565310492505353,-8.477005691814218
ppo_only,2,0,ppo,33,1103.5899658203125,2.809999942779541,0.08399832003359933,-8.393896355490782
ppo_only,2,0,ppo,34,1135.4200439453125,2.7300000190734863,0.08102086287218958,-8.786242146124017
ppo_only,2,0,ppo,35,1164.3399658203125,2.6600000858306885,0.07960199004975124,-9.14260355247194
ppo_only,2,0,ppo,36,1209.0699462890625,2.5999999046325684,0.07699711260827719,-9.64469378347461
ppo_only,2,0,ppo,37,1247.510009765625,2.509999990463257,0.07574323044877863,-10.11658656809055
ppo_only,2,0,ppo,38,1319.0400390625,2.430000066757202,0.07356998344675372,-10.907540290761304
ppo_only,2,0,ppo,39,1380.739990234375,2.4100000858306885,0.07158196134574088,-11.540563739204543
ppo_only,2,1,ppo,0,165.7050018310547,2.4100000858306885,0.0,0.7529500675201417
ppo_only,2,1,ppo,1,195.8489990234375,2.4000000953674316,0.0,0.44151010513305655
ppo_only,2,1,ppo,2,223.67599487304688,2.440000057220459,0.0,0.2032401084899904
ppo_only,2,1,ppo,3,250.16000366210938,2.450000047683716,0.0,-0.051599988937377717
ppo_only,2,1,ppo,4,274.7980041503906,2.450000047683716,0.0,-0.29797999382019036
ppo_only,2,1,ppo,5,300.02099609375,2.4200000762939453,0.0,-0.5802098846435548
ppo_only,2,1,ppo,6,304.7229919433594,2.5999999046325684,0.0,-0.44723001480102553
ppo_only,2,1,ppo,7,331.86700439453125,2.619999885559082,0.0,-0.6986701583862303
ppo_only,2,1,ppo,8,360.6570129394531,2.619999885559082,0.0,-0.9865702438354491
ppo_only,2,1,ppo,9,385.9230041503906,2.630000114440918,0.0,-1.2292299270629883
ppo_only,2,1,ppo,10,416.34600830078125,2.5799999237060547,0.14154281670205238,-1.866545792705863
ppo_only,2,1,ppo,11,446.6759948730469,2.240000009536743,0.19986675549633579,-2.6264934501863975
ppo_only,2,1,ppo,12,465.0740051269531,1.6799999475479126,0.19292604501607716,-3.356592193753773
ppo_only,2,1,ppo,13,495.2019958496094,1.159999966621399,0.186219739292365,-4.164459470459425
ppo_only,2,1,ppo,14,558.5360107421875,1.0800000429153442,0.17985611510791366,-4.865072294722358
ppo_only,2,1,ppo,15,637.198974609375,1.0099999904632568,0.17391304347826086,-5.709815842587014
ppo_only,2,1,ppo,16,708.4660034179688,0.9470000267028809,0.16930022573363432,-6.4762604589440755
ppo_only,2,1,ppo,17,771.85302734375,0.906000018119812,0.1652892561983471,-7.143108767714382
ppo_only,2,1,ppo,18,773.2310180664062,0.8999999761581421,0.16216216216216217,-7.156634528830245
ppo_only,2,1,ppo,19,818.0460205078125,0.8629999756813049,0.15739769150052466,-7.63225561239787
ppo_only,2,1,ppo,20,877.8209838867188,0.7860000133514404,0.15479876160990713,-8.301807348735561
ppo_only,2,1,ppo,21,942.6900024414062,0.746999979019165,0.15220700152207,-8.984314048439037
ppo_only,2,1,ppo,22,1026.52001953125,0.6809999942779541,0.14977533699450823,-9.883750875023562
ppo_only,2,1,ppo,23,1109.0899658203125,0.6439999938011169,0.14705882352941177,-10.741017311460832
ppo_only,2,1,ppo,24,1102.0699462890625,0.699999988079071,0.14443909484833894,-10.609577664508233
ppo_only,2,1,ppo,25,1030.18994140625,0.7120000123977661,0.1413760603204524,-9.87265152230564
ppo_only,2,1,ppo,26,1051.3399658203125,0.8090000152587891,0.13831258644536654,-9.98102481583507
ppo_only,2,1,ppo,27,1087.97998046875,0.8309999704360962,0.135013501350135,-10.318826836951676
ppo_only,2,1,ppo,28,1113.550048828125,0.9599999785423279,0.13100436681222707,-10.437509243363376
ppo_only,2,1,ppo,29,1097.3599853515625,1.0399999618530273,0.12728044123886295,-10.188160774140323
ppo_only,2,1,ppo,30,1086.760009765625,1.2999999523162842,0.12135922330097088,-9.810318591941908
ppo_only,2,1,ppo,31,1078.4200439453125,1.4500000476837158,0.1180637544273908,-9.570327900624191
ppo_only,2,1,ppo,32,1108.760009765625,1.7300000190734863,0.11115227862171174,-9.579904635826187
ppo_only,2,1,ppo,33,1104.8800048828125,1.9700000286102295,0.10702818408847663,-9.29285638839485
ppo_only,2,1,ppo,34,1137.5400390625,2.259999990463257,0.10050251256281408,-9.316405425287371
ppo_only,2,1,ppo,35,1165.469970703125,2.4800000190734863,0.09578544061302682,-9.366270569183818
ppo_only,2,1,ppo,36,1201.300048828125,2.819999933242798,0.08952551477170993,-9.372051584581872
ppo_only,2,1,ppo,37,1262.5400390625,3.0799999237060547,0.14236902050113895,-9.830138507921223
ppo_only,2,1,ppo,38,1332.75,3.3399999141693115,0.21971985718209283,-10.426939800194875
ppo_only,2,1,ppo,39,1378.9200439453125,3.4100000858306885,0.21242697822623474,-10.804054310074907
ppo_only,2,2,ppo,0,168.13299560546875,2.4100000858306885,0.0,0.728670129776001
ppo_only,2,2,ppo,1,196.3699951171875,2.4000000953674316,0.0,0.43630014419555674
ppo_only,2,2,ppo,2,223.35400390625,2.3399999141693115,0.0,0.10645987510681154
ppo_only,2,2,ppo,3,251.8179931640625,2.4000000953674316,0.0,-0.1181798362731934
ppo_only,2,2,ppo,4,276.0889892578125,2.380000114440918,0.0,-0.3808897781372069
ppo_only,2,2,ppo,5,298.6499938964844,2.380000114440918,0.0,-0.6064998245239259
ppo_only,2,2,ppo,6,303.8970031738281,2.5999999046325684,0.0,-0.4389701271057129
ppo_only,2,2,ppo,7,327.3389892578125,2.4000000953674316,0.0,-0.8733897972106934
ppo_only,2,2,ppo,8,360.71099853515625,2.549999952316284,0.0,-1.0571100330352783
ppo_only,2,2,ppo,9,382.6499938964844,2.5899999141693115,0.0,-1.2365000247955322
ppo_only,2,2,ppo,10,414.625,2.619999885559082,0.0,-1.5262501144409182
ppo_only,2,2,ppo,11,445.83099365234375,2.869999885559082,0.0,-1.5883100509643553
ppo_only,2,2,ppo,12,471.989990234375,3.190000057220459,0.0,-1.5298998451232908
ppo_only,2,2,ppo,13,504.40399169921875,3.5,0.0,-1.5440399169921877
ppo_only,2,2,ppo,14,572.802978515625,3.6500000953674316,0.0,-2.078029689788818
ppo_only,2,2,ppo,15,654.7750244140625,3.7899999618530273,0.0,-2.7577502822875974
ppo_only,2,2,ppo,16,723.93798828125,3.75,0.0,-3.4893798828125
ppo_only,2,2,ppo,17,785.0700073242188,4.070000171661377,0.0,-3.7806999015808103
ppo_only,2,2,ppo,18,796.5059814453125,4.800000190734863,0.0,-3.1650596237182613
ppo_only,2,2,ppo,19,831.5709838867188,5.139999866485596,0.0,-3.1757099723815916
ppo_only,2,2,ppo,20,901.822021484375,5.360000133514404,0.0,-3.658220081329345
ppo_only,2,2,ppo,21,984.7069702148438,5.579999923706055,0.09784735812133072,-4.462764494685045
ppo_only,2,2,ppo,22,1064.93994140625,5.690000057220459,0.1873536299765808,-5.334106616795204
ppo_only,2,2,ppo,23,1132.8199462890625,5.699999809265137,0.17809439002671415,-5.984388433678917
ppo_only,2,2,ppo,24,1056.8399658203125,4.949999809265137,0.17003188097768332,-5.9584636108933555
ppo_only,2,2,ppo,25,1019.9500122070312,4.300000190734863,0.18141503729086877,-6.262330005917185
ppo_only,2,2,ppo,26,1058.699951171875,4.460000038146973,0.17678255745433116,-6.48056458848044
ppo_only,2,2,ppo,27,1114.3800048828125,4.28000020980835,0.17120030435609662,-7.206200447731968
ppo_only,2,2,ppo,28,1090.4100341796875,3.7799999713897705,0.1668520578420467,-7.457804486091198
ppo_only,2,2,ppo,29,1078.06005859375,3.069999933242798,0.16134815346002152,-8.033296959614745
ppo_only,2,2,ppo,30,1085.280029296875,3.180000066757202,0.15750787539376968,-7.987815976999087
ppo_only,2,2,ppo,31,1067.1300048828125,3.3399999141693115,0.1523100355390083,-7.635920205736829
ppo_only,2,2,ppo,32,1107.06005859375,3.319999933242798,0.14871116986120292,-8.048022992417108
ppo_only,2,2,ppo,33,1109.0699462890625,3.4600000381469727,0.14393091316168238,-7.9185612510670165
ppo_only,2,2,ppo,34,1134.6400146484375,3.430000066757202,0.14069094888228859,-8.19778197749175
ppo_only,2,2,ppo,35,1164.43994140625,3.430000066757202,0.13626040878122633,-8.486920164867751
ppo_only,2,2,ppo,36,1209.949951171875,3.319999933242798,0.133769322235434,-9.04703822294682
ppo_only,2,2,ppo,37,1266.8299560546875,3.2100000381469727,0.1303780964797914,-9.719055715359486
ppo_only,2,2,ppo,38,1332.52001953125,3.0399999618530273,0.12873694750393364,-10.54267412846734
ppo_only,2,2,ppo,39,1379.6300048828125,2.9800000190734863,0.12606807676145118,-11.06843618327754
ppo_only,2,3,ppo,0,168.24099731445312,2.3399999141693115,0.0,0.6575899410247803
ppo_only,2,3,ppo,1,195.4949951171875,2.3499999046325684,0.0,0.39504995346069327
ppo_only,2,3,ppo,2,221.81199645996094,2.390000104904175,0.0,0.17188014030456555
ppo_only,2,3,ppo,3,248.21299743652344,2.380000114440918,0.0,-0.10212985992431634
ppo_only,2,3,ppo,4,275.4230041503906,2.3299999237060547,0.0,-0.4242301177978516
ppo_only,2,3,ppo,5,297.52301025390625,2.259999990463257,0.28694404591104733,-1.2891182038979
ppo_only,2,3,ppo,6,302.1510009765625,1.6799999475479126,0.25510204081632654,-1.8517141438503653
ppo_only,2,3,ppo,7,331.4200134277344,1.7699999809265137,0.2247191011235955,-1.9936383555980213
ppo_only,2,3,ppo,8,356.9809875488281,1.7899999618530273,0.2081165452653486,-2.196043004165951
ppo_only,2,3,ppo,9,383.7879943847656,1.7699999809265137,0.18726591760299627,-2.442411798127135
ppo_only,2,3,ppo,10,403.4289855957031,1.7599999904632568,0.1768346595932803,-2.6279591846803347
ppo_only,2,3,ppo,11,441.10699462890625,1.6399999856948853,0.1646090534979424,-3.1002880675900624
ppo_only,2,3,ppo,12,472.11199951171875,1.5299999713897705,0.15372790161414296,-3.498575826955703
ppo_only,2,3,ppo,13,507.08599853515625,1.4299999475479126,0.14534883720930233,-3.9315577122222547
ppo_only,2,3,ppo,14,575.052001953125,1.2599999904632568,0.1388888888888889,-4.768297806845771
ppo_only,2,3,ppo,15,634.1409912109375,1.1399999856948853,0.13540961408259986,-5.47222915457969
ppo_only,2,3,ppo,16,697.5040283203125,1.0199999809265137,0.13123359580052493,-6.217507493877661
ppo_only,2,3,ppo,17,772.72900390625,0.9670000076293945,0.1265022137887413,-7.013294459010588
ppo_only,2,3,ppo,18,784.6840209960938,1.0,0.12135922330097088,-7.08955865656288
ppo_only,2,3,ppo,19,816.947998046875,0.9789999723434448,0.11883541295306001,-7.428150834031426
ppo_only,2,3,ppo,20,875.4929809570312,0.9980000257492065,0.11461318051575932,-7.9861561448526235
ppo_only,2,3,ppo,21,959.364013671875,0.9580000042915344,0.11160714285714286,-8.858854418141503
ppo_only,2,3,ppo,22,1025.4599609375,0.9850000143051147,0.10787486515641856,-9.485349325382721
ppo_only,2,3,ppo,23,1133.5799560546875,0.9959999918937683,0.10427528675703858,-10.548350142167184
ppo_only,2,3,ppo,24,1107.1800537109375,1.1399999856948853,0.1001001001001001,-10.13200075161469
ppo_only,2,3,ppo,25,1022.7100219726562,1.350000023841858,0.09523809523809523,-9.067576386360894
ppo_only,2,3,ppo,26,1043.280029296875,1.5,0.09119927040583675,-9.115198833780424
ppo_only,2,3,ppo,27,1112.1800537109375,1.7899999618530273,0.08561643835616438,-9.503033451968676
ppo_only,2,3,ppo,28,1130.4100341796875,1.9600000381469727,0.1661819692563357,-9.676464242162574
ppo_only,2,3,ppo,29,1082.2099609375,2.4800000190734863,0.1589825119236884,-8.66006461414889
ppo_only,2,3,ppo,30,1073.4100341796875,2.180000066757202,0.15527950310559005,-8.864659281250853
ppo_only,2,3,ppo,31,1065.6700439453125,1.8200000524520874,0.149812734082397,-9.136325855165833
ppo_only,2,3,ppo,32,1070.8199462890625,1.7699999809265137,0.14842300556586271,-9.235045493095837
ppo_only,2,3,ppo,33,1098.2099609375,1.2899999618530273,0.21652832912306028,-10.125156305768094
ppo_only,2,3,ppo,34,1096.260009765625,1.2300000190734863,0.21574973031283712,-10.164099539208438
ppo_only,2,3,ppo,35,1162.4599609375,0.9490000009536743,0.210896309314587,-11.0973922270505
ppo_only,2,3,ppo,36,1163.93994140625,0.8460000157356262,0.20920502092050208,-11.21180944016788
ppo_only,2,3,ppo,37,1262.1099853515625,0.7680000066757202,0.2056907781967775,-12.26448140323346
ppo_only,2,3,ppo,38,1287.989990234375,0.7699999809265137,0.20249746878164024,-12.514894858980517
ppo_only,2,3,ppo,39,1370.2099609375,0.7459999918937683,0.20100502512562815,-13.358109667732489
ppo_only,3,0,ppo,0,164.07200622558594,2.440000057220459,0.0,0.7992799949645997
ppo_only,3,0,ppo,1,195.01800537109375,2.4200000762939453,0.0,0.4698200225830078
ppo_only,3,0,ppo,2,222.20700073242188,2.4700000286102295,0.0,0.24793002128601094
ppo_only,3,0,ppo,3,249.2790069580078,2.450000047683716,0.0,-0.04279002189636216
ppo_only,3,0,ppo,4,273.8869934082031,2.4000000953674316,0.0,-0.3388698387145994
ppo_only,3,0,ppo,5,301.9169921875,2.4800000190734863,0.0,-0.5391699028015138
ppo_only,3,0,ppo,6,327.1669921875,2.4200000762939453,0.0,-0.8516698455810547
ppo_only,3,0,ppo,7,328.010986328125,2.569999933242798,0.0,-0.7101099300384521
ppo_only,3,0,ppo,8,353.9909973144531,2.6700000762939453,0.0,-0.8699098968505861
ppo_only,3,0,ppo,9,382.5719909667969,2.640000104904175,0.0,-1.185719804763794
ppo_only,3,0,ppo,10,416.3070068359375,2.6500000953674316,0.0,-1.5130699729919437
ppo_only,3,0,ppo,11,468.67401123046875,2.640000104904175,0.12746972594008923,-2.3016794592806913
ppo_only,3,0,ppo,12,527.6790161132812,2.5799999237060547,0.12040939193257075,-2.937609021291899
ppo_only,3,0,ppo,13,544.6090087890625,1.8600000143051147,0.11389521640091116,-3.813880506387333
ppo_only,3,0,ppo,14,545.1380004882812,2.009999990463257,0.10752688172043011,-3.656433777860416
ppo_only,3,0,ppo,15,538.7310180664062,2.0899999141693115,0.10131712259371833,-3.499944511682188
ppo_only,3,0,ppo,16,525.6430053710938,2.440000057220459,0.09555661729574773,-3.0075432310819745
ppo_only,3,0,ppo,17,559.426025390625,2.4100000858306885,0.09033423667570009,-3.3649286414269617
ppo_only,3,0,ppo,18,586.4329833984375,2.380000114440918,0.08561643835616438,-3.6555625962557854
ppo_only,3,0,ppo,19,610.2360229492188,2.3399999141693115,0.08136696501220504,-3.9250942453472866
ppo_only,3,0,ppo,20,582.8829956054688,2.3399999141693115,0.07736943907156674,-3.6435689200285095
ppo_only,3,0,ppo,21,551.135986328125,2.5399999618530273,0.07374631268436578,-3.118852526796954
ppo_only,3,0,ppo,22,550.489990234375,2.5999999046325684,0.07049700387733521,-3.045894005465852
ppo_only,3,0,ppo,23,570.219970703125,2.509999990463257,0.06747638326585695,-3.327152483099707
ppo_only,3,0,ppo,24,595.4609985351562,2.4600000381469727,0.06472491909385113,-3.624059785392292
ppo_only,3,0,ppo,25,622.68701171875,2.369999885559082,0.06209251785159888,-3.9810552673316155
ppo_only,3,0,ppo,26,657.8259887695312,2.299999952316284,0.059844404548174746,-4.397948744475379
ppo_only,3,0,ppo,27,693.7999877929688,2.240000009536743,0.05820721769499418,-4.814414303782932
ppo_only,3,0,ppo,28,691.5469970703125,2.380000114440918,0.0560695262125035,-4.647608908687214
ppo_only,3,0,ppo,29,676.3889770507812,2.450000047683716,0.05422993492407809,-4.422349592672253
ppo_only,3,0,ppo,30,719.9520263671875,2.5799999237060547,0.051934562451311346,-4.723389464868443
ppo_only,3,0,ppo,31,730.7509765625,2.7799999713897705,0.04978839930296241,-4.627086592841154
ppo_only,3,0,ppo,32,773.0499877929688,2.8399999141693115,0.04819277108433735,-4.986885505929051
ppo_only,3,0,ppo,33,816.4660034179688,2.9100000858306885,0.046511627906976744,-5.347683204162953
ppo_only,3,0,ppo,34,889.4030151367188,3.0199999809265137,0.04426737494466578,-5.962564920330006
ppo_only,3,0,ppo,35,949.614990234375,3.049999952316284,0.04294610264118531,-6.532042155309837
ppo_only,3,0,ppo,36,1029.5899658203125,3.190000057220459,0.0612369871402327,-7.228373575263131
ppo_only,3,0,ppo,37,1097.52001953125,3.240000009536743,0.06019261637239166,-7.85558541852054
ppo_only,3,0,ppo,38,1182.5999755859375,3.3399999141693115,0.13685239491691104,-8.759704631523885
ppo_only,3,0,ppo,39,1211.8299560546875,3.0299999713897705,0.1346930921685588,-9.357685773494222
ppo_only,3,1,ppo,0,165.54800415039062,2.4000000953674316,0.0,0.7445200538635255
ppo_only,3,1,ppo,1,195.76600646972656,2.4100000858306885,0.0,0.45234002113342275
ppo_only,3,1,ppo,2,222.0749969482422,2.359999895095825,0.0,0.1392499256134032
ppo_only,3,1,ppo,3,250.08999633789062,2.450000047683716,0.0,-0.05089991569519059
ppo_only,3,1,ppo,4,274.0710144042969,2.440000057220459,0.0,-0.30071008682250966
ppo_only,3,1,ppo,5,301.4679870605469,2.4200000762939453,0.0,-0.5946797943115234
ppo_only,3,1,ppo,6,328.1839904785156,2.4200000762939453,0.0,-0.861839828491211
ppo_only,3,1,ppo,7,328.2030029296875,2.609999895095825,0.0,-0.6720301342010497
ppo_only,3,1,ppo,8,355.2120056152344,2.6600000858306885,0.0,-0.8921199703216551
ppo_only,3,1,ppo,9,381.1839904785156,2.5899999141693115,0.0,-1.2218399906158446
ppo_only,3,1,ppo,10,412.5799865722656,2.609999895095825,0.0,-1.5157999706268308
ppo_only,3,1,ppo,11,467.9949951171875,2.680000066757202,0.0,-1.999949884414673
ppo_only,3,1,ppo,12,528.8610229492188,2.819999933242798,0.0,-2.4686102962493894
ppo_only,3,1,ppo,13,548.6749877929688,3.1700000762939453,0.10863661053775123,-2.534023022711245
ppo_only,3,1,ppo,14,550.35498046875,2.2100000381469727,0.10219724067450178,-3.497944247889531
ppo_only,3,1,ppo,15,537.3599853515625,2.3499999046325684,0.09606147934678194,-3.2157229075766205
ppo_only,3,1,ppo,16,527.4329833984375,2.7200000286102295,0.09029345372460497,-2.734916712823355
ppo_only,3,1,ppo,17,559.844970703125,2.75,0.08492569002123142,-3.018301087073713
ppo_only,3,1,ppo,18,587.02001953125,2.759999990463257,0.07996801279488205,-3.2701362304390074
ppo_only,3,1,ppo,19,611.4240112304688,2.75,0.07578628268283441,-3.5158126776703567
ppo_only,3,1,ppo,20,580.3820190429688,2.8299999237060547,0.07132667617689016,-3.116473619077413
ppo_only,3,1,ppo,21,546.3109741210938,3.130000114440918,0.06747638326585695,-2.468062393301733
ppo_only,3,1,ppo,22,556.4669799804688,3.2100000381469727,0.0641025641025641,-2.482874889862843
ppo_only,3,1,ppo,23,571.0380249023438,3.119999885559082,0.061274509803921566,-2.7129293830721983
ppo_only,3,1,ppo,24,595.7750244140625,2.9700000286102295,0.058513750731421885,-3.1047777169932393
ppo_only,3,1,ppo,25,625.3809814453125,2.8499999046325684,0.055975370836831795,-3.51576065149422
ppo_only,3,1,ppo,26,657.6539916992188,2.7300000190734863,0.05414185165132648,-3.9548236012213542
ppo_only,3,1,ppo,27,695.947021484375,2.5999999046325684,0.05246589716684155,-4.464402104544865
ppo_only,3,1,ppo,28,696.56298828125,2.6600000858306885,0.05098139179199592,-4.407592580565804
ppo_only,3,1,ppo,29,675.073974609375,2.75,0.04898359049718344,-4.0987069270881165
ppo_only,3,1,ppo,30,721.6300048828125,2.759999990463257,0.047058823529411764,-4.550417705423692
ppo_only,3,1,ppo,31,731.0180053710938,2.8499999046325684,0.0455684666210982,-4.5513170823205655
ppo_only,3,1,ppo,32,777.1079711914062,2.809999942779541,0.04424778761061947,-5.049575344355761
ppo_only,3,1,ppo,33,825.0900268554688,2.8299999237060547,0.04258943781942078,-5.506079220487474
ppo_only,3,1,ppo,34,890.0339965820312,2.8299999237060547,0.0412796697626419,-6.152899381639543
ppo_only,3,1,ppo,35,942.7760009765625,2.8399999141693115,0.04005607850991388,-6.667872252616142
ppo_only,3,1,ppo,36,1025.300048828125,2.869999885559082,0.03858769052672197,-7.460175983775612
ppo_only,3,1,ppo,37,1084.050048828125,2.9000000953674316,0.03753753753753754,-8.015575467988894
ppo_only,3,1,ppo,38,1187.7099609375,2.950000047683716,0.03610760064993681,-8.999314762991158
ppo_only,3,1,ppo,39,1214.0400390625,3.119999885559082,0.10587612493382742,-9.232152754933573
ppo_only,3,2,ppo,0,167.24899291992188,2.4000000953674316,0.0,0.7275101661682128
ppo_only,3,2,ppo,1,196.18299865722656,2.4100000858306885,0.0,0.44817009925842277
ppo_only,3,2,ppo,2,222.16799926757812,2.359999895095825,0.0,0.1383199024200441
ppo_only,3,2,ppo,3,250.13299560546875,2.430000066757202,0.0,-0.0713298892974854
ppo_only,3,2,ppo,4,274.71600341796875,2.369999885559082,0.0,-0.37716014862060554
ppo_only,3,2,ppo,5,300.5360107421875,2.359999895095825,0.0,-0.6453602123260498
ppo_only,3,2,ppo,6,326.5010070800781,2.4200000762939453,0.0,-0.8450099945068361
ppo_only,3,2,ppo,7,326.4469909667969,2.549999952316284,0.0,-0.7144699573516844
ppo_only,3,2,ppo,8,353.3169860839844,2.5999999046325684,0.0,-0.9331699562072755
ppo_only,3,2,ppo,9,382.9159851074219,2.5899999141693115,0.0,-1.2391599369049073
ppo_only,3,2,ppo,10,414.1830139160156,2.609999895095825,0.0,-1.5318302440643308
ppo_only,3,2,ppo,11,464.79901123046875,2.630000114440918,0.0,-2.0179899978637694
ppo_only,3,2,ppo,12,525.5280151367188,2.7200000286102295,0.0,-2.5352801227569577
ppo_only,3,2,ppo,13,544.3350219726562,3.0999999046325684,0.0,-2.3433503150939945
ppo_only,3,2,ppo,14,548.2739868164062,3.619999885559082,0.10020040080160321,-2.0631407842081875
ppo_only,3,2,ppo,15,517.2340087890625,2.549999952316284,0.09302325581395349,-2.8083866472022474
ppo_only,3,2,ppo,16,531.52197265625,2.930000066757202,0.08669267446900737,-2.5586050087433123
ppo_only,3,2,ppo,17,561.6010131835938,3.009999990463257,0.08120178643930166,-2.7684137142512846
ppo_only,3,2,ppo,18,587.8079833984375,3.049999952316284,0.07651109410864575,-2.9811020698853827
ppo_only,3,2,ppo,19,610.8179931640625,3.0899999141693115,0.07371913011426465,-3.1656182776998425
ppo_only,3,2,ppo,20,574.4569702148438,2.2100000381469727,0.1418942887548776,-3.81835824151122
ppo_only,3,2,ppo,21,544.552978515625,1.659999966621399,0.13745704467353953,-4.06044390788193
ppo_only,3,2,ppo,22,554.6749877929688,1.7699999809265137,0.13320013320013321,-4.04315016340344
ppo_only,3,2,ppo,23,572.3480224609375,1.7799999713897705,0.12953367875647667,-4.202547610732558
ppo_only,3,2,ppo,24,598.9940185546875,1.7999999523162842,0.12578616352201258,-4.4415125602746155
ppo_only,3,2,ppo,25,625.343017578125,1.75,0.12239902080783353,-4.748228217396917
ppo_only,3,2,ppo,26,657.260009765625,1.7100000381469727,0.11933174224343675,-5.101263543996151
ppo_only,3,2,ppo,27,691.4840087890625,1.6299999952316284,0.11668611435239207,-5.518212321363781
ppo_only,3,2,ppo,28,702.6480102539062,1.6399999856948853,0.1141552511415525,-5.614790619127282
ppo_only,3,2,ppo,29,672.7459716796875,1.6100000143051147,0.11117287381878821,-5.339805450129337
ppo_only,3,2,ppo,30,720.1810302734375,1.5700000524520874,0.1089621356578589,-5.849734521598005
ppo_only,3,2,ppo,31,728.5189819335938,1.4900000095367432,0.10703773080010703,-6.009265271399409
ppo_only,3,2,ppo,32,757.5029907226562,1.5,0.10509721492380451,-6.285224337074171
ppo_only,3,2,ppo,33,824.926025390625,1.4500000476837158,0.10256410256410256,-7.00438841135074
ppo_only,3,2,ppo,34,876.7990112304688,1.409999966621399,0.10095911155981828,-7.559908368802925
ppo_only,3,2,ppo,35,933.2830200195312,1.3899999856948853,0.09896091044037605,-8.14075203538118
ppo_only,3,2,ppo,36,1016.9500122070312,1.3300000429153442,0.09720534629404617,-9.033910771743061
ppo_only,3,2,ppo,37,1072.800048828125,1.3600000143051147,0.09535160905840286,-9.55870369209294
ppo_only,3,2,ppo,38,1156.3599853515625,1.3600000143051147,0.09369875849144998,-10.39099735619341
ppo_only,3,2,ppo,39,1215.52001953125,1.4600000381469727,0.09107468123861566,-10.877349519642758
ppo_only,3,3,ppo,0,167.20199584960938,2.3399999141693115,0.0,0.6679799556732178
ppo_only,3,3,ppo,1,195.3300018310547,2.3499999046325684,0.0,0.39669988632202147
ppo_only,3,3,ppo,2,222.49600219726562,2.390000104904175,0.0,0.1650400829315184
ppo_only,3,3,ppo,3,245.4429931640625,2.299999952316284,0.0,-0.15442997932434066
ppo_only,3,3,ppo,4,273.5899963378906,2.3299999237060547,0.0,-0.4059000396728516
ppo_only,3,3,ppo,5,298.4599914550781,2.319999933242798,0.0,-0.6645999813079833
ppo_only,3,3,ppo,6,328.18798828125,2.309999942779541,0.243605359317905,-1.459090658668769
ppo_only,3,3,ppo,7,327.3429870605469,1.6699999570846558,0.22075055187637968,-2.0449310172735724
ppo_only,3,3,ppo,8,348.1919860839844,1.7000000476837158,0.20449897750511248,-2.190917768166353
ppo_only,3,3,ppo,9,383.49798583984375,1.7799999713897705,0.18382352941176472,-2.4226269458321963
ppo_only,3,3,ppo,10,409.7640075683594,1.75,0.17123287671232876,-2.6901058291082514
ppo_only,3,3,ppo,11,453.76300048828125,1.6200000047683716,0.16142050040355124,-3.240471000921543
ppo_only,3,3,ppo,12,511.89801025390625,1.4700000286102295,0.15255530129672007,-3.9540906765222728
ppo_only,3,3,ppo,13,540.8270263671875,1.440000057220459,0.14492753623188406,-4.258125278915184
ppo_only,3,3,ppo,14,550.6409912109375,1.4600000381469727,0.13812154696132597,-4.3226529678850545
ppo_only,3,3,ppo,15,528.10302734375,1.3799999952316284,0.1310615989515072,-4.163153476108885
ppo_only,3,3,ppo,16,526.6110229492188,1.4800000190734863,0.12476606363069245,-4.035642337680086
ppo_only,3,3,ppo,17,557.947998046875,1.4199999570846558,0.11940298507462686,-4.398285993533348
ppo_only,3,3,ppo,18,580.2630004882812,1.3799999952316284,0.11534025374855825,-4.6533105171483005
ppo_only,3,3,ppo,19,604.1079711914062,1.3799999952316284,0.11061946902654868,-4.882318654735531
ppo_only,3,3,ppo,20,575.3759765625,1.4900000095367432,0.1044932079414838,-4.472746171971225
ppo_only,3,3,ppo,21,548.8410034179688,1.75,0.09950248756218906,-3.9374150093040656
ppo_only,3,3,ppo,22,553.8319702148438,2.0,0.09438414346389806,-3.727087989076234
ppo_only,3,3,ppo,23,574.9879760742188,2.180000066757202,0.08912655971479501,-3.7481328134145753
ppo_only,3,3,ppo,24,599.0819702148438,2.390000104904175,0.08421052631578947,-3.7692406498758415
ppo_only,3,3,ppo,25,622.947998046875,2.5899999141693115,0.07942811755361398,-3.7983363014066667
ppo_only,3,3,ppo,26,654.7880249023438,2.8399999141693115,0.0744047619047619,-3.8566898586636498
ppo_only,3,3,ppo,27,693.072021484375,3.0999999046325684,0.24595924104005623,-4.322638792291293
ppo_only,3,3,ppo,28,684.885986328125,2.680000066757202,0.3682624707063944,-4.905384737936837
ppo_only,3,3,ppo,29,671.1749877929688,2.4100000858306885,0.35506778566817304,-5.011885363435345
ppo_only,3,3,ppo,30,721.2139892578125,2.299999952316284,0.34623858986465217,-5.604617119991145
ppo_only,3,3,ppo,31,719.3209838867188,2.4000000953674316,0.3323262839879154,-5.457862311475587
ppo_only,3,3,ppo,32,772.9000244140625,2.440000057220459,0.3160919540229885,-5.921184094966144
ppo_only,3,3,ppo,33,829.3599853515625,2.4000000953674316,0.3073484213467449,-6.508296600841683
ppo_only,3,3,ppo,34,868.5670166015625,2.369999885559082,0.29875067897881585,-6.913171638414174
ppo_only,3,3,ppo,35,949.4359741210938,2.309999942779541,0.2867570385818561,-7.757873875595108
ppo_only,3,3,ppo,36,982.7039794921875,2.2300000190734863,0.2833590932509016,-8.163757962350193
ppo_only,3,3,ppo,37,1089.8599853515625,2.0999999046325684,0.2722772277227723,-9.343154404328601
ppo_only,3,3,ppo,38,1135.81005859375,2.0,0.2692119432207538,-9.896524472379006
ppo_only,3,3,ppo,39,1211.510009765625,1.9500000476837158,0.2599858189553297,-10.685071687883193
ppo_only,4,0,ppo,0,165.2519989013672,2.4100000858306885,0.0,0.7574800968170166
ppo_only,4,0,ppo,1,194.9239959716797,2.4200000762939453,0.0,0.47076011657714845
ppo_only,4,0,ppo,2,223.968994140625,2.440000057220459,0.0,0.20031011581420888
ppo_only,4,0,ppo,3,250.27999877929688,2.430000066757202,0.0,-0.0727999210357666
ppo_only,4,0,ppo,4,274.00299072265625,2.4100000858306885,0.0,-0.3300298213958741
ppo_only,4,0,ppo,5,303.7340087890625,2.4600000381469727,0.0,-0.5773400497436523
ppo_only,4,0,ppo,6,330.0589904785156,2.4000000953674316,0.0,-0.9005898094177245
ppo_only,4,0,ppo,7,356.0329895019531,2.430000066757202,0.0,-1.130329828262329
ppo_only,4,0,ppo,8,382.4670104980469,2.4100000858306885,0.0,-1.41467001914978
ppo_only,4,0,ppo,9,407.5119934082031,2.430000066757202,0.0,-1.645119867324829
ppo_only,4,0,ppo,10,436.9440002441406,2.390000104904175,0.0,-1.9794398975372314
ppo_only,4,0,ppo,11,506.52099609375,2.359999895095825,0.132890365448505,-2.9709907967386844
ppo_only,4,0,ppo,12,571.416015625,2.3499999046325684,0.12698412698412698,-3.6181285055856858
ppo_only,4,0,ppo,13,619.27099609375,1.6399999856948853,0.12040939193257075,-4.793528759107756
ppo_only,4,0,ppo,14,646.2109985351562,1.590000033378601,0.1142204454597373,-5.100550842892437
ppo_only,4,0,ppo,15,708.7000122070312,1.5700000524520874,0.10810810810810811,-5.733216285834441
ppo_only,4,0,ppo,16,785.1749877929688,1.4900000095367432,0.10471204188481675,-6.571173952162578
ppo_only,4,0,ppo,17,812.2730102539062,1.5099999904632568,0.10131712259371833,-6.815364357263242
ppo_only,4,0,ppo,18,853.6740112304688,1.5499999523162842,0.09596928982725528,-7.178678739642915
ppo_only,4,0,ppo,19,928.1389770507812,1.440000057220459,0.09380863039399624,-8.029006974075347
ppo_only,4,0,ppo,20,989.6900024414062,1.3799999952316284,0.09062075215224287,-8.69814153348692
ppo_only,4,0,ppo,21,1080.2099609375,1.2799999713897705,0.08857395925597875,-9.699247556497188
ppo_only,4,0,ppo,22,1154.969970703125,1.2000000476837158,0.08583690987124463,-10.521373479090023
ppo_only,4,0,ppo,23,1226.3199462890625,1.1200000047683716,0.08496176720475786,-11.31312299253177
ppo_only,4,0,ppo,24,1316.030029296875,1.0499999523162842,0.08257638315441784,-12.2754531069613
ppo_only,4,0,ppo,25,1368.050048828125,1.0199999809265137,0.08123476848090982,-12.822970044316556
ppo_only,4,0,ppo,26,1300.6400146484375,1.100000023841858,0.0791765637371338,-12.064753250116784
ppo_only,4,0,ppo,27,1200.969970703125,1.0499999523162842,0.07707129094412331,-11.113842336603213
ppo_only,4,0,ppo,28,1189.56005859375,1.149999976158142,0.07510326699211416,-10.895807143763586
ppo_only,4,0,ppo,29,1217.5899658203125,1.2599999904632568,0.07285974499089254,-11.061619157721653
ppo_only,4,0,ppo,30,1256.0799560546875,1.2699999809265137,0.07127583749109052,-11.433351254602544
ppo_only,4,0,ppo,31,1306.0799560546875,1.309999942779541,0.06865774116031582,-11.888115100087967
ppo_only,4,0,ppo,32,1331.7099609375,1.309999942779541,0.06795786612300374,-12.143015398841465
ppo_only,4,0,ppo,33,1385.3299560546875,1.3700000047683716,0.06557377049180328,-12.61444709676211
ppo_only,4,0,ppo,34,1444.1500244140625,1.4500000476837158,0.06313131313131314,-13.117762822719536
ppo_only,4,0,ppo,35,1498.1800537109375,1.5099999904632568,0.06150061500615006,-13.594801776658418
ppo_only,4,0,ppo,36,1568.199951171875,1.6399999856948853,0.05891016200294551,-14.159819850029756
ppo_only,4,0,ppo,37,1623.6300048828125,1.7000000476837158,0.05707762557077625,-14.65045525228596
ppo_only,4,0,ppo,38,1683.0999755859375,1.7599999904632568,0.05575689991636465,-15.182513565228845
ppo_only,4,0,ppo,39,1770.4000244140625,1.899999976158142,0.05307855626326964,-15.910157380509023
ppo_only,4,1,ppo,0,165.9029998779297,2.4100000858306885,0.0,0.7509700870513916
ppo_only,4,1,ppo,1,195.59800720214844,2.4000000953674316,0.0,0.44402002334594726
ppo_only,4,1,ppo,2,223.2209930419922,2.440000057220459,0.0,0.20779012680053732
ppo_only,4,1,ppo,3,250.49400329589844,2.430000066757202,0.0,-0.07493996620178223
ppo_only,4,1,ppo,4,275.0480041503906,2.430000066757202,0.0,-0.320479974746704
ppo_only,4,1,ppo,5,303.47900390625,2.390000104904175,0.0,-0.6447899341583252
ppo_only,4,1,ppo,6,330.77899169921875,2.4000000953674316,0.0,-0.907789821624756
ppo_only,4,1,ppo,7,356.2409973144531,2.4000000953674316,0.0,-1.1624098777770997
ppo_only,4,1,ppo,8,382.0119934082031,2.4100000858306885,0.0,-1.4101198482513428
ppo_only,4,1,ppo,9,408.8840026855469,2.430000066757202,0.0,-1.6588399600982662
ppo_only,4,1,ppo,10,437.96099853515625,2.390000104904175,0.0,-1.9896098804473876
ppo_only,4,1,ppo,11,493.5979919433594,2.4000000953674316,0.0,-2.535979824066162
ppo_only,4,1,ppo,12,575.1420288085938,2.390000104904175,0.0,-3.361420183181763
ppo_only,4,1,ppo,13,614.9609985351562,2.609999895095825,0.11547344110854503,-3.7705569724728276
ppo_only,4,1,ppo,14,650.9580078125,2.0299999713897705,0.10875475802066341,-4.697089622776557
ppo_only,4,1,ppo,15,709.4240112304688,1.7200000286102295,0.10335917312661498,-5.580958429947688
ppo_only,4,1,ppo,16,789.22802734375,1.6699999570846558,0.09935419771485346,-6.420988711782551
ppo_only,4,1,ppo,17,810.177001953125,1.690000057220459,0.09560229445506692,-6.602974551220925
ppo_only,4,1,ppo,18,854.405029296875,1.7400000095367432,0.09078529278256922,-6.985620868997145
ppo_only,4,1,ppo,19,906.614990234375,1.649999976158142,0.08912655971479501,-7.594403045615197
ppo_only,4,1,ppo,20,1003.530029296875,1.600000023841858,0.08445945945945946,-8.60421918804581
ppo_only,4,1,ppo,21,1067.1400146484375,1.4900000095367432,0.08343763037129745,-9.348275397690227
ppo_only,4,1,ppo,22,1155.22998046875,1.4500000476837158,0.08012820512820513,-10.262556167260195
ppo_only,4,1,ppo,23,1194.030029296875,1.3600000143051147,0.07911392405063292,-10.738528126764901
ppo_only,4,1,ppo,24,1303.2099609375,1.2799999713897705,0.07680491551459294,-11.905709469014417
ppo_only,4,1,ppo,25,1381.1500244140625,1.2599999904632568,0.07476635514018691,-12.701032963957742
ppo_only,4,1,ppo,26,1285.780029296875,1.309999942779541,0.07275372862859221,-11.693307807446395
ppo_only,4,1,ppo,27,1183.1600341796875,1.2599999904632568,0.07069635913750442,-10.712993069608627
ppo_only,4,1,ppo,28,1191.280029296875,1.3600000143051147,0.06896551724137931,-10.690731313146394
ppo_only,4,1,ppo,29,1221.5400390625,1.4500000476837158,0.06711409395973154,-10.899628530860747
ppo_only,4,1,ppo,30,1244.7900390625,1.4299999475479126,0.06642311524410495,-11.150746673565298
ppo_only,4,1,ppo,31,1305.4300537109375,1.4199999570846558,0.06375518010838381,-11.761810940241487
ppo_only,4,1,ppo,32,1326.7099609375,1.399999976158142,0.06289308176100629,-11.992885796738872
ppo_only,4,1,ppo,33,1387.9100341796875,1.4299999475479126,0.06091989034419738,-12.570940174937357
ppo_only,4,1,ppo,34,1444.0999755859375,1.4700000286102295,0.05901445854234287,-13.089028644333832
ppo_only,4,1,ppo,35,1485.1300048828125,1.4700000286102295,0.058173356602675974,-13.497646733423249
ppo_only,4,1,ppo,36,1562.0400390625,1.5199999809265137,0.056100981767180924,-14.21260237323285
ppo_only,4,1,ppo,37,1625.02001953125,1.600000023841858,0.05422993492407809,-14.7586600413188
ppo_only,4,1,ppo,38,1688.0699462890625,1.6100000143051147,0.053233963268565346,-15.37716737512264
ppo_only,4,1,ppo,39,1769.3299560546875,1.7100000381469727,0.051111679018655765,-16.085522880437214
ppo_only,4,2,ppo,0,168.18099975585938,2.4100000858306885,0.0,0.7281900882720946
ppo_only,4,2,ppo,1,196.26600646972656,2.4100000858306885,0.0,0.44734002113342286
ppo_only,4,2,ppo,2,223.375,2.3399999141693115,0.0,0.1062499141693114
ppo_only,4,2,ppo,3,251.7689971923828,2.4000000953674316,0.0,-0.11768987655639629
ppo_only,4,2,ppo,4,275.6789855957031,2.390000104904175,0.0,-0.3667897510528566
ppo_only,4,2,ppo,5,302.3489990234375,2.3499999046325684,0.0,-0.6734900856018067
ppo_only,4,2,ppo,6,330.78399658203125,2.4000000953674316,0.0,-0.907839870452881
ppo_only,4,2,ppo,7,356.25299072265625,2.4000000953674316,0.0,-1.1625298118591307
ppo_only,4,2,ppo,8,382.5409851074219,2.4100000858306885,0.0,-1.4154097652435302
ppo_only,4,2,ppo,9,409.2900085449219,2.369999885559082,0.0,-1.7229001998901365
ppo_only,4,2,ppo,10,441.8450012207031,2.390000104904175,0.0,-2.028449907302856
ppo_only,4,2,ppo,11,501.9389953613281,2.4100000858306885,0.0,-2.6093898677825926
ppo_only,4,2,ppo,12,577.5830078125,2.440000057220459,0.0,-3.335830020904541
ppo_only,4,2,ppo,13,628.7750244140625,2.7200000286102295,0.0,-3.5677502155303955
ppo_only,4,2,ppo,14,655.1749877929688,3.0299999713897705,0.0,-3.5217499065399167
ppo_only,4,2,ppo,15,711.958984375,3.2300000190734863,0.0,-3.8895898246765137
ppo_only,4,2,ppo,16,783.5609741210938,3.319999933242798,0.0,-4.51560980796814
ppo_only,4,2,ppo,17,821.0380249023438,3.890000104904175,0.0,-4.320380144119262
ppo_only,4,2,ppo,18,856.8499755859375,4.150000095367432,0.0,-4.418499660491943
ppo_only,4,2,ppo,19,936.093994140625,4.380000114440918,0.0,-4.980939826965333
ppo_only,4,2,ppo,20,999.8049926757812,4.579999923706055,0.0,-5.418050003051757
ppo_only,4,2,ppo,21,1091.52001953125,4.78000020980835,0.0,-6.135199985504151
ppo_only,4,2,ppo,22,1170.4300537109375,5.050000190734863,0.0,-6.654300346374512
ppo_only,4,2,ppo,23,1253.3599853515625,5.239999771118164,0.09354536950420954,-7.48069082140588
ppo_only,4,2,ppo,24,1340.260009765625,5.46999979019165,0.08962581223392337,-8.111851931932447
ppo_only,4,2,ppo,25,1363.18994140625,5.429999828338623,0.08557980316645272,-8.373059192056783
ppo_only,4,2,ppo,26,1260.77001953125,4.800000190734863,0.08171603677221655,-7.97113207812207
ppo_only,4,2,ppo,27,1174.0999755859375,4.039999961853027,0.07753440589261484,-7.856068605791577
ppo_only,4,2,ppo,28,1192.3399658203125,4.400000095367432,0.07447402718301992,-7.6723476172017335
ppo_only,4,2,ppo,29,1224.8499755859375,4.760000228881836,0.07108583614714768,-7.630671199271835
ppo_only,4,2,ppo,30,1260.3900146484375,4.829999923706055,0.06783110055960657,-7.909562423897532
ppo_only,4,2,ppo,31,1306.030029296875,4.860000133514404,0.06505122784192552,-8.330402615138196
ppo_only,4,2,ppo,32,1349.1500244140625,4.920000076293945,0.061823802163833076,-8.695147772174344
ppo_only,4,2,ppo,33,1398.530029296875,4.880000114440918,0.059988002399520096,-9.225276183326873
ppo_only,4,2,ppo,34,1453.6099853515625,4.820000171661377,0.05809731299927379,-9.832294307852795
ppo_only,4,2,ppo,35,1482.6600341796875,4.78000020980835,0.05614823133071308,-10.158896594649951
ppo_only,4,2,ppo,36,1570.43994140625,4.650000095367432,0.05421523448088913,-11.162829787656847
ppo_only,4,2,ppo,37,1639.43994140625,4.53000020980835,0.05279134221987594,-11.969981888693905
ppo_only,4,2,ppo,38,1668.47998046875,4.489999771118164,0.05135447425856978,-12.297508982086477
ppo_only,4,2,ppo,39,1780.5400390625,4.269999980926514,0.04996252810392206,-13.63532546590633
ppo_only,4,3,ppo,0,167.9239959716797,2.3399999141693115,0.0,0.6607599544525147
ppo_only,4,3,ppo,1,195.3769989013672,2.3499999046325684,0.0,0.3962299156188964
ppo_only,4,3,ppo,2,221.95799255371094,2.390000104904175,0.0,0.17042017936706522
ppo_only,4,3,ppo,3,249.15899658203125,2.359999895095825,0.0,-0.13159007072448725
ppo_only,4,3,ppo,4,275.5419921875,2.369999885559082,0.0,-0.38542003631591815
ppo_only,4,3,ppo,5,303.4289855957031,2.369999885559082,0.0,-0.6642899703979492
ppo_only,4,3,ppo,6,329.3699951171875,2.369999885559082,0.0,-0.9237000656127932
ppo_only,4,3,ppo,7,356.62298583984375,2.369999885559082,0.0,-1.1962299728393555
ppo_only,4,3,ppo,8,378.94500732421875,2.359999895095825,0.0,-1.4294501781463622
ppo_only,4,3,ppo,9,407.94000244140625,2.3399999141693115,0.0,-1.739400110244751
ppo_only,4,3,ppo,10,444.468994140625,2.390000104904175,0.0,-2.0546898365020754
ppo_only,4,3,ppo,11,507.7760009765625,2.4100000858306885,0.0,-2.6677599239349368
ppo_only,4,3,ppo,12,589.89501953125,2.4600000381469727,0.0,-3.438950157165527
ppo_only,4,3,ppo,13,627.9509887695312,2.640000104904175,0.0,-3.639509782791138
ppo_only,4,3,ppo,14,653.593017578125,2.9600000381469727,0.0,-3.575930137634277
ppo_only,4,3,ppo,15,701.89501953125,3.069999933242798,0.19464720194647203,-4.338244665962646
ppo_only,4,3,ppo,16,786.8460083007812,3.109999895095825,0.18190086402910413,-5.122261915970196
ppo_only,4,3,ppo,17,821.6510009765625,2.490000009536743,0.17490161783996502,-6.0763132359088114
ppo_only,4,3,ppo,18,835.5709838867188,2.140000104904175,0.16757436112274823,-6.55085845620851
ppo_only,4,3,ppo,19,930.9299926757812,2.119999885559082,0.15673981191222572,-7.502779665023183
ppo_only,4,3,ppo,20,1006.6199951171875,2.0399999618530273,0.1519756838905775,-8.330151357100002
ppo_only,4,3,ppo,21,1086.6400146484375,2.009999990463257,0.14477017734346725,-9.145940510708053
ppo_only,4,3,ppo,22,1164.6700439453125,1.899999976158142,0.1423994304022784,-10.03149932409954
ppo_only,4,3,ppo,23,1258.6500244140625,1.8700000047683716,0.13596193065941536,-10.988424100691084
ppo_only,4,3,ppo,24,1278.699951171875,1.8300000429153442,0.13377926421404682,-11.2245579972315
ppo_only,4,3,ppo,25,1373.4100341796875,1.809999942779541,0.12961762799740764,-12.183335655012149
ppo_only,4,3,ppo,26,1299.800048828125,1.9299999475479126,0.12453300124533001,-11.317066543223998
ppo_only,4,3,ppo,27,1178.4200439453125,1.840000033378601,0.12132241431604489,-10.186845234706613
ppo_only,4,3,ppo,28,1186.989990234375,2.0,0.11648223645894001,-10.10286437526163
ppo_only,4,3,ppo,29,1224.1600341796875,2.109999895095825,0.11389521640091116,-10.359390879502872
ppo_only,4,3,ppo,30,1255.5699462890625,2.059999942779541,0.10955902492467817,-10.71481756996044
ppo_only,4,3,ppo,31,1288.9000244140625,1.9800000190734863,0.10878433505575197,-11.126568895178643
ppo_only,4,3,ppo,32,1344.4599609375,1.9299999475479126,0.10565240359218173,-11.725904469011452
ppo_only,4,3,ppo,33,1374.31005859375,1.8799999952316284,0.10256410256410256,-12.068228795834075
ppo_only,4,3,ppo,34,1447.3299560546875,1.8200000524520874,0.10030090270812438,-12.853901313511036
ppo_only,4,3,ppo,35,1496.760009765625,1.809999942779541,0.0966183574879227,-13.350836869852554
ppo_only,4,3,ppo,36,1521.3599853515625,1.7699999809265137,0.09615384615384616,-13.635907564896803
ppo_only,4,3,ppo,37,1631.8399658203125,1.7300000190734863,0.0936110461034402,-14.775621731336518
ppo_only,4,3,ppo,38,1698.8299560546875,1.7599999904632568,0.08994827973914998,-15.408196129561917
ppo_only,4,3,ppo,39,1735.56005859375,1.7000000476837158,0.0894254415381176,-15.834451421330018
ppo_only,5,0,ppo,0,164.16600036621094,2.4200000762939453,0.0,0.7783400726318359
ppo_only,5,0,ppo,1,194.99000549316406,2.4200000762939453,0.0,0.4701000213623048
ppo_only,5,0,ppo,2,222.81100463867188,2.4700000286102295,0.0,0.24188998222351055
ppo_only,5,0,ppo,3,250.2010040283203,2.440000057220459,0.0,-0.0620099830627443
ppo_only,5,0,ppo,4,273.7619934082031,2.4100000858306885,0.0,-0.3276198482513428
ppo_only,5,0,ppo,5,302.1969909667969,2.4800000190734863,0.0,-0.5419698905944825
ppo_only,5,0,ppo,6,331.5050048828125,2.4000000953674316,0.0,-0.9150499534606933
ppo_only,5,0,ppo,7,354.63800048828125,2.430000066757202,0.0,-1.1163799381256103
ppo_only,5,0,ppo,8,383.739013671875,2.4100000858306885,0.0,-1.4273900508880617
ppo_only,5,0,ppo,9,408.35101318359375,2.430000066757202,0.0,-1.653510065078735
ppo_only,5,0,ppo,10,437.57501220703125,2.390000104904175,0.0,-1.9857500171661373
ppo_only,5,0,ppo,11,506.97698974609375,2.380000114440918,0.13236267372600927,-2.954495130472038
ppo_only,5,0,ppo,12,579.718994140625,2.3499999046325684,0.12626262626262627,-3.6997152892989345
ppo_only,5,0,ppo,13,624.4329833984375,1.7100000381469727,0.12012012012012012,-4.774570036077643
ppo_only,5,0,ppo,14,691.6240234375,1.440000057220459,0.11383039271485487,-5.7039009625842505
ppo_only,5,0,ppo,15,804.3410034179688,1.3600000143051147,0.1092896174863388,-6.901989254847251
ppo_only,5,0,ppo,16,868.2830200195312,1.2699999809265137,0.10666666666666667,-7.626163552602131
ppo_only,5,0,ppo,17,994.2579956054688,1.2400000095367432,0.10188487009679063,-8.906349686711525
ppo_only,5,0,ppo,18,1025.97998046875,1.25,0.10005002501250625,-9.209899854712512
ppo_only,5,0,ppo,19,1115.4300537109375,1.190000057220459,0.09592326139088729,-10.156147002670691
ppo_only,5,0,ppo,20,1183.1099853515625,1.090000033378601,0.09465215333648841,-10.93040412681
ppo_only,5,0,ppo,21,1317.1199951171875,1.0299999713897705,0.09208103130755065,-12.325362042397206
ppo_only,5,0,ppo,22,1439.8599853515625,0.9599999785423279,0.08984725965858041,-13.618294394290459
ppo_only,5,0,ppo,23,1518.3800048828125,0.8999999761581421,0.08920606601248884,-14.46221220469496
ppo_only,5,0,ppo,24,1651.7900390625,0.8519999980926514,0.08722197993894461,-15.84034435241024
ppo_only,5,0,ppo,25,1804.010009765625,0.7860000133514404,0.08561643835616438,-17.425332961017137
ppo_only,5,0,ppo,26,1862.8299560546875,0.7549999952316284,0.0847457627118644,-18.042791090738977
ppo_only,5,0,ppo,27,1957.5799560546875,0.7379999756813049,0.0829531314807134,-19.003705847827
ppo_only,5,0,ppo,28,1903.6099853515625,0.7820000052452087,0.08087343307723413,-18.415846714424887
ppo_only,5,0,ppo,29,1820.780029296875,0.7850000262260437,0.07984031936127745,-17.58248090546526
ppo_only,5,0,ppo,30,1629.8299560546875,0.8140000104904175,0.07730962504831851,-15.638918800153096
ppo_only,5,0,ppo,31,1601.1600341796875,0.8709999918937683,0.07538635506973237,-15.291373060042572
ppo_only,5,0,ppo,32,1612.949951171875,0.9629999995231628,0.0744047619047619,-15.31530903600511
ppo_only,5,0,ppo,33,1633.8900146484375,1.149999976158142,0.07127583749109052,-15.331451845308413
ppo_only,5,0,ppo,34,1677.739990234375,1.2100000381469727,0.06915629322268327,-15.705712450642142
ppo_only,5,0,ppo,35,1717.18994140625,1.190000057220459,0.06798096532970768,-16.11786128750146
ppo_only,5,0,ppo,36,1798.550048828125,1.340000033378601,0.06480881399870382,-16.775118082900057
ppo_only,5,0,ppo,37,1869.6300048828125,1.409999966621399,0.06275494195167869,-17.411809966110084
ppo_only,5,0,ppo,38,1921.469970703125,1.5,0.061614294516327786,-17.837928296063907
ppo_only,5,0,ppo,39,1984.800048828125,1.5399999618530273,0.060994205550472705,-18.42998893752917
ppo_only,5,1,ppo,0,165.95199584960938,2.4100000858306885,0.0,0.7504801273345947
ppo_only,5,1,ppo,1,195.6999969482422,2.4000000953674316,0.0,0.4430001258850098
ppo_only,5,1,ppo,2,222.5229949951172,2.369999885559082,0.0,0.14476993560790996
ppo_only,5,1,ppo,3,250.79299926757812,2.440000057220459,0.0,-0.06792993545532244
ppo_only,5,1,ppo,4,273.9830017089844,2.440000057220459,0.0,-0.29982995986938477
ppo_only,5,1,ppo,5,301.9840087890625,2.4000000953674316,0.0,-0.6198399925231932
ppo_only,5,1,ppo,6,330.1820068359375,2.4000000953674316,0.0,-0.9018199729919432
ppo_only,5,1,ppo,7,355.4930114746094,2.259999990463257,0.0,-1.2949301242828368
ppo_only,5,1,ppo,8,382.4320068359375,2.4000000953674316,0.0,-1.4243199729919436
ppo_only,5,1,ppo,9,409.12200927734375,2.430000066757202,0.0,-1.6612200260162355
ppo_only,5,1,ppo,10,437.3420104980469,2.390000104904175,0.0,-1.9834200000762943
ppo_only,5,1,ppo,11,497.7279968261719,2.380000114440918,0.0,-2.597279853820801
ppo_only,5,1,ppo,12,576.2329711914062,2.380000114440918,0.0,-3.382329597473144
ppo_only,5,1,ppo,13,621.7999877929688,2.609999895095825,0.0,-3.6079999828338627
ppo_only,5,1,ppo,14,711.85302734375,2.7799999713897705,0.0,-4.3385303020477295
ppo_only,5,1,ppo,15,807.1719970703125,2.7699999809265137,0.0,-5.301719989776611
ppo_only,5,1,ppo,16,892.0230102539062,2.75,0.0,-6.170230102539062
ppo_only,5,1,ppo,17,1007.3599853515625,2.9600000381469727,0.0,-7.1135998153686515
ppo_only,5,1,ppo,18,1029.3399658203125,3.1700000762939453,0.0,-7.1233995819091795
ppo_only,5,1,ppo,19,1131.489990234375,3.4000000953674316,0.0,-7.914899806976319
ppo_only,5,1,ppo,20,1219.5400390625,3.440000057220459,0.0,-8.755400333404541
ppo_only,5,1,ppo,21,1350.5400390625,3.569999933242798,0.0,-9.935400457382203
ppo_only,5,1,ppo,22,1459.0899658203125,3.619999885559082,0.10961907371882708,-11.190137920081696
ppo_only,5,1,ppo,23,1580.2099609375,3.5399999618530273,0.1072961373390558,-12.476691922200084
ppo_only,5,1,ppo,24,1721.06005859375,3.740000009536743,0.1023541453428864,-13.675308867086528
ppo_only,5,1,ppo,25,1865.4300537109375,3.819999933242798,0.09886307464162135,-15.03202675314982
ppo_only,5,1,ppo,26,1896.6300048828125,3.5,0.0963855421686747,-15.659071133165474
ppo_only,5,1,ppo,27,1965.1300048828125,3.2300000190734863,0.0944733112895607,-16.61024665233376
ppo_only,5,1,ppo,28,1890.510009765625,2.819999933242798,0.08950548221078541,-16.264111128835022
ppo_only,5,1,ppo,29,1752.9100341796875,2.5999999046325684,0.08605851979345955,-15.101217476751227
ppo_only,5,1,ppo,30,1629.4599609375,2.759999990463257,0.0827300930713547,-13.700059805054451
ppo_only,5,1,ppo,31,1608.0799560546875,3.009999990463257,0.07927070947284978,-13.229340989029318
ppo_only,5,1,ppo,32,1615.8399658203125,3.380000114440918,0.07677543186180422,-12.931950407485814
ppo_only,5,1,ppo,33,1643.47998046875,3.6600000858306885,0.07377351530800443,-12.92234674947282
ppo_only,5,1,ppo,34,1687.93994140625,3.700000047683716,0.07111111111111111,-13.321621588601008
ppo_only,5,1,ppo,35,1732.010009765625,3.690000057220459,0.06906077348066299,-13.768221587397118
ppo_only,5,1,ppo,36,1807.030029296875,3.619999885559082,0.06724949562878278,-14.584799398667233
ppo_only,5,1,ppo,37,1856.6300048828125,3.559999942779541,0.0653061224489796,-15.136912350946544
ppo_only,5,1,ppo,38,1936.0400390625,3.5199999809265137,0.06296237997796317,-15.96632516965441
ppo_only,5,1,ppo,39,1981.1300048828125,3.430000066757202,0.0622568093385214,-16.505813600747967
ppo_only,5,2,ppo,0,167.72300720214844,2.4000000953674316,0.0,0.7227700233459473
ppo_only,5,2,ppo,1,196.19400024414062,2.4000000953674316,0.0,0.43806009292602544
ppo_only,5,2,ppo,2,222.77099609375,2.369999885559082,0.0,0.14228992462158185
ppo_only,5,2,ppo,3,249.78799438476562,2.369999885559082,0.0,-0.12788005828857418
ppo_only,5,2,ppo,4,275.02301025390625,2.369999885559082,0.0,-0.3802302169799803
ppo_only,5,2,ppo,5,300.4259948730469,2.359999895095825,0.0,-0.6442600536346434
ppo_only,5,2,ppo,6,331.0870056152344,2.4000000953674316,0.0,-0.910869960784912
ppo_only,5,2,ppo,7,357.2869873046875,2.369999885559082,0.0,-1.202869987487793
ppo_only,5,2,ppo,8,383.21600341796875,2.4100000858306885,0.0,-1.422159948348999
ppo_only,5,2,ppo,9,409.64801025390625,2.369999885559082,0.0,-1.7264802169799802
ppo_only,5,2,ppo,10,442.5710144042969,2.390000104904175,0.0,-2.0357100391387943
ppo_only,5,2,ppo,11,500.6960144042969,2.380000114440918,0.0,-2.626960029602051
ppo_only,5,2,ppo,12,577.7509765625,2.440000057220459,0.0,-3.337509708404541
ppo_only,5,2,ppo,13,636.47998046875,2.680000066757202,0.0,-3.684799737930298
ppo_only,5,2,ppo,14,701.6849975585938,2.6600000858306885,0.0,-4.3568498897552494
ppo_only,5,2,ppo,15,811.7050170898438,2.7699999809265137,0.0,-5.347050189971924
ppo_only,5,2,ppo,16,914.4349975585938,2.8399999141693115,0.0,-6.304350061416626
ppo_only,5,2,ppo,17,1002.1400146484375,2.890000104904175,0.0,-7.1314000415802
ppo_only,5,2,ppo,18,1037.8599853515625,3.2799999713897705,0.0,-7.098599882125855
ppo_only,5,2,ppo,19,1130.56005859375,3.3399999141693115,0.0,-7.965600671768188
ppo_only,5,2,ppo,20,1251.5899658203125,3.509999990463257,0.0,-9.005899667739868
ppo_only,5,2,ppo,21,1359.4200439453125,3.4600000381469727,0.0,-10.134200401306153
ppo_only,5,2,ppo,22,1471.47998046875,3.5399999618530273,0.0,-11.174799842834473
ppo_only,5,2,ppo,23,1595.1700439453125,3.7300000190734863,0.0,-12.221700420379639
ppo_only,5,2,ppo,24,1703.1800537109375,3.640000104904175,0.0,-13.391800432205201
ppo_only,5,2,ppo,25,1852.3499755859375,3.7200000286102295,0.09352349777881692,-14.99054672280678
ppo_only,5,2,ppo,26,1922.1099853515625,4.059999942779541,0.08968609865470852,-15.340472108045502
ppo_only,5,2,ppo,27,1973.0400390625,4.360000133514404,0.08650519031141868,-15.543410637733434
ppo_only,5,2,ppo,28,1904.280029296875,4.670000076293945,0.16600954554886907,-14.704819307772542
ppo_only,5,2,ppo,29,1721.6600341796875,4.039999961853027,0.15891934843067143,-13.494439076805193
ppo_only,5,2,ppo,30,1621.0699462890625,3.5399999618530273,0.15414258188824662,-12.978984664814089
ppo_only,5,2,ppo,31,1606.43994140625,3.5399999618530273,0.14790164540580514,-12.820202743021083
ppo_only,5,2,ppo,32,1615.7099609375,3.880000114440918,0.1411930815390046,-12.55948565801209
ppo_only,5,2,ppo,33,1634.4599609375,3.990000009536743,0.13783597518952448,-12.630271550217305
ppo_only,5,2,ppo,34,1684.4599609375,3.9000000953674316,0.13262599469496023,-13.209851503397488
ppo_only,5,2,ppo,35,1736.81005859375,3.9200000762939453,0.1271657924018439,-13.702432094447243
ppo_only,5,2,ppo,36,1792.6199951171875,3.880000114440918,0.12366671819446591,-14.293533273119888
ppo_only,5,2,ppo,37,1863.93994140625,3.869999885559082,0.11938516639307566,-15.008169861289568
ppo_only,5,2,ppo,38,40.08399963378906,3.8299999237060547,0.11707888189667788,3.195002163574808
ppo_only,5,2,ppo,39,1998.5799560546875,3.890000104904175,0.11176306230790724,-16.319325580258518
ppo_only,5,3,ppo,0,167.90199279785156,2.3399999141693115,0.0,0.6609799861907959
ppo_only,5,3,ppo,1,195.39500427246094,2.3499999046325684,0.0,0.3960498619079589
ppo_only,5,3,ppo,2,221.7899932861328,2.390000104904175,0.0,0.17210017204284656
ppo_only,5,3,ppo,3,249.83999633789062,2.369999885559082,0.0,-0.12840007781982443
ppo_only,5,3,ppo,4,274.4280090332031,2.3299999237060547,0.0,-0.4142801666259768
ppo_only,5,3,ppo,5,301.87701416015625,2.380000114440918,0.0,-0.6387700271606445
ppo_only,5,3,ppo,6,328.3699951171875,2.380000114440918,0.0,-0.903699836730957
ppo_only,5,3,ppo,7,357.18701171875,2.390000104904175,0.0,-1.181870012283325
ppo_only,5,3,ppo,8,378.8030090332031,2.359999895095825,0.0,-1.428030195236206
ppo_only,5,3,ppo,9,408.3330078125,2.3399999141693115,0.0,-1.7433301639556884
ppo_only,5,3,ppo,10,446.2130126953125,2.430000066757202,0.0,-2.0321300601959225
ppo_only,5,3,ppo,11,507.29998779296875,2.4200000762939453,0.0,-2.652999801635742
ppo_only,5,3,ppo,12,588.2769775390625,2.4700000286102295,0.0,-3.4127697467803957
ppo_only,5,3,ppo,13,639.68701171875,2.619999885559082,0.0,-3.7768702316284184
ppo_only,5,3,ppo,14,712.1439819335938,2.690000057220459,0.0,-4.431439762115478
ppo_only,5,3,ppo,15,786.280029296875,2.7300000190734863,0.09718172983479106,-5.327163733564845
ppo_only,5,3,ppo,16,920.5599975585938,2.740000009536743,0.09250693802035152,-6.650613842089896
ppo_only,5,3,ppo,17,982.8319702148438,2.4800000190734863,0.08968609865470852,-7.527691880384369
ppo_only,5,3,ppo,18,1026.02001953125,1.8200000524520874,0.08385744234800839,-8.607915027556428
ppo_only,5,3,ppo,19,1069.02001953125,1.649999976158142,0.08322929671244278,-9.206658812579242
ppo_only,5,3,ppo,20,1228.780029296875,1.5800000429153442,0.08003201280512205,-10.867864275663651
ppo_only,5,3,ppo,21,1318.0999755859375,1.5399999618530273,0.07686395080707148,-11.794727695620491
ppo_only,5,3,ppo,22,1471.4000244140625,1.4600000381469727,0.0751597143930853,-13.404319634779823
ppo_only,5,3,ppo,23,1595.989990234375,1.409999966621399,0.07285974499089254,-14.695619425704136
ppo_only,5,3,ppo,24,1670.0699462890625,1.350000023841858,0.07142857142857142,-15.49355658190591
ppo_only,5,3,ppo,25,1773.68994140625,1.2599999904632568,0.0711743772241993,-16.61924817804764
ppo_only,5,3,ppo,26,1893.6700439453125,1.2799999713897705,0.069856793573175,-17.796414055209706
ppo_only,5,3,ppo,27,1970.989990234375,1.1799999475479126,0.13610071452875128,-18.80210138385334
ppo_only,5,3,ppo,28,1946.0400390625,1.1799999475479126,0.13582342954159593,-18.55204730216028
ppo_only,5,3,ppo,29,1754.5899658203125,1.0199999809265137,0.13382402141184344,-16.7935477201003
ppo_only,5,3,ppo,30,1625.030029296875,0.8539999723434448,0.1314060446780552,-15.659112409981415
ppo_only,5,3,ppo,31,1614.0699462890625,0.8820000290870667,0.1310615989515072,-15.52082263170657
ppo_only,5,3,ppo,32,1614.280029296875,0.8349999785423279,0.12890750886239125,-15.565615332151205
ppo_only,5,3,ppo,33,1609.93994140625,0.7509999871253967,0.12658227848101267,-15.601563983899128
ppo_only,5,3,ppo,34,1631.1700439453125,0.7419999837875366,0.12626262626262627,-15.822225708190842
ppo_only,5,3,ppo,35,1729.1099853515625,0.7400000095367432,0.12418503570319776,-16.799469915385277
ppo_only,5,3,ppo,36,1777.1600341796875,0.7480000257492065,0.1218026796589525,-17.267205675365574
ppo_only,5,3,ppo,37,1805.8299560546875,0.7350000143051147,0.12150668286755771,-17.566312911976876
ppo_only,5,3,ppo,38,1932.1800537109375,0.7179999947547913,0.12001200120012001,-18.843824544754824
ppo_only,5,3,ppo,39,1995.52001953125,0.7070000171661377,0.11848341232227488,-19.485167002790913
ppo_only,6,0,ppo,0,163.99899291992188,2.4200000762939453,0.0,0.7800101470947265
ppo_only,6,0,ppo,1,194.91299438476562,2.4200000762939453,0.0,0.47087013244628917
ppo_only,6,0,ppo,2,224.5760040283203,2.440000057220459,0.0,0.1942400169372558
ppo_only,6,0,ppo,3,250.343994140625,2.430000066757202,0.0,-0.07343987464904789
ppo_only,6,0,ppo,4,274.114990234375,2.4100000858306885,0.0,-0.3311498165130615
ppo_only,6,0,ppo,5,302.16400146484375,2.4800000190734863,0.0,-0.5416399955749513
ppo_only,6,0,ppo,6,330.0299987792969,2.4000000953674316,0.0,-0.900299892425537
ppo_only,6,0,ppo,7,354.96099853515625,2.430000066757202,0.0,-1.1196099185943602
ppo_only,6,0,ppo,8,382.7980041503906,2.4100000858306885,0.0,-1.4179799556732178
ppo_only,6,0,ppo,9,407.5260009765625,2.430000066757202,0.0,-1.6452599430084227
ppo_only,6,0,ppo,10,439.4110107421875,2.380000114440918,0.0,-2.0141099929809574
ppo_only,6,0,ppo,11,505.3630065917969,2.4200000762939453,0.0,-2.6336299896240236
ppo_only,6,0,ppo,12,573.39501953125,2.380000114440918,0.0,-3.3539500808715816
ppo_only,6,0,ppo,13,659.655029296875,2.4000000953674316,0.0,-4.196550197601319
ppo_only,6,0,ppo,14,771.052978515625,2.440000057220459,0.105318588730911,-5.481166905397613
ppo_only,6,0,ppo,15,877.47900390625,2.259999990463257,0.10152284263959391,-6.717835733878431
ppo_only,6,0,ppo,16,917.7440185546875,1.7200000286102295,0.09751340809361288,-7.652466973123871
ppo_only,6,0,ppo,17,1017.5599975585938,1.4299999475479126,0.09438414346389806,-8.934368314965822
ppo_only,6,0,ppo,18,1111.5799560546875,1.350000023841858,0.09095043201455207,-9.947700400734123
ppo_only,6,0,ppo,19,1253.1800537109375,1.2400000095367432,0.08904719501335707,-11.469894917599346
ppo_only,6,0,ppo,20,1322.1500244140625,1.2999999523162842,0.08547008547008547,-12.092440462764511
ppo_only,6,0,ppo,21,1343.6800537109375,1.2599999904632568,0.08428150021070376,-12.345363547067526
ppo_only,6,0,ppo,22,1395.3900146484375,1.340000033378601,0.08120178643930166,-12.776303685984377
ppo_only,6,0,ppo,23,1320.56005859375,1.399999976158142,0.07846214201647705,-11.962524893812311
ppo_only,6,0,ppo,24,1199.989990234375,1.4199999570846558,0.0759589821496392,-10.731817909558371
ppo_only,6,0,ppo,25,1226.8699951171875,1.5499999523162842,0.07344840249724569,-10.865596803850082
ppo_only,6,0,ppo,26,1262.550048828125,1.6299999952316284,0.0715307582260372,-11.138562009501698
ppo_only,6,0,ppo,27,1303.8199462890625,1.590000033378601,0.06932409012131716,-11.586847609754658
ppo_only,6,0,ppo,28,1349.510009765625,1.5299999713897705,0.06828269033799932,-12.101665506942478
ppo_only,6,0,ppo,29,1392.6800537109375,1.5,0.06651147322913202,-12.559823483567639
ppo_only,6,0,ppo,30,1422.3800048828125,1.4700000286102295,0.06466214031684449,-12.883124300851584
ppo_only,6,0,ppo,31,1472.0899658203125,1.4199999570846558,0.06369426751592357,-13.428288236150316
ppo_only,6,0,ppo,32,1503.239990234375,1.4199999570846558,0.06142506142506143,-13.735250068109217
ppo_only,6,0,ppo,33,1525.52001953125,1.4199999570846558,0.060551014229488345,-13.956302266686821
ppo_only,6,0,ppo,34,1559.5799560546875,1.4299999475479126,0.05894488653109343,-14.283689386061148
ppo_only,6,0,ppo,35,1576.2900390625,1.4700000286102295,0.057290174735032943,-14.407480711484835
ppo_only,6,0,ppo,36,1587.739990234375,1.4900000095367432,0.056417489421720736,-14.500234871650449
ppo_only,6,0,ppo,37,1574.6400146484375,1.6100000143051147,0.05451076587626056,-14.245421663931781
ppo_only,6,0,ppo,38,1549.1099853515625,1.75,0.05215123859191656,-13.845402330699457
ppo_only,6,0,ppo,39,1538.550048828125,1.8300000429153442,0.0514668039114771,-13.658434053188861
ppo_only,6,1,ppo,0,165.79200744628906,2.4100000858306885,0.0,0.7520800113677979
ppo_only,6,1,ppo,1,195.61700439453125,2.4100000858306885,0.0,0.453830041885376
ppo_only,6,1,ppo,2,223.16400146484375,2.440000057220459,0.0,0.20836004257202134
ppo_only,6,1,ppo,3,250.197998046875,2.450000047683716,0.0,-0.05197993278503432
ppo_only,6,1,ppo,4,274.7980041503906,2.450000047683716,0.0,-0.29797999382019036
ppo_only,6,1,ppo,5,302.906005859375,2.4600000381469727,0.0,-0.5690600204467775
ppo_only,6,1,ppo,6,330.2330017089844,2.4000000953674316,0.0,-0.9023299217224121
ppo_only,6,1,ppo,7,354.55999755859375,2.4100000858306885,0.0,-1.135599889755249
ppo_only,6,1,ppo,8,381.8380126953125,2.4100000858306885,0.0,-1.4083800411224363
ppo_only,6,1,ppo,9,408.2799987792969,2.430000066757202,0.0,-1.6527999210357667
ppo_only,6,1,ppo,10,437.3869934082031,2.380000114440918,0.0,-1.9938698196411133
ppo_only,6,1,ppo,11,491.7659912109375,2.380000114440918,0.0,-2.537659797668457
ppo_only,6,1,ppo,12,575.405029296875,2.369999885559082,0.0,-3.384050407409668
ppo_only,6,1,ppo,13,670.3690185546875,2.4100000858306885,0.0,-4.293690099716186
ppo_only,6,1,ppo,14,779.3060302734375,2.450000047683716,0.0,-5.343060255050659
ppo_only,6,1,ppo,15,866.1179809570312,2.390000104904175,0.0,-6.271179704666137
ppo_only,6,1,ppo,16,926.8709716796875,2.7200000286102295,0.0,-6.548709688186646
ppo_only,6,1,ppo,17,1032.3199462890625,2.7100000381469727,0.16597510373443983,-7.945149632212532
ppo_only,6,1,ppo,18,1144.3499755859375,2.8299999237060547,0.15822784810126583,-8.929955528355851
ppo_only,6,1,ppo,19,1238.719970703125,2.690000057220459,0.156128024980484,-10.00945569977176
ppo_only,6,1,ppo,20,1316.530029296875,2.299999952316284,0.14705882352941177,-11.15941798771129
ppo_only,6,1,ppo,21,1361.0400390625,2.0199999809265137,0.14404033129276198,-11.878481072284009
ppo_only,6,1,ppo,22,1392.6500244140625,1.8300000429153442,0.138217000691085,-12.37293420260745
ppo_only,6,1,ppo,23,1307.27001953125,1.9199999570846558,0.132406487917908,-11.41751321406366
ppo_only,6,1,ppo,24,1205.3299560546875,2.009999990463257,0.12686330478908975,-10.297026179661799
ppo_only,6,1,ppo,25,1231.27001953125,2.259999990463257,0.12135922330097088,-10.295418651451184
ppo_only,6,1,ppo,26,1256.72998046875,2.4000000953674316,0.11933174224343675,-10.405963193806944
ppo_only,6,1,ppo,27,1303.3399658203125,2.490000009536743,0.11258091753447791,-10.768561483735338
ppo_only,6,1,ppo,28,1346.530029296875,2.4200000762939453,0.11037527593818984,-11.266050768551185
ppo_only,6,1,ppo,29,1398.1600341796875,2.4200000762939453,0.10610079575596817,-11.773801857014867
ppo_only,6,1,ppo,30,1431.6099853515625,2.4200000762939453,0.10245901639344263,-12.101017810008566
ppo_only,6,1,ppo,31,1467.3199462890625,2.359999895095825,0.10121457489878542,-12.51562871759237
ppo_only,6,1,ppo,32,1504.949951171875,2.359999895095825,0.0968054211035818,-12.883110458830089
ppo_only,6,1,ppo,33,1526.3399658203125,2.319999933242798,0.09465215333648841,-13.132704031633304
ppo_only,6,1,ppo,34,1558.9599609375,2.2899999618530273,0.09321836401771148,-13.486036375557395
ppo_only,6,1,ppo,35,1581.530029296875,2.2799999713897705,0.08916629514043692,-13.713632911859854
ppo_only,6,1,ppo,36,1577.68994140625,2.2899999618530273,0.0877385391533231,-13.66237653051612
ppo_only,6,1,ppo,37,1579.3599853515625,2.299999952316284,0.08557980316645272,-13.664759507532246
ppo_only,6,1,ppo,38,1548.5999755859375,2.299999952316284,0.08300477277443453,-13.35200934909196
ppo_only,6,1,ppo,39,1535.25,2.3499999046325684,0.08208495793145906,-13.166670011230348
ppo_only,6,2,ppo,0,167.53500366210938,2.4000000953674316,0.0,0.7246500587463378
ppo_only,6,2,ppo,1,196.1719970703125,2.4100000858306885,0.0,0.4482801151275635
ppo_only,6,2,ppo,2,223.43099975585938,2.3399999141693115,0.0,0.10568991661071792
ppo_only,6,2,ppo,3,251.81500244140625,2.4000000953674316,0.0,-0.11814992904663102
ppo_only,6,2,ppo,4,275.6189880371094,2.380000114440918,0.0,-0.37618976593017583
ppo_only,6,2,ppo,5,300.79901123046875,2.359999895095825,0.0,-0.6479902172088625
ppo_only,6,2,ppo,6,330.718994140625,2.4000000953674316,0.0,-0.9071898460388184
ppo_only,6,2,ppo,7,355.2409973144531,2.4000000953674316,0.0,-1.1524098777770995
ppo_only,6,2,ppo,8,382.4750061035156,2.4100000858306885,0.0,-1.4147499752044679
ppo_only,6,2,ppo,9,409.6510009765625,2.369999885559082,0.0,-1.726510124206543
ppo_only,6,2,ppo,10,443.83599853515625,2.380000114440918,0.0,-2.0583598709106443
ppo_only,6,2,ppo,11,497.3179931640625,2.4100000858306885,0.0,-2.5631798458099366
ppo_only,6,2,ppo,12,578.9569702148438,2.4200000762939453,0.0,-3.369569625854492
ppo_only,6,2,ppo,13,680.3090209960938,2.450000047683716,0.0,-4.353090162277222
ppo_only,6,2,ppo,14,772.4210205078125,2.4000000953674316,0.0,-5.324210109710694
ppo_only,6,2,ppo,15,864.5570068359375,2.4200000762939453,0.0,-6.225569992065429
ppo_only,6,2,ppo,16,927.4760131835938,2.5799999237060547,0.0,-6.694760208129884
ppo_only,6,2,ppo,17,1001.3599853515625,2.7200000286102295,0.0,-7.293599824905396
ppo_only,6,2,ppo,18,1123.5699462890625,2.7699999809265137,0.0,-8.465699481964112
ppo_only,6,2,ppo,19,1230.25,2.799999952316284,0.14847809948032664,-9.799456246644368
ppo_only,6,2,ppo,20,1317.949951171875,3.0399999618530273,0.21329541414859582,-10.566090378162915
ppo_only,6,2,ppo,21,1363.0999755859375,2.9100000858306885,0.20304568527918782,-11.127091040587061
ppo_only,6,2,ppo,22,1382.1800537109375,2.6600000858306885,0.1986754966887417,-11.55915144465617
ppo_only,6,2,ppo,23,1280.5799560546875,2.240000009536743,0.18915510718789408,-10.944109765385921
ppo_only,6,2,ppo,24,1209.469970703125,2.200000047683716,0.1841620626151013,-10.263023784577737
ppo_only,6,2,ppo,25,1228.760009765625,2.4000000953674316,0.1757469244288225,-10.239093851146464
ppo_only,6,2,ppo,26,1260.3900146484375,2.5799999237060547,0.167973124300112,-10.359846471378543
ppo_only,6,2,ppo,27,1300.530029296875,2.619999885559082,0.16194331983805668,-10.70918704708578
ppo_only,6,2,ppo,28,1358.4300537109375,2.6700000762939453,0.15396458814472672,-11.222229637104883
ppo_only,6,2,ppo,29,1402.3199462890625,2.6700000762939453,0.15022533800701052,-11.653650062610701
ppo_only,6,2,ppo,30,1436.2099609375,2.6700000762939453,0.14580801944106925,-11.983715571963195
ppo_only,6,2,ppo,31,1463.8199462890625,2.7100000381469727,0.14071294559099437,-12.209625315925642
ppo_only,6,2,ppo,32,1502.780029296875,2.7100000381469727,0.136394635144351,-12.590589525110481
ppo_only,6,2,ppo,33,1532.8800048828125,2.7200000286102295,0.17586282699494393,-12.960525674207783
ppo_only,6,2,ppo,34,1556.1700439453125,2.690000057220459,0.17342293518317797,-13.218546252599022
ppo_only,6,2,ppo,35,1580.780029296875,2.700000047683716,0.16967126193001061,-13.447142769145056
ppo_only,6,2,ppo,36,1572.010009765625,2.5399999618530273,0.16522098306484923,-13.51054210193292
ppo_only,6,2,ppo,37,1571.300048828125,2.430000066757202,0.1641025641025641,-13.611205549729176
ppo_only,6,2,ppo,38,1548.0799560546875,2.0299999713897705,0.15984015984015984,-13.770479908837425
ppo_only,6,2,ppo,39,1533.760009765625,1.9299999475479126,0.15561174868702587,-13.718823647482388
ppo_only,6,3,ppo,0,167.44900512695312,2.3399999141693115,0.0,0.6655098628997802
ppo_only,6,3,ppo,1,195.5850067138672,2.3499999046325684,0.0,0.39414983749389654
ppo_only,6,3,ppo,2,221.8719940185547,2.390000104904175,0.0,0.17128016471862795
ppo_only,6,3,ppo,3,249.14300537109375,2.359999895095825,0.0,-0.1314301586151121
ppo_only,6,3,ppo,4,275.6910095214844,2.3299999237060547,0.0,-0.42691017150878885
ppo_only,6,3,ppo,5,298.6470031738281,2.319999933242798,0.0,-0.6664700984954832
ppo_only,6,3,ppo,6,329.3970031738281,2.369999885559082,0.0,-0.9239701461791991
ppo_only,6,3,ppo,7,355.7919921875,2.369999885559082,0.0,-1.187920036315918
ppo_only,6,3,ppo,8,378.9079895019531,2.359999895095825,0.0,-1.4290799999237063
ppo_only,6,3,ppo,9,407.9020080566406,2.3399999141693115,0.0,-1.7390201663970943
ppo_only,6,3,ppo,10,446.2950134277344,2.380000114440918,0.0,-2.082950019836426
ppo_only,6,3,ppo,11,506.4540100097656,2.440000057220459,0.0,-2.6245400428771974
ppo_only,6,3,ppo,12,590.4970092773438,2.440000057220459,0.0,-3.4649700355529784
ppo_only,6,3,ppo,13,673.4400024414062,2.359999895095825,0.0,-4.3744001293182375
ppo_only,6,3,ppo,14,727.8140258789062,2.4000000953674316,0.0,-4.878140163421631
ppo_only,6,3,ppo,15,879.031982421875,2.5,0.0,-6.29031982421875
ppo_only,6,3,ppo,16,940.3189697265625,2.5999999046325684,0.0,-6.803189792633056
ppo_only,6,3,ppo,17,1012.7000122070312,2.819999933242798,0.0,-7.307000188827514
ppo_only,6,3,ppo,18,1150.4300537109375,2.690000057220459,0.0,-8.814300479888916
ppo_only,6,3,ppo,19,1272.2900390625,2.9100000858306885,0.0,-9.812900304794312
ppo_only,6,3,ppo,20,1311.5799560546875,2.940000057220459,0.06944444444444445,-10.314688392215306
ppo_only,6,3,ppo,21,1364.43994140625,3.3299999237060547,0.19815059445178335,-10.710700679260011
ppo_only,6,3,ppo,22,1396.31005859375,3.690000057220459,0.18861993083935868,-10.650340390395758
ppo_only,6,3,ppo,23,1279.280029296875,3.2699999809265137,0.18165304268846502,-9.886106397419166
ppo_only,6,3,ppo,24,1200.0400390625,2.5899999141693115,0.1717721156598912,-9.75394470777547
ppo_only,6,3,ppo,25,1232.530029296875,2.809999942779541,0.16597510373443983,-9.84725055765809
ppo_only,6,3,ppo,26,1259.699951171875,2.950000047683716,0.1563721657544957,-9.959743795544025
ppo_only,6,3,ppo,27,1308.31005859375,2.890000104904175,0.15364916773367476,-10.500398816500674
ppo_only,6,3,ppo,28,1362.969970703125,2.950000047683716,0.14619883040935672,-10.972097320166247
ppo_only,6,3,ppo,29,1394.56005859375,2.990000009536743,0.14064697609001406,-11.236894528580784
ppo_only,6,3,ppo,30,1440.989990234375,3.0199999809265137,0.13602357742008614,-11.661947076257409
ppo_only,6,3,ppo,31,1479.52001953125,3.0899999141693115,0.12908777969018934,-11.963375840523566
ppo_only,6,3,ppo,32,1493.7099609375,3.0899999141693115,0.12784998934583422,-12.102799673897357
ppo_only,6,3,ppo,33,1531.9100341796875,3.109999895095825,0.12325390304026294,-12.455608252781577
ppo_only,6,3,ppo,34,1559.030029296875,3.1500000953674316,0.11757789535567313,-12.675455988312665
ppo_only,6,3,ppo,35,1576.7099609375,3.130000114440918,0.11655011655011654,-12.870199728034315
ppo_only,6,3,ppo,36,1573.2099609375,3.2100000381469727,0.1122334455667789,-12.746566462361585
ppo_only,6,3,ppo,37,1574.3399658203125,3.240000009536743,0.10785547366528851,-12.719110595996959
ppo_only,6,3,ppo,38,1546.969970703125,3.2200000286102295,0.10640184429863452,-12.46250336701829
ppo_only,6,3,ppo,39,1539.4300537109375,3.299999952316284,0.10233668770254137,-12.298973960198174
ppo_only,7,0,ppo,0,164.1439971923828,2.4200000762939453,0.0,0.7785601043701171
ppo_only,7,0,ppo,1,195.03399658203125,2.4200000762939453,0.0,0.4696601104736329
ppo_only,7,0,ppo,2,223.1439971923828,2.440000057220459,0.0,0.20856008529663095
ppo_only,7,0,ppo,3,248.01100158691406,2.450000047683716,0.0,-0.030109968185424663
ppo_only,7,0,ppo,4,252.8350067138672,2.5999999046325684,0.0,0.0716498374938963
ppo_only,7,0,ppo,5,281.1839904785156,2.619999885559082,0.0,-0.19184001922607408
ppo_only,7,0,ppo,6,310.3450012207031,2.6500000953674316,0.0,-0.4534499168395998
ppo_only,7,0,ppo,7,336.2049865722656,2.640000104904175,0.0,-0.7220497608184813
ppo_only,7,0,ppo,8,355.7090148925781,2.640000104904175,0.0,-0.9170900440216063
ppo_only,7,0,ppo,9,381.3210144042969,2.6600000858306885,0.1530221882172915,-1.4592544346468634
ppo_only,7,0,ppo,10,386.8179931640625,2.0,0.14388489208633093,-2.155949715813287
ppo_only,7,0,ppo,11,408.0469970703125,1.909999966621399,0.13404825737265416,-2.4385665188270345
ppo_only,7,0,ppo,12,464.34100341796875,1.8799999952316284,0.12437810945273632,-3.012166257853532
ppo_only,7,0,ppo,13,522.25,1.7599999904632568,0.1180637544273908,-3.698627518391525
ppo_only,7,0,ppo,14,594.3759765625,1.649999976158142,0.11229646266142616,-4.51835271478971
ppo_only,7,0,ppo,15,665.3079833984375,1.5099999904632568,0.10899182561307902,-5.361063494747276
ppo_only,7,0,ppo,16,722.281982421875,1.3899999856948853,0.10587612493382742,-6.044572088391519
ppo_only,7,0,ppo,17,807.531982421875,1.2699999809265137,0.1016260162601626,-7.008571875812562
ppo_only,7,0,ppo,18,816.8170166015625,1.2699999809265137,0.09837678307919331,-7.094923751247498
ppo_only,7,0,ppo,19,850.5869750976562,1.2200000286102295,0.09652509652509653,-7.478919915416527
ppo_only,7,0,ppo,20,934.6580200195312,1.1100000143051147,0.0931098696461825,-8.422799925182563
ppo_only,7,0,ppo,21,1016.3599853515625,1.0099999904632568,0.09186954524575103,-9.33733895354387
ppo_only,7,0,ppo,22,1114.030029296875,0.9369999766349792,0.08912655971479501,-10.38155343576336
ppo_only,7,0,ppo,23,1189.2900390625,0.8600000143051147,0.08845643520566121,-11.209813246731208
ppo_only,7,0,ppo,24,1306.5699462890625,0.8379999995231628,0.086244070720138,-12.400187604807739
ppo_only,7,0,ppo,25,1401.4100341796875,0.7929999828338623,0.0846740050804403,-13.390448369123893
ppo_only,7,0,ppo,26,1492.719970703125,0.7400000095367432,0.0839278220730172,-14.35505534164054
ppo_only,7,0,ppo,27,1606.2099609375,0.753000020980835,0.08130081300813008,-15.471701214410425
ppo_only,7,0,ppo,28,1697.4300537109375,0.7419999837875366,0.07974481658692185,-16.391790186495683
ppo_only,7,0,ppo,29,1758.3499755859375,0.7250000238418579,0.0791765637371338,-17.016852859491784
ppo_only,7,0,ppo,30,1869.4200439453125,0.7789999842643738,0.0764525993883792,-18.06810565396551
ppo_only,7,0,ppo,31,1909.949951171875,0.8579999804496765,0.07396449704142012,-18.389428525351914
ppo_only,7,0,ppo,32,1845.5699462890625,0.9580000042915344,0.07312614259597806,-17.643951743791046
ppo_only,7,0,ppo,33,1740.0699462890625,1.1100000143051147,0.06944444444444445,-16.4295883374744
ppo_only,7,0,ppo,34,1729.010009765625,1.2699999809265137,0.06633499170812604,-16.15277010014599
ppo_only,7,0,ppo,35,1751.18994140625,1.440000057220459,0.06523157208088715,-16.202362501003815
ppo_only,7,0,ppo,36,1811.4000244140625,1.6399999856948853,0.06176652254478073,-16.597533303535304
ppo_only,7,0,ppo,37,1874.8499755859375,1.8300000429153442,0.05868544600938967,-17.03587060496281
ppo_only,7,0,ppo,38,1942.1099853515625,1.940000057220459,0.056417489421720736,-17.593934775138607
ppo_only,7,0,ppo,39,2006.0699462890625,1.9700000286102295,0.055279159756771695,-18.20125775379394
ppo_only,7,1,ppo,0,165.77699279785156,2.4100000858306885,0.0,0.7522301578521728
ppo_only,7,1,ppo,1,195.64100646972656,2.4000000953674316,0.0,0.4435900306701661
ppo_only,7,1,ppo,2,223.49899291992188,2.430000066757202,0.0,0.19501013755798358
ppo_only,7,1,ppo,3,248.73699951171875,2.2899999618530273,0.40816326530612246,-1.013696563876405
ppo_only,7,1,ppo,4,252.57000732421875,1.7999999523162842,0.3472222222222222,-1.4201445653703477
ppo_only,7,1,ppo,5,281.0329895019531,1.8300000429153442,0.2994011976047904,-1.5791322473137677
ppo_only,7,1,ppo,6,313.3299865722656,1.809999942779541,0.2628120893561104,-1.848924101655336
ppo_only,7,1,ppo,7,334.0769958496094,1.75,0.2361275088547816,-2.063024976205657
ppo_only,7,1,ppo,8,353.9679870605469,1.7200000286102295,0.21645021645021645,-2.252580274895672
ppo_only,7,1,ppo,9,377.77398681640625,1.6100000143051147,0.19801980198019803,-2.5637794578193436
ppo_only,7,1,ppo,10,377.3760070800781,1.5499999523162842,0.18484288354898337,-2.5934458855824642
ppo_only,7,1,ppo,11,405.885986328125,1.4900000095367432,0.17271157167530224,-2.9142829970951114
ppo_only,7,1,ppo,12,460.4830017089844,1.309999942779541,0.1631321370309951,-3.621094348372293
ppo_only,7,1,ppo,13,519.0609741210938,1.1799999475479126,0.15552099533437014,-4.321651784331765
ppo_only,7,1,ppo,14,585.9459838867188,1.0800000429153442,0.14925373134328357,-5.07796725863841
ppo_only,7,1,ppo,15,652.0189819335938,0.9900000095367432,0.1444043321299639,-5.818998474059121
ppo_only,7,1,ppo,16,723.7520141601562,0.9010000228881836,0.13986013986013987,-6.616240398433659
ppo_only,7,1,ppo,17,800.8400268554688,0.906000018119812,0.1350438892640108,-7.372488028962898
ppo_only,7,1,ppo,18,810.1259765625,0.9909999966621399,0.12919896640826872,-7.368657701779398
ppo_only,7,1,ppo,19,849.1849975585938,1.0399999618530273,0.12492192379762648,-7.701693861328163
ppo_only,7,1,ppo,20,935.7310180664062,1.090000033378601,0.11855364552459988,-8.504417438334663
ppo_only,7,1,ppo,21,1015.6400146484375,1.100000023841858,0.11507479861910241,-9.286549719880721
ppo_only,7,1,ppo,22,1117.3900146484375,1.1799999475479126,0.10875475802066341,-10.211409714977789
ppo_only,7,1,ppo,23,1194.8800048828125,1.1699999570846558,0.10604453870625663,-10.990889169155983
ppo_only,7,1,ppo,24,1320.3499755859375,1.25,0.20263424518743667,-12.358768246234249
ppo_only,7,1,ppo,25,1420.030029296875,1.2599999904632568,0.199203187250996,-13.338706677007485
ppo_only,7,1,ppo,26,1550.5,1.3300000429153442,0.19455252918287938,-14.564105015450416
ppo_only,7,1,ppo,27,1601.6800537109375,1.2300000190734863,0.18984337921214997,-15.16648727646019
ppo_only,7,1,ppo,28,1677.5799560546875,1.0800000429153442,0.18682858477347034,-16.069456687178473
ppo_only,7,1,ppo,29,1754.8699951171875,0.9599999785423279,0.18407731247123793,-16.956854597572026
ppo_only,7,1,ppo,30,1865.7900390625,0.8230000138282776,0.17761989342806395,-18.19014016365285
ppo_only,7,1,ppo,31,1904.719970703125,0.8410000205039978,0.17368649587494572,-18.553572678277146
ppo_only,7,1,ppo,32,1832.8299560546875,0.8989999890327454,0.1710863986313088,-17.771472368776745
ppo_only,7,1,ppo,33,1742.8699951171875,0.953000009059906,0.16488046166529266,-16.805460865442555
ppo_only,7,1,ppo,34,1729.6800537109375,0.9710000157356262,0.16161616161616163,-16.649032844606072
ppo_only,7,1,ppo,35,1752.3299560546875,1.0499999523162842,0.15885623510722796,-16.791012078445046
ppo_only,7,1,ppo,36,40.06800079345703,1.1100000143051147,0.15384615384615385,0.4016276986782367
ppo_only,7,1,ppo,37,1846.260009765625,1.0800000429153442,0.15249714067861228,-17.68759433609813
ppo_only,7,1,ppo,38,1915.56005859375,1.0499999523162842,0.14992503748125938,-18.405450708583732
ppo_only,7,1,ppo,39,1957.22998046875,1.059999942779541,0.14792899408284024,-18.808157850073638
ppo_only,7,2,ppo,0,167.4250030517578,2.4100000858306885,0.0,0.7357500553131104
ppo_only,7,2,ppo,1,196.3730010986328,2.4000000953674316,0.0,0.4362700843811036
ppo_only,7,2,ppo,2,223.89999389648438,2.3299999237060547,0.0,0.09099998474121085
ppo_only,7,2,ppo,3,249.38699340820312,2.430000066757202,0.0,-0.06386986732482924
ppo_only,7,2,ppo,4,255.93699645996094,2.5999999046325684,0.0,0.040629940032959055
ppo_only,7,2,ppo,5,284.6409912109375,2.619999885559082,0.0,-0.22641002655029308
ppo_only,7,2,ppo,6,310.8909912109375,2.549999952316284,0.0,-0.5589099597930907
ppo_only,7,2,ppo,7,335.95098876953125,2.5999999046325684,0.0,-0.7595099830627441
ppo_only,7,2,ppo,8,358.5769958496094,2.640000104904175,0.0,-0.9457698535919188
ppo_only,7,2,ppo,9,378.9599914550781,2.6700000762939453,0.0,-1.119599838256836
ppo_only,7,2,ppo,10,374.75,2.880000114440918,0.0,-0.8674998855590821
ppo_only,7,2,ppo,11,413.8070068359375,3.119999885559082,0.0,-1.018070182800293
ppo_only,7,2,ppo,12,464.42498779296875,3.240000009536743,0.0,-1.4042498683929443
ppo_only,7,2,ppo,13,524.56298828125,3.359999895095825,0.0,-1.8856299877166744
ppo_only,7,2,ppo,14,594.8880004882812,3.4600000381469727,0.0,-2.4888799667358397
ppo_only,7,2,ppo,15,675.5709838867188,3.549999952316284,0.0,-3.2057098865509035
ppo_only,7,2,ppo,16,737.1380004882812,3.680000066757202,0.0,-3.6913799381256105
ppo_only,7,2,ppo,17,823.6710205078125,3.8499999046325684,0.0,-4.386710300445557
ppo_only,7,2,ppo,18,826.02099609375,4.480000019073486,0.0,-3.7802099418640136
ppo_only,7,2,ppo,19,869.5139770507812,4.849999904632568,0.0,-3.845139865875245
ppo_only,7,2,ppo,20,951.114013671875,5.019999980926514,0.0,-4.491140155792236
ppo_only,7,2,ppo,21,1036.81005859375,5.139999866485596,0.0,-5.228100719451904
ppo_only,7,2,ppo,22,1139.280029296875,5.269999980926514,0.0,-6.122800312042237
ppo_only,7,2,ppo,23,1250.219970703125,5.349999904632568,0.0,-7.152199802398682
ppo_only,7,2,ppo,24,1342.3599853515625,5.369999885559082,0.0,-8.053599967956544
ppo_only,7,2,ppo,25,1445.8199462890625,5.610000133514404,0.0,-8.848199329376222
ppo_only,7,2,ppo,26,1538.1600341796875,5.75,0.0,-9.631600341796876
ppo_only,7,2,ppo,27,1636.6400146484375,5.869999885559082,0.064464141821112,-10.625328544567516
ppo_only,7,2,ppo,28,1734.4300537109375,6.079999923706055,0.06233442418575658,-11.388969461774835
ppo_only,7,2,ppo,29,1829.199951171875,6.28000020980835,0.1199580146948568,-12.251915331300115
ppo_only,7,2,ppo,30,1892.969970703125,6.409999847412109,0.17569546120058566,-12.871090782020312
ppo_only,7,2,ppo,31,1894.0699462890625,6.269999980926514,0.16813787305590586,-13.006975228075923
ppo_only,7,2,ppo,32,1746.56005859375,5.670000076293945,0.16109544905356424,-12.117791407750683
ppo_only,7,2,ppo,33,1713.3499755859375,5.010000228881836,0.15748031496062992,-12.438460156898799
ppo_only,7,2,ppo,34,1731.989990234375,4.880000114440918,0.15138135486312604,-12.742662497629084
ppo_only,7,2,ppo,35,1758.0799560546875,5.25,0.1456487437795849,-12.622097048106045
ppo_only,7,2,ppo,36,1797.6600341796875,5.159999847412109,0.1430274135876043,-13.102655321559974
ppo_only,7,2,ppo,37,1880.4599609375,5.03000020980835,0.136986301369863,-14.048572002306376
ppo_only,7,2,ppo,38,1953.1400146484375,4.949999809265137,0.13315579227696406,-14.847711921773168
ppo_only,7,2,ppo,39,2006.1700439453125,4.960000038146973,0.12885214216686353,-15.35940468563988
ppo_only,7,3,ppo,0,167.2429962158203,2.3399999141693115,0.0,0.6675699520111085
ppo_only,7,3,ppo,1,195.4290008544922,2.3499999046325684,0.0,0.3957098960876464
ppo_only,7,3,ppo,2,222.01699829101562,2.390000104904175,0.0,0.1698301219940186
ppo_only,7,3,ppo,3,247.37899780273438,2.390000104904175,0.0,-0.08378987312316877
ppo_only,7,3,ppo,4,256.4490051269531,2.559999942779541,0.0,-0.00449010848999043
ppo_only,7,3,ppo,5,286.17999267578125,2.559999942779541,0.0,-0.3017999839782717
ppo_only,7,3,ppo,6,310.2860107421875,2.549999952316284,0.0,-0.552860155105591
ppo_only,7,3,ppo,7,332.3630065917969,2.390000104904175,0.0,-0.9336299610137941
ppo_only,7,3,ppo,8,360.1080017089844,2.619999885559082,0.0,-0.9810801315307618
ppo_only,7,3,ppo,9,377.2330017089844,2.609999895095825,0.0,-1.1623301219940188
ppo_only,7,3,ppo,10,376.58099365234375,2.8499999046325684,0.0,-0.9158100318908691
ppo_only,7,3,ppo,11,408.0299987792969,3.0899999141693115,0.0,-0.9903000736236569
ppo_only,7,3,ppo,12,462.51300048828125,3.1500000953674316,0.0,-1.4751299095153811
ppo_only,7,3,ppo,13,529.2570190429688,3.319999933242798,0.0,-1.9725702571868897
ppo_only,7,3,ppo,14,587.6790161132812,3.4000000953674316,0.0,-2.476790065765381
ppo_only,7,3,ppo,15,660.0679931640625,3.5399999618530273,0.0,-3.0606799697875973
ppo_only,7,3,ppo,16,758.8460083007812,3.6600000858306885,0.07911392405063292,-4.08668784527839
ppo_only,7,3,ppo,17,820.6680297851562,3.509999990463257,0.07598784194528875,-4.848655991278884
ppo_only,7,3,ppo,18,810.1339721679688,2.759999990463257,0.07275372862859221,-5.486847188473615
ppo_only,7,3,ppo,19,874.8809814453125,2.490000009536743,0.0685166152792052,-6.395843035474792
ppo_only,7,3,ppo,20,950.6719970703125,2.369999885559082,0.06637902422834384,-7.269478133600731
ppo_only,7,3,ppo,21,1038.02001953125,2.3299999237060547,0.0630119722747322,-8.17622421615591
ppo_only,7,3,ppo,22,1124.02001953125,2.1700000762939453,0.06191950464396285,-9.19403912830648
ppo_only,7,3,ppo,23,1250.6600341796875,2.0799999237060547,0.05968367651447329,-10.545967771119768
ppo_only,7,3,ppo,24,1286.68994140625,2.0399999618530273,0.058173356602675974,-10.943246165414825
ppo_only,7,3,ppo,25,1432.510009765625,1.9199999570846558,0.056449336720293536,-12.51799881401218
ppo_only,7,3,ppo,26,1561.9300537109375,1.8200000524520874,0.054392167527875984,-13.90808481971304
ppo_only,7,3,ppo,27,1579.3499755859375,1.7999999523162842,0.05414185165132648,-14.101783506845745
ppo_only,7,3,ppo,28,1716.550048828125,1.6799999475479126,0.05271481286241434,-15.590930166458167
ppo_only,7,3,ppo,29,1819.989990234375,1.600000023841858,0.051907604464053986,-16.703715087429998
ppo_only,7,3,ppo,30,1861.9300537109375,1.5800000429153442,0.05058168942842691,-17.140463873050884
ppo_only,7,3,ppo,31,1901.0999755859375,1.5800000429153442,0.04995004995004995,-17.53089981284413
ppo_only,7,3,ppo,32,1767.2099609375,1.659999966621399,0.0487685930260912,-16.109636828805783
ppo_only,7,3,ppo,33,1730.489990234375,1.600000023841858,0.04739336492890995,-15.79968660835971
ppo_only,7,3,ppo,34,1723.8299560546875,1.5800000429153442,0.047036688617121354,-15.752372894865772
ppo_only,7,3,ppo,35,1754.52001953125,1.7200000286102295,0.045882083046570314,-15.916964332795411
ppo_only,7,3,ppo,36,1793.8900146484375,1.7100000381469727,0.0444247001332741,-16.31774950860395
ppo_only,7,3,ppo,37,1800.0799560546875,1.6799999475479126,0.04438526409232135,-16.409570141183604
ppo_only,7,3,ppo,38,1941.530029296875,1.6200000047683716,0.04307559767391773,-17.881451483548215
ppo_only,7,3,ppo,39,2014.43994140625,1.6100000143051147,0.041911148365465216,-18.618221696488316
ppo_only,8,0,ppo,0,163.71400451660156,2.440000057220459,0.0,0.8028600120544434
ppo_only,8,0,ppo,1,194.72500610351562,2.4200000762939453,0.0,0.4727500152587891
ppo_only,8,0,ppo,2,223.35499572753906,2.4700000286102295,0.0,0.23645007133483897
ppo_only,8,0,ppo,3,249.50799560546875,2.440000057220459,0.0,-0.05507989883422848
ppo_only,8,0,ppo,4,274.0889892578125,2.4100000858306885,0.0,-0.3308898067474364
ppo_only,8,0,ppo,5,301.1239929199219,2.4800000190734863,0.0,-0.5312399101257324
ppo_only,8,0,ppo,6,329.7019958496094,2.4000000953674316,0.0,-0.8970198631286621
ppo_only,8,0,ppo,7,353.91400146484375,2.430000066757202,0.0,-1.1091399478912352
ppo_only,8,0,ppo,8,381.82000732421875,2.4200000762939453,0.0,-1.3981999969482422
ppo_only,8,0,ppo,9,407.00799560546875,2.430000066757202,0.0,-1.6400798892974855
ppo_only,8,0,ppo,10,435.9049987792969,2.390000104904175,0.0,-1.9690498828887941
ppo_only,8,0,ppo,11,504.8970031738281,2.4100000858306885,0.0,-2.6389699459075926
ppo_only,8,0,ppo,12,574.5679931640625,2.369999885559082,0.0,-3.375680046081543
ppo_only,8,0,ppo,13,659.47900390625,2.430000066757202,0.0,-4.1647899723052975
ppo_only,8,0,ppo,14,766.5239868164062,2.440000057220459,0.2103049421661409,-5.645849695275885
ppo_only,8,0,ppo,15,882.3209838867188,2.2799999713897705,0.2028397565922921,-6.948889380662001
ppo_only,8,0,ppo,16,926.802001953125,1.7100000381469727,0.1942690626517727,-7.946558106687823
ppo_only,8,0,ppo,17,1022.6799926757812,1.4299999475479126,0.1885902876001886,-9.173980554410278
ppo_only,8,0,ppo,18,1107.9300537109375,1.3600000143051147,0.18157058556513844,-10.082441693934538
ppo_only,8,0,ppo,19,1187.1099853515625,1.350000023841858,0.17628911414720141,-10.87367805796817
ppo_only,8,0,ppo,20,1142.449951171875,1.5299999713897705,0.16891891891891891,-10.232337378166818
ppo_only,8,0,ppo,21,1194.5400390625,1.4600000381469727,0.16632016632016633,-10.81804068511836
ppo_only,8,0,ppo,22,1265.530029296875,1.5,0.1579778830963665,-11.471256059161483
ppo_only,8,0,ppo,23,1310.5799560546875,1.440000057220459,0.15655577299412915,-11.978911049314675
ppo_only,8,0,ppo,24,1468.949951171875,1.340000033378601,0.15220700152207,-13.65391348138429
ppo_only,8,0,ppo,25,1543.0799560546875,1.309999942779541,0.14695077149155034,-14.414701160750434
ppo_only,8,0,ppo,26,1557.18994140625,1.3300000429153442,0.14556040756914118,-14.533020186285437
ppo_only,8,0,ppo,27,1476.9000244140625,1.3799999952316284,0.1401541695865452,-13.669308588082085
ppo_only,8,0,ppo,28,1456.7900390625,1.3300000429153442,0.1370332305584104,-13.511966808826477
ppo_only,8,0,ppo,29,1458.030029296875,1.4199999570846558,0.1342732460557234,-13.428846827995542
ppo_only,8,0,ppo,30,40.053001403808594,1.4199999570846558,0.13020833333333334,0.7590532763799032
ppo_only,8,0,ppo,31,1495.719970703125,1.409999966621399,0.1286587327114828,-13.804517205832816
ppo_only,8,0,ppo,32,1544.77001953125,1.3799999952316284,0.12550988390335738,-14.318719967887587
ppo_only,8,0,ppo,33,1569.800048828125,1.399999976158142,0.12117540139351711,-14.540351314910144
ppo_only,8,0,ppo,34,1591.8199462890625,1.3799999952316284,0.12048192771084337,-14.779163323080683
ppo_only,8,0,ppo,35,1648.9300537109375,1.399999976158142,0.11682242990654206,-15.322945420764318
ppo_only,8,0,ppo,36,1670.3299560546875,1.4299999475479126,0.11293054771315642,-15.499160708425274
ppo_only,8,0,ppo,37,1696.7900390625,1.399999976158142,0.11182555213866369,-15.791551518744186
ppo_only,8,0,ppo,38,1750.9100341796875,1.5,0.10822510822510822,-16.22555055824709
ppo_only,8,0,ppo,39,1786.300048828125,1.5800000429153442,0.10413954699297058,-16.491279539351847
ppo_only,8,1,ppo,0,166.1719970703125,2.4100000858306885,0.0,0.7482801151275635
ppo_only,8,1,ppo,1,195.59100341796875,2.4100000858306885,0.0,0.4540900516510009
ppo_only,8,1,ppo,2,222.45599365234375,2.359999895095825,0.0,0.13543995857238755
ppo_only,8,1,ppo,3,250.08099365234375,2.440000057220459,0.0,-0.06080987930297832
ppo_only,8,1,ppo,4,273.8760070800781,2.450000047683716,0.0,-0.2887600231170655
ppo_only,8,1,ppo,5,302.1839904785156,2.4000000953674316,0.0,-0.6218398094177244
ppo_only,8,1,ppo,6,330.0379943847656,2.4000000953674316,0.0,-0.9003798484802248
ppo_only,8,1,ppo,7,355.0299987792969,2.4000000953674316,0.0,-1.150299892425537
ppo_only,8,1,ppo,8,381.49200439453125,2.4200000762939453,0.0,-1.3949199676513673
ppo_only,8,1,ppo,9,408.6440124511719,2.430000066757202,0.0,-1.6564400577545166
ppo_only,8,1,ppo,10,435.5379943847656,2.390000104904175,0.0,-1.9653798389434813
ppo_only,8,1,ppo,11,489.9989929199219,2.3499999046325684,0.0,-2.5499900245666502
ppo_only,8,1,ppo,12,574.3690185546875,2.3499999046325684,0.0,-3.3936902809143064
ppo_only,8,1,ppo,13,671.156982421875,2.430000066757202,0.0,-4.281569757461548
ppo_only,8,1,ppo,14,777.6010131835938,2.4700000286102295,0.0,-5.306010103225708
ppo_only,8,1,ppo,15,870.9550170898438,2.369999885559082,0.0,-6.339550285339355
ppo_only,8,1,ppo,16,936.6890258789062,2.700000047683716,0.0,-6.666890211105347
ppo_only,8,1,ppo,17,1033.22998046875,2.7300000190734863,0.1654259718775848,-7.9331517293691824
ppo_only,8,1,ppo,18,1128.9000244140625,2.809999942779541,0.15885623510722796,-8.79671277157554
ppo_only,8,1,ppo,19,1196.3299560546875,2.930000066757202,0.15467904098994587,-9.342657575769564
ppo_only,8,1,ppo,20,1140.9200439453125,2.5999999046325684,0.1459321415541773,-9.101064817928911
ppo_only,8,1,ppo,21,1186.1300048828125,2.180000066757202,0.14316392269148176,-9.967627827453887
ppo_only,8,1,ppo,22,1266.72998046875,2.0399999618530273,0.13449899125756556,-10.896297825349604
ppo_only,8,1,ppo,23,1343.8499755859375,1.9600000381469727,0.13144922773578704,-11.741398173183978
ppo_only,8,1,ppo,24,1481.8800048828125,1.899999976158142,0.1266624445851805,-13.172124961840344
ppo_only,8,1,ppo,25,1548.31005859375,1.899999976158142,0.12206286237412267,-13.827226334527603
ppo_only,8,1,ppo,26,1557.52001953125,1.9800000190734863,0.11968880909634949,-13.834577794431713
ppo_only,8,1,ppo,27,1479.0699462890625,2.119999885559082,0.11494252873563218,-12.900584634802808
ppo_only,8,1,ppo,28,1447.4100341796875,2.109999895095825,0.11055831951354339,-12.585217085728136
ppo_only,8,1,ppo,29,1457.43994140625,2.2899999618530273,0.109080992637033,-12.50256143748354
ppo_only,8,1,ppo,30,1481.1199951171875,2.369999885559082,0.10357327809425168,-12.648346621801297
ppo_only,8,1,ppo,31,1509.3599853515625,2.3499999046325684,0.10121457489878542,-12.946029098680627
ppo_only,8,1,ppo,32,1548.3900146484375,2.319999933242798,0.09835259404966806,-13.360605401340914
ppo_only,8,1,ppo,33,1572.989990234375,2.299999952316284,0.09501187648456057,-13.619923702996587
ppo_only,8,1,ppo,34,1602.5400390625,2.259999990463257,0.09369875849144998,-13.952797917144641
ppo_only,8,1,ppo,35,1650.7099609375,2.2100000381469727,0.09090909090909091,-14.47891775304621
ppo_only,8,1,ppo,36,1672.760009765625,2.190000057220459,0.088261253309797,-14.714122547055386
ppo_only,8,1,ppo,37,1705.9300537109375,2.1500000953674316,0.08705114254624592,-15.083402726834436
ppo_only,8,1,ppo,38,1755.719970703125,2.0999999046325684,0.08570816370259267,-15.628616129803866
ppo_only,8,1,ppo,39,1791.1199951171875,2.0799999237060547,0.08266170696424881,-15.996523441394316
ppo_only,8,2,ppo,0,167.63800048828125,2.4100000858306885,0.0,0.7336200809478759
ppo_only,8,2,ppo,1,196.13999938964844,2.4100000858306885,0.0,0.44860009193420414
ppo_only,8,2,ppo,2,222.91900634765625,2.369999885559082,0.0,0.14080982208251935
ppo_only,8,2,ppo,3,248.6929931640625,2.390000104904175,0.0,-0.09692982673645023
ppo_only,8,2,ppo,4,275.14300537109375,2.369999885559082,0.0,-0.3814301681518555
ppo_only,8,2,ppo,5,300.64898681640625,2.359999895095825,0.0,-0.6464899730682374
ppo_only,8,2,ppo,6,327.99700927734375,2.4100000858306885,0.0,-0.869970006942749
ppo_only,8,2,ppo,7,356.8240051269531,2.4000000953674316,0.0,-1.1682399559020995
ppo_only,8,2,ppo,8,380.9540100097656,2.4100000858306885,0.0,-1.3995400142669676
ppo_only,8,2,ppo,9,408.1650085449219,2.369999885559082,0.0,-1.711650199890137
ppo_only,8,2,ppo,10,441.8630065917969,2.390000104904175,0.0,-2.0286299610137943
ppo_only,8,2,ppo,11,498.7900085449219,2.4000000953674316,0.0,-2.5878999900817874
ppo_only,8,2,ppo,12,582.9390258789062,2.430000066757202,0.0,-3.39939019203186
ppo_only,8,2,ppo,13,681.6820068359375,2.430000066757202,0.0,-4.386820001602173
ppo_only,8,2,ppo,14,766.7329711914062,2.4100000858306885,0.0,-5.257329626083374
ppo_only,8,2,ppo,15,863.5650024414062,2.430000066757202,0.0,-6.20564995765686
ppo_only,8,2,ppo,16,920.1370239257812,2.5399999618530273,0.09124087591240876,-6.843852029229603
ppo_only,8,2,ppo,17,1001.7899780273438,2.690000057220459,0.0876424189307625,-7.503184560914503
ppo_only,8,2,ppo,18,1116.25,2.700000047683716,0.08410428931875526,-8.630708530953795
ppo_only,8,2,ppo,19,1165.1199951171875,2.190000057220459,0.08080808080808081,-9.62281605556758
ppo_only,8,2,ppo,20,1142.199951171875,1.909999966621399,0.07739938080495357,-9.666798306707259
ppo_only,8,2,ppo,21,1186.530029296875,1.850000023841858,0.07451564828614009,-10.164331565699172
ppo_only,8,2,ppo,22,1255.6099853515625,1.850000023841858,0.07171029042667623,-10.84952041052712
ppo_only,8,2,ppo,23,1372.1199951171875,1.7999999523162842,0.06872852233676977,-12.05865704352913
ppo_only,8,2,ppo,24,1421.760009765625,1.7200000286102295,0.06818956699624958,-12.63397920303852
ppo_only,8,2,ppo,25,1550.1500244140625,1.7100000381469727,0.06523157208088715,-13.921963350155426
ppo_only,8,2,ppo,26,1551.3900146484375,1.8300000429153442,0.06293266205160478,-13.80976542767224
ppo_only,8,2,ppo,27,1480.510009765625,1.8899999856948853,0.061330880098129405,-13.037761872157624
ppo_only,8,2,ppo,28,1459.6800537109375,1.850000023841858,0.05991611743559017,-12.866632748138699
ppo_only,8,2,ppo,29,1456.9300537109375,2.0299999713897705,0.05788712011577424,-12.655074805951154
ppo_only,8,2,ppo,30,1476.2900390625,2.049999952316284,0.0560695262125035,-12.825039490733722
ppo_only,8,2,ppo,31,1514.1300048828125,2.0199999809265137,0.05442176870748299,-13.230143605316577
ppo_only,8,2,ppo,32,1532.550048828125,1.9800000190734863,0.05372011818426001,-13.452940705576284
ppo_only,8,2,ppo,33,1571.219970703125,1.9600000381469727,0.05181347150259067,-13.855826611889459
ppo_only,8,2,ppo,34,1611.97998046875,1.9199999570846558,0.05030181086519115,-14.300403469333226
ppo_only,8,2,ppo,35,1630.25,1.8899999856948853,0.05001250312578145,-14.512525020556676
ppo_only,8,2,ppo,36,1672.800048828125,1.8700000047683716,0.04826254826254826,-14.954525580037975
ppo_only,8,2,ppo,37,1710.550048828125,1.850000023841858,0.047080979284369114,-15.349662423008132
ppo_only,8,2,ppo,38,1736.2099609375,1.8200000524520874,0.046565774155995346,-15.635231105234904
ppo_only,8,2,ppo,39,1786.699951171875,1.8200000524520874,0.045146726862302484,-16.137292912991267
ppo_only,8,3,ppo,0,167.21600341796875,2.3399999141693115,0.0,0.6678398799896241
ppo_only,8,3,ppo,1,195.13499450683594,2.3499999046325684,0.0,0.398649959564209
ppo_only,8,3,ppo,2,221.77499389648438,2.390000104904175,0.0,0.17225016593933118
ppo_only,8,3,ppo,3,248.25100708007812,2.380000114440918,0.0,-0.10250995635986326
ppo_only,8,3,ppo,4,273.4330139160156,2.3499999046325684,0.0,-0.38433023452758786
ppo_only,8,3,ppo,5,297.3609924316406,2.319999933242798,0.0,-0.6536099910736084
ppo_only,8,3,ppo,6,328.5249938964844,2.380000114440918,0.0,-0.905249824523926
ppo_only,8,3,ppo,7,355.9630126953125,2.369999885559082,0.0,-1.1896302413940432
ppo_only,8,3,ppo,8,378.78399658203125,2.359999895095825,0.0,-1.4278400707244874
ppo_only,8,3,ppo,9,407.6440124511719,2.3399999141693115,0.0,-1.7364402103424075
ppo_only,8,3,ppo,10,444.28399658203125,2.390000104904175,0.0,-2.052839860916138
ppo_only,8,3,ppo,11,507.7669982910156,2.430000066757202,0.0,-2.647669916152954
ppo_only,8,3,ppo,12,593.625,2.4200000762939453,0.0,-3.516249923706055
ppo_only,8,3,ppo,13,673.3319702148438,2.3399999141693115,0.0,-4.393319787979126
ppo_only,8,3,ppo,14,750.958984375,2.309999942779541,0.0,-5.199589900970459
ppo_only,8,3,ppo,15,881.083984375,2.490000009536743,0.0,-6.320839834213256
ppo_only,8,3,ppo,16,935.1259765625,2.5999999046325684,0.0,-6.751259860992432
ppo_only,8,3,ppo,17,1012.739990234375,2.809999942779541,0.0,-7.317399959564209
ppo_only,8,3,ppo,18,1143.3499755859375,2.7699999809265137,0.0,-8.66349977493286
ppo_only,8,3,ppo,19,1188.5899658203125,3.130000114440918,0.0,-8.755899543762206
ppo_only,8,3,ppo,20,1144.4000244140625,3.559999942779541,0.0,-7.884000301361084
ppo_only,8,3,ppo,21,1219.7900390625,4.039999961853027,0.0,-8.157900428771972
ppo_only,8,3,ppo,22,1264.8900146484375,4.179999828338623,0.0,-8.468900318145751
ppo_only,8,3,ppo,23,1377.3399658203125,4.429999828338623,0.10562450488513335,-9.554648839634769
ppo_only,8,3,ppo,24,1466.760009765625,4.659999847412109,0.1509813789632612,-10.309563008170663
ppo_only,8,3,ppo,25,1565.6300048828125,4.679999828338623,0.147239263803681,-11.270778748096864
ppo_only,8,3,ppo,26,1532.6199951171875,4.420000076293945,0.13863216266173753,-11.183464200201405
ppo_only,8,3,ppo,27,1478.449951171875,4.0,0.13410818059901655,-11.052715872916782
ppo_only,8,3,ppo,28,1443.72998046875,3.4800000190734863,0.12804097311139565,-11.213381731836805
ppo_only,8,3,ppo,29,1457.8900146484375,3.7300000190734863,0.12096774193548387,-11.090835611281857
ppo_only,8,3,ppo,30,1480.8499755859375,3.7300000190734863,0.11909487892020643,-11.316689494626301
ppo_only,8,3,ppo,31,1515.5799560546875,3.809999942779541,0.11320754716981132,-11.572214712106955
ppo_only,8,3,ppo,32,1544.1199951171875,3.9000000953674316,0.1081275905568571,-11.757455036918158
ppo_only,8,3,ppo,33,1570.1400146484375,3.9000000953674316,0.1063264221158958,-12.014052895348733
ppo_only,8,3,ppo,34,1612.9000244140625,4.019999980926514,0.10097610232245036,-12.31095246785901
ppo_only,8,3,ppo,35,1646.06005859375,4.079999923706055,0.09713453132588636,-12.574869724883218
ppo_only,8,3,ppo,36,1671.6300048828125,4.079999923706055,0.09560229445506692,-12.827504714032203
ppo_only,8,3,ppo,37,1712.43994140625,4.139999866485596,0.09133810321205663,-13.167075754001015
ppo_only,8,3,ppo,38,1753.06005859375,4.139999866485596,0.08779631255487269,-13.566193344561649
ppo_only,8,3,ppo,39,1791.8900146484375,4.090000152587891,0.08675534991324466,-14.002410693722975
ppo_only,9,0,ppo,0,163.8990020751953,2.440000057220459,0.0,0.8010100364685058
ppo_only,9,0,ppo,1,195.46400451660156,2.380000114440918,0.0,0.42536006927490244
ppo_only,9,0,ppo,2,225.406005859375,2.4200000762939453,0.0,0.1659400177001955
ppo_only,9,0,ppo,3,247.5070037841797,2.2699999809265137,0.4056795131845842,-1.0164290832844516
ppo_only,9,0,ppo,4,232.9669952392578,1.909999966621399,0.3436426116838488,-1.1069552091388768
ppo_only,9,0,ppo,5,243.03399658203125,2.0999999046325684,0.2894356005788712,-0.9092112623454867
ppo_only,9,0,ppo,6,269.0530090332031,2.130000114440918,0.24937655860349128,-1.0592830930980957
ppo_only,9,0,ppo,7,290.9809875488281,2.049999952316284,0.2222222222222222,-1.3042543676164413
ppo_only,9,0,ppo,8,309.510009765625,1.9600000381469727,0.20161290322580644,-1.5383258659608905
ppo_only,9,0,ppo,9,331.38800048828125,1.8200000524520874,0.18484288354898337,-1.8635657195286919
ppo_only,9,0,ppo,10,346.07000732421875,1.7799999713897705,0.17035775127768313,-2.0214156044077836
ppo_only,9,0,ppo,11,368.7659912109375,1.6200000047683716,0.16116035455278002,-2.3899806164465636
ppo_only,9,0,ppo,12,411.3760070800781,1.4500000476837158,0.15232292460015232,-2.96840587231737
ppo_only,9,0,ppo,13,467.2019958496094,1.2999999523162842,0.14398848092152627,-3.6599969680228623
ppo_only,9,0,ppo,14,465.49200439453125,1.3799999952316284,0.13745704467353953,-3.5498341380607634
ppo_only,9,0,ppo,15,510.5830078125,1.2999999523162842,0.13175230566534915,-4.069334737139414
ppo_only,9,0,ppo,16,574.8909912109375,1.2200000286102295,0.12618296529968454,-4.781275814098515
ppo_only,9,0,ppo,17,643.177978515625,1.2100000381469727,0.12106537530266344,-5.463910497614604
ppo_only,9,0,ppo,18,704.6329956054688,1.1799999475479126,0.11695906432748537,-6.100248137161746
ppo_only,9,0,ppo,19,772.1170043945312,1.190000057220459,0.11267605633802817,-6.756522099400909
ppo_only,9,0,ppo,20,733.31201171875,1.4199999570846558,0.10638297872340426,-6.125886117549653
ppo_only,9,0,ppo,21,714.4730224609375,1.75,0.1001001001001001,-5.594930424809575
ppo_only,9,0,ppo,22,747.9439697265625,2.009999990463257,0.19221528111484862,-5.853870269032066
ppo_only,9,0,ppo,23,795.7160034179688,2.069999933242798,0.2785515320334262,-6.444263165003742
ppo_only,9,0,ppo,24,784.8560180664062,1.590000033378601,0.26857654431512984,-6.795713235915721
ppo_only,9,0,ppo,25,800.1079711914062,1.5199999809265137,0.2575107296137339,-6.9961011902150165
ppo_only,9,0,ppo,26,821.3519897460938,1.5099999904632568,0.25,-7.2035199069976805
ppo_only,9,0,ppo,27,841.8350219726562,1.559999942779541,0.2425222312045271,-7.343394739356076
ppo_only,9,0,ppo,28,868.5269775390625,1.6200000047683716,0.23400936037441497,-7.533288491371083
ppo_only,9,0,ppo,29,884.5570068359375,1.690000057220459,0.22744503411675512,-7.610460079372427
ppo_only,9,0,ppo,30,908.4710083007812,1.7300000190734863,0.21865889212827988,-7.792027848190887
ppo_only,9,0,ppo,31,924.1849975585938,1.75,0.21284143313231643,-7.91753284185057
ppo_only,9,0,ppo,32,941.041015625,1.7599999904632568,0.20646937370956642,-8.063348913205877
ppo_only,9,0,ppo,33,963.0330200195312,1.7699999809265137,0.2,-8.260330219268798
ppo_only,9,0,ppo,34,983.6920166015625,1.7300000190734863,0.1949317738791423,-8.496783694700424
ppo_only,9,0,ppo,35,1008.5700073242188,1.7100000381469727,0.18867924528301888,-8.753058525661253
ppo_only,9,0,ppo,36,1034.9200439453125,1.659999966621399,0.18581604211830288,-9.06083255706833
ppo_only,9,0,ppo,37,1076.530029296875,1.600000023841858,0.18007202881152462,-9.525444326749941
ppo_only,9,0,ppo,38,1118.1700439453125,1.5499999523162842,0.17735737511084837,-9.986415237358539
ppo_only,9,0,ppo,39,1153.550048828125,1.5299999713897705,0.17187052420509882,-10.349241565301678
ppo_only,9,1,ppo,0,165.95199584960938,2.4100000858306885,0.0,0.7504801273345947
ppo_only,9,1,ppo,1,196.3249969482422,2.450000047683716,0.0,0.4867500782012939
ppo_only,9,1,ppo,2,224.88900756835938,2.4000000953674316,0.0,0.15111001968383775
ppo_only,9,1,ppo,3,247.78700256347656,2.4600000381469727,0.0,-0.017869987487793004
ppo_only,9,1,ppo,4,233.1929931640625,1.8799999952316284,0.3424657534246575,-1.1368614432583115
ppo_only,9,1,ppo,5,243.80999755859375,1.350000023841858,0.30627871362940273,-1.7006573790028852
ppo_only,9,1,ppo,6,265.8349914550781,1.2899999618530273,0.2785515320334262,-1.9254530167646062
ppo_only,9,1,ppo,7,287.3399963378906,1.2699999809265137,0.25673940949935814,-2.116878801451109
ppo_only,9,1,ppo,8,306.6210021972656,1.2200000286102295,0.23837902264600716,-2.3229680386544413
ppo_only,9,1,ppo,9,324.072998046875,1.159999966621399,0.2242152466367713,-2.529160507120894
ppo_only,9,1,ppo,10,344.5660095214844,1.059999942779541,0.2098635886673662,-2.805387329770035
ppo_only,9,1,ppo,11,368.67999267578125,1.0099999904632568,0.2,-3.0767999362945555
ppo_only,9,1,ppo,12,408.9590148925781,0.9319999814033508,0.19138755980861244,-3.5403652871396556
ppo_only,9,1,ppo,13,462.2669982910156,0.8629999756813049,0.18315018315018314,-4.125970373529217
ppo_only,9,1,ppo,14,458.06500244140625,0.9070000052452087,0.1759014951627089,-4.025453009494271
ppo_only,9,1,ppo,15,503.44000244140625,0.9120000004768372,0.1692047377326565,-4.460809499402538
ppo_only,9,1,ppo,16,565.4180297851562,0.890999972820282,0.16194331983805668,-5.087066964707393
ppo_only,9,1,ppo,17,638.52001953125,0.9369999766349792,0.15444015444015444,-5.75708052755783
ppo_only,9,1,ppo,18,708.0800170898438,0.9679999947547913,0.14771048744460857,-6.408221151032864
ppo_only,9,1,ppo,19,784.469970703125,1.0399999618530273,0.28429282160625446,-7.373285388390731
ppo_only,9,1,ppo,20,745.9929809570312,1.2300000190734863,0.2775850104094379,-6.785099811315702
ppo_only,9,1,ppo,21,717.5050048828125,0.9210000038146973,0.26720106880427524,-6.788452182621978
ppo_only,9,1,ppo,22,740.3499755859375,0.9070000052452087,0.258732212160414,-7.013964174934994
ppo_only,9,1,ppo,23,796.739990234375,0.9390000104904175,0.24968789013732834,-7.52777567212799
ppo_only,9,1,ppo,24,786.5130004882812,1.0299999713897705,0.2425712553062462,-7.320272544105534
ppo_only,9,1,ppo,25,797.2999877929688,1.0700000524520874,0.2336448598130841,-7.370289545103769
ppo_only,9,1,ppo,26,818.5999755859375,1.100000023841858,0.22701475595913734,-7.540029243935793
ppo_only,9,1,ppo,27,837.1190185546875,1.1200000047683716,0.22075055187637968,-7.6926912845312625
ppo_only,9,1,ppo,28,866.7340087890625,1.090000033378601,0.21356113187399894,-8.004462318260023
ppo_only,9,1,ppo,29,890.5089721679688,1.0800000429153442,0.20736132711249353,-8.23981233298933
ppo_only,9,1,ppo,30,907.2080078125,1.0700000524520874,0.20202020202020202,-8.406120429713315
ppo_only,9,1,ppo,31,924.2529907226562,1.0499999523162842,0.19714144898965008,-8.586812852889578
ppo_only,9,1,ppo,32,936.3510131835938,1.0399999618530273,0.1936108422071636,-8.710731854397238
ppo_only,9,1,ppo,33,961.0070190429688,1.0299999713897705,0.18805829807240246,-8.956186815184722
ppo_only,9,1,ppo,34,972.552978515625,1.0099999904632568,0.18484288354898337,-9.085215561790958
ppo_only,9,1,ppo,35,1010.5900268554688,1.0499999523162842,0.1774622892635315,-9.410824894765467
ppo_only,9,1,ppo,36,1048.5799560546875,1.0399999618530273,0.26098303610265333,-9.967765670899155
ppo_only,9,1,ppo,37,1080.010009765625,1.090000033378601,0.2564102564102564,-10.222920577098161
ppo_only,9,1,ppo,38,1140.030029296875,1.059999942779541,0.25263157894736843,-10.845563508083945
ppo_only,9,1,ppo,39,1159.4200439453125,0.8629999756813049,0.24793388429752067,-11.227068232366861
ppo_only,9,2,ppo,0,167.3699951171875,2.4000000953674316,0.0,0.7263001441955566
ppo_only,9,2,ppo,1,196.91600036621094,2.390000104904175,0.0,0.4208401012420655
ppo_only,9,2,ppo,2,225.39700317382812,2.309999942779541,0.0,0.05602991104125987
ppo_only,9,2,ppo,3,247.72799682617188,2.4700000286102295,0.0,-0.007279939651489098
ppo_only,9,2,ppo,4,231.7519989013672,2.7899999618530273,0.0,0.4724799728393556
ppo_only,9,2,ppo,5,244.875,3.0799999237060547,0.0,0.6312499237060547
ppo_only,9,2,ppo,6,268.8219909667969,3.0999999046325684,0.0,0.4117799949645997
ppo_only,9,2,ppo,7,291.3559875488281,3.1600000858306885,0.0,0.24644021034240726
ppo_only,9,2,ppo,8,308.4460144042969,3.190000057220459,0.0,0.10553991317749034
ppo_only,9,2,ppo,9,329.3429870605469,3.359999895095825,0.0,0.06657002449035643
ppo_only,9,2,ppo,10,347.489013671875,3.390000104904175,0.0,-0.0848900318145751
ppo_only,9,2,ppo,11,374.3479919433594,3.5299999713897705,0.0,-0.21347994804382342
ppo_only,9,2,ppo,12,421.552001953125,3.619999885559082,0.0,-0.5955201339721681
ppo_only,9,2,ppo,13,470.7969970703125,3.9000000953674316,0.0,-0.8079698753356936
ppo_only,9,2,ppo,14,468.37799072265625,4.670000076293945,0.0,-0.013779830932617365
ppo_only,9,2,ppo,15,529.7130126953125,4.889999866485596,0.0,-0.40713026046752887
ppo_only,9,2,ppo,16,590.5859985351562,5.039999961853027,0.0,-0.8658600234985352
ppo_only,9,2,ppo,17,663.0189819335938,5.159999847412109,0.0,-1.470189971923828
ppo_only,9,2,ppo,18,732.0070190429688,5.269999980926514,0.056179775280898875,-2.1624297600649713
ppo_only,9,2,ppo,19,788.4810180664062,5.059999942779541,0.05357621216180016,-2.9319626622081216
ppo_only,9,2,ppo,20,711.6810302734375,3.819999933242798,0.05012531328320802,-3.3970609960579936
ppo_only,9,2,ppo,21,716.1589965820312,4.329999923706055,0.047472110135295516,-2.926534262384849
ppo_only,9,2,ppo,22,752.7689819335938,4.369999885559082,0.045146726862302484,-3.2479833875014608
ppo_only,9,2,ppo,23,794.0969848632812,4.369999885559082,0.04315925766076824,-3.6572884783952677
ppo_only,9,2,ppo,24,784.22998046875,4.699999809265137,0.04075810067250866,-3.2238161967673813
ppo_only,9,2,ppo,25,800.635986328125,4.800000190734863,0.03896356906292616,-3.2842868106722394
ppo_only,9,2,ppo,26,819.5859985351562,4.809999942779541,0.03739016638624042,-3.4606403753445028
ppo_only,9,2,ppo,27,848.510986328125,4.800000190734863,0.0354924578527063,-3.7560945882518
ppo_only,9,2,ppo,28,870.7589721679688,4.769999980926514,0.03414134516899966,-4.005872431091173
ppo_only,9,2,ppo,29,885.7360229492188,4.739999771118164,0.03298697014679202,-4.183334398667607
ppo_only,9,2,ppo,30,910.2429809570312,4.679999828338623,0.031665611146295125,-4.485761203524279
ppo_only,9,2,ppo,31,926.9140014648438,4.619999885559082,0.03065134099616858,-4.710442811081692
ppo_only,9,2,ppo,32,944.8419799804688,4.539999961853027,0.0295159386068477,-4.967451715165356
ppo_only,9,2,ppo,33,963.8980102539062,4.449999809265137,0.028698522026115655,-5.246377337326156
ppo_only,9,2,ppo,34,984.5180053710938,4.369999885559082,0.02786679671171799,-5.530913761575291
ppo_only,9,2,ppo,35,1013.4199829101562,4.25,0.027129679869777535,-5.938459188841118
ppo_only,9,2,ppo,36,1036.75,4.150000095367432,0.026476039184537992,-6.270451983001644
ppo_only,9,2,ppo,37,1083.949951171875,4.0,0.025730091341824263,-6.890959694402397
ppo_only,9,2,ppo,38,1120.18994140625,3.880000114440918,0.025182573659027953,-7.372264446939639
ppo_only,9,2,ppo,39,1155.3900146484375,3.8299999237060547,0.024530847540782535,-7.772961917859886
ppo_only,9,3,ppo,0,167.58900451660156,2.3399999141693115,0.0,0.6641098690032958
ppo_only,9,3,ppo,1,195.80099487304688,2.3299999237060547,0.0,0.37198997497558595
ppo_only,9,3,ppo,2,225.48899841308594,2.3499999046325684,0.0,0.09510992050170897
ppo_only,9,3,ppo,3,244.0070037841797,2.3299999237060547,0.0,-0.11007011413574208
ppo_only,9,3,ppo,4,233.2530059814453,2.7699999809265137,0.0,0.4374699211120605
ppo_only,9,3,ppo,5,243.1929931640625,3.0799999237060547,0.0,0.6480699920654298
ppo_only,9,3,ppo,6,273.4949951171875,2.6700000762939453,0.0,-0.06494987487792958
ppo_only,9,3,ppo,7,290.2460021972656,3.0899999141693115,0.0,0.18753989219665534
ppo_only,9,3,ppo,8,311.52301025390625,3.190000057220459,0.0,0.07476995468139647
ppo_only,9,3,ppo,9,329.9880065917969,3.2200000286102295,0.0,-0.0798800373077393
ppo_only,9,3,ppo,10,346.0920104980469,3.3499999046325684,0.0,-0.11092020034790018
ppo_only,9,3,ppo,11,379.1700134277344,3.4600000381469727,0.0,-0.3317000961303709
ppo_only,9,3,ppo,12,418.4320068359375,3.559999942779541,0.1026694045174538,-0.8296589346147414
ppo_only,9,3,ppo,13,466.6629943847656,3.5299999713897705,0.09718172983479106,-1.330993432127468
ppo_only,9,3,ppo,14,466.43798828125,2.619999885559082,0.09070294784580499,-2.225785892945028
ppo_only,9,3,ppo,15,522.5449829101562,2.509999990463257,0.08576329331046312,-2.886976425259232
ppo_only,9,3,ppo,16,585.218017578125,2.4200000762939453,0.08130081300813008,-3.5947817255035646
ppo_only,9,3,ppo,17,642.405029296875,2.2899999618530273,0.07791195948578107,-4.289874250087285
ppo_only,9,3,ppo,18,708.5260009765625,2.1700000762939453,0.07429420505200594,-5.063848343575691
ppo_only,9,3,ppo,19,787.031982421875,2.0999999046325684,0.07109847138286526,-5.912516862351913
ppo_only,9,3,ppo,20,718.7739868164062,2.1500000953674316,0.0687757909215956,-5.175291354639821
ppo_only,9,3,ppo,21,714.2000122070312,2.359999895095825,0.06633499170812604,-4.914670210390739
ppo_only,9,3,ppo,22,743.93798828125,2.2899999618530273,0.06361323155216285,-5.276606384063799
ppo_only,9,3,ppo,23,798.8569946289062,2.180000066757202,0.061274509803921566,-5.931118899139703
ppo_only,9,3,ppo,24,784.2689819335938,2.2200000286102295,0.05970149253731343,-5.7420927758003355
ppo_only,9,3,ppo,25,794.666015625,2.180000066757202,0.05795421616922631,-5.882568521831251
ppo_only,9,3,ppo,26,821.791015625,2.140000104904175,0.0556792873051225,-6.189268625956069
ppo_only,9,3,ppo,27,845.8679809570312,2.0999999046325684,0.054629882545752524,-6.467939670029249
ppo_only,9,3,ppo,28,864.2960205078125,2.069999933242798,0.053149083178315175,-6.679258438191958
ppo_only,9,3,ppo,29,891.9749755859375,2.069999933242798,0.05124263387138099,-6.952235090359339
ppo_only,9,3,ppo,30,907.177978515625,2.0799999237060547,0.05040322580645161,-7.092586313063099
ppo_only,9,3,ppo,31,925.0999755859375,2.1500000953674316,0.048579062424095217,-7.198157785340134
ppo_only,9,3,ppo,32,943.052978515625,2.2300000190734863,0.04734848484848485,-7.295226735779733
ppo_only,9,3,ppo,33,961.5570068359375,2.319999933242798,0.04594532506317482,-7.387460785242927
ppo_only,9,3,ppo,34,989.3380126953125,2.4800000190734863,0.044169611307420496,-7.501719330494481
ppo_only,9,3,ppo,35,1011.9199829101562,2.569999933242798,0.04313133491481561,-7.635462565688396
ppo_only,9,3,ppo,36,1053.969970703125,2.809999942779541,0.04103405826836274,-7.811767880788435
ppo_only,9,3,ppo,37,1079.8199462890625,2.9000000953674316,0.04014452027298274,-7.978488408069159
ppo_only,9,3,ppo,38,1141.9200439453125,3.1600000858306885,0.038109756097560975,-8.335419865817558
ppo_only,9,3,ppo,39,1156.9100341796875,3.3399999141693115,0.03707823507601038,-8.303256897779585
hybrid_only,0,0,hybrid,0,165.156005859375,2.4100000858306885,0.0,0.7584400272369385
hybrid_only,0,0,hybrid,1,195.00999450683594,2.4200000762939453,0.0,0.46990013122558594
hybrid_only,0,0,hybrid,2,224.81100463867188,2.430000066757202,0.0,0.18189002037048319
hybrid_only,0,0,hybrid,3,250.3459930419922,2.430000066757202,0.0,-0.07345986366271973
hybrid_only,0,0,hybrid,4,274.2550048828125,2.4100000858306885,0.0,-0.33254996299743667
hybrid_only,0,0,hybrid,5,302.1669921875,2.4800000190734863,0.0,-0.5416699028015137
hybrid_only,0,0,hybrid,6,330.68701171875,2.4000000953674316,0.0,-0.9068700218200685
hybrid_only,0,0,hybrid,7,355.11700439453125,2.430000066757202,0.0,-1.1211699771881105
hybrid_only,0,0,hybrid,8,383.4110107421875,2.4100000858306885,0.0,-1.4241100215911864
hybrid_only,0,0,hybrid,9,408.239990234375,2.430000066757202,0.0,-1.6523998355865475
hybrid_only,0,0,hybrid,10,436.6579895019531,2.390000104904175,0.0,-1.9765797901153563
hybrid_only,0,0,hybrid,11,505.0350036621094,2.359999895095825,0.13271400132714,-2.9557781441795483
hybrid_only,0,0,hybrid,12,584.2319946289062,2.3299999237060547,0.1892744479495268,-3.8908689184820617
hybrid_only,0,0,hybrid,13,626.3330078125,1.6399999856948853,0.1803968731208659,-4.984123838671846
hybrid_only,0,0,hybrid,14,689.5490112304688,1.4500000476837158,0.17123287671232876,-5.78795581804563
hybrid_only,0,0,hybrid,15,774.614990234375,1.440000057220459,0.1632208922742111,-6.632591629671714
hybrid_only,0,0,hybrid,16,819.7969970703125,1.409999966621399,0.15864621893178213,-7.105262441945291
hybrid_only,0,0,hybrid,17,850.927001953125,1.4700000286102295,0.15159171298635674,-7.3424534168937345
hybrid_only,0,0,hybrid,18,866.0029907226562,1.4900000095367432,0.145985401459854,-7.4620007006095275
hybrid_only,0,0,hybrid,19,922.3419799804688,1.409999966621399,0.14231499051233396,-8.098049814207958
hybrid_only,0,0,hybrid,20,996.2219848632812,1.3899999856948853,0.1364877161055505,-8.84519529514903
hybrid_only,0,0,hybrid,21,1014.22998046875,1.3799999952316284,0.13434841021047916,-9.03099662987683
hybrid_only,0,0,hybrid,22,954.5709838867188,1.4199999570846558,0.12815036309269542,-8.382010607967922
hybrid_only,0,0,hybrid,23,921.510009765625,1.4299999475479126,0.12468827930174564,-8.034476708711829
hybrid_only,0,0,hybrid,24,942.1909790039062,1.4900000095367432,0.12135922330097088,-8.174628227104261
hybrid_only,0,0,hybrid,25,987.6849975585938,1.4600000381469727,0.11700468018720749,-8.65085929781338
hybrid_only,0,0,hybrid,26,1010.780029296875,1.4199999570846558,0.11498658489842851,-8.917773505680952
hybrid_only,0,0,hybrid,27,1049.68994140625,1.399999976158142,0.11074197120708748,-9.318383380318533
hybrid_only,0,0,hybrid,28,1067.1800537109375,1.3899999856948853,0.10909090909090909,-9.499982369596308
hybrid_only,0,0,hybrid,29,1092.93994140625,1.4500000476837158,0.10434782608695652,-9.688095018552698
hybrid_only,0,0,hybrid,30,1103.8800048828125,1.4700000286102295,0.10312822275696115,-9.775056465731819
hybrid_only,0,0,hybrid,31,1135.3699951171875,1.559999942779541,0.09839291571006888,-9.990485839812472
hybrid_only,0,0,hybrid,32,1185.0799560546875,1.5299999713897705,0.09671179883945841,-10.514223186836022
hybrid_only,0,0,hybrid,33,1232.300048828125,1.6699999570846558,0.09262117937635073,-10.838242889949296
hybrid_only,0,0,hybrid,34,1229.219970703125,1.8200000524520874,0.09011715229798738,-10.652433959175138
hybrid_only,0,0,hybrid,35,1249.9100341796875,1.9800000190734863,0.08625646923519265,-10.691613261193774
hybrid_only,0,0,hybrid,36,1292.56005859375,2.130000114440918,0.08264462809917356,-10.96088972769493
hybrid_only,0,0,hybrid,37,1346.199951171875,2.259999990463257,0.07947019867549669,-11.360939918606487
hybrid_only,0,0,hybrid,38,1406.6199951171875,2.4700000286102295,0.07528230865746549,-11.746764539876576
hybrid_only,0,0,hybrid,39,1456.1099853515625,2.5199999809265137,0.07345739471106758,-12.188014662011247
hybrid_only,0,1,hybrid,0,165.69400024414062,2.4100000858306885,0.0,0.7530600833892822
hybrid_only,0,1,hybrid,1,195.69900512695312,2.4000000953674316,0.0,0.44301004409790035
hybrid_only,0,1,hybrid,2,224.03900146484375,2.430000066757202,0.0,0.18961005210876447
hybrid_only,0,1,hybrid,3,250.5290069580078,2.430000066757202,0.0,-0.07529000282287601
hybrid_only,0,1,hybrid,4,274.6860046386719,2.450000047683716,0.0,-0.29685999870300295
hybrid_only,0,1,hybrid,5,301.9159851074219,2.4000000953674316,0.0,-0.6191597557067872
hybrid_only,0,1,hybrid,6,330.1369934082031,2.4000000953674316,0.0,-0.9013698387145994
hybrid_only,0,1,hybrid,7,355.1300048828125,2.4000000953674316,0.0,-1.1512999534606934
hybrid_only,0,1,hybrid,8,382.2850036621094,2.4100000858306885,0.0,-1.412849950790405
hybrid_only,0,1,hybrid,9,408.92999267578125,2.430000066757202,0.0,-1.6592998600006101
hybrid_only,0,1,hybrid,10,437.5799865722656,2.390000104904175,0.0,-1.9857997608184812
hybrid_only,0,1,hybrid,11,498.3999938964844,2.390000104904175,0.0,-2.5939998340606687
hybrid_only,0,1,hybrid,12,574.3369750976562,2.390000104904175,0.0,-3.3533696460723874
hybrid_only,0,1,hybrid,13,622.9650268554688,2.5999999046325684,0.0,-3.629650363922119
hybrid_only,0,1,hybrid,14,707.7860107421875,2.759999990463257,0.10411244143675169,-4.526084999832122
hybrid_only,0,1,hybrid,15,775.3720092773438,2.3499999046325684,0.09935419771485346,-5.6024285835705765
hybrid_only,0,1,hybrid,16,815.8150024414062,1.75,0.09643201542912247,-6.601014055272308
hybrid_only,0,1,hybrid,17,846.2109985351562,1.7899999618530273,0.09078529278256922,-6.853680609063673
hybrid_only,0,1,hybrid,18,860.97802734375,1.809999942779541,0.1763668430335097,-7.152514016724979
hybrid_only,0,1,hybrid,19,922.9539794921875,1.75,0.17233950883239982,-7.8242188125866745
hybrid_only,0,1,hybrid,20,998.35302734375,1.4299999475479126,0.16666666666666666,-8.886863659222922
hybrid_only,0,1,hybrid,21,1017.6400146484375,1.2200000286102295,0.16400164001640016,-9.284403397906946
hybrid_only,0,1,hybrid,22,950.9929809570312,1.2400000095367432,0.15772870662460567,-8.58538721328278
hybrid_only,0,1,hybrid,23,922.7260131835938,1.309999942779541,0.15384615384615385,-8.224952496748704
hybrid_only,0,1,hybrid,24,946.2540283203125,1.4199999570846558,0.14992503748125938,-8.342390401080989
hybrid_only,0,1,hybrid,25,985.9669799804688,1.399999976158142,0.14603870025556773,-8.75174722415768
hybrid_only,0,1,hybrid,26,1009.6500244140625,1.3899999856948853,0.1430615164520744,-8.992623291349888
hybrid_only,0,1,hybrid,27,1051.47998046875,1.3799999952316284,0.13855213023900242,-9.411904069933877
hybrid_only,0,1,hybrid,28,1063.300048828125,1.350000023841858,0.13689253935660506,-9.556785543152602
hybrid_only,0,1,hybrid,29,1091.3699951171875,1.340000033378601,0.13275804845668768,-9.839216014706649
hybrid_only,0,1,hybrid,30,1107.6700439453125,1.2699999809265137,0.13114754098360656,-10.068995540493825
hybrid_only,0,1,hybrid,31,1134.5,1.2799999713897705,0.1272264631043257,-10.319452954818882
hybrid_only,0,1,hybrid,32,1166.989990234375,1.2400000095367432,0.12578616352201258,-10.681472219851033
hybrid_only,0,1,hybrid,33,1224.5799560546875,1.2200000286102295,0.12307692307692308,-11.27195337809049
hybrid_only,0,1,hybrid,34,1226.0699462890625,1.2699999809265137,0.12033694344163658,-11.231373368847384
hybrid_only,0,1,hybrid,35,1250.760009765625,1.2599999904632568,0.11782032400589101,-11.483240755204775
hybrid_only,0,1,hybrid,36,1292.510009765625,1.2799999713897705,0.11504170261719873,-11.875183531500877
hybrid_only,0,1,hybrid,37,1318.9200439453125,1.2699999809265137,0.11376564277588168,-12.146731744078373
hybrid_only,0,1,hybrid,38,1409.9599609375,1.3200000524520874,0.10961907371882708,-12.998837704360566
hybrid_only,0,1,hybrid,39,1453.6400146484375,1.340000033378601,0.10787486515641856,-13.41214984341861
hybrid_only,0,2,hybrid,0,168.11700439453125,2.4100000858306885,0.0,0.7288300418853759
hybrid_only,0,2,hybrid,1,196.48599243164062,2.4000000953674316,0.0,0.4351401710510254
hybrid_only,0,2,hybrid,2,224.04100036621094,2.3299999237060547,0.0,0.08958992004394517
hybrid_only,0,2,hybrid,3,251.82699584960938,2.4000000953674316,0.0,-0.11826986312866206
hybrid_only,0,2,hybrid,4,275.4840087890625,2.380000114440918,0.0,-0.3748399734497072
hybrid_only,0,2,hybrid,5,300.80499267578125,2.359999895095825,0.0,-0.6480500316619873
hybrid_only,0,2,hybrid,6,330.77301025390625,2.4000000953674316,0.0,-0.9077300071716308
hybrid_only,0,2,hybrid,7,356.8500061035156,2.4000000953674316,0.0,-1.1684999656677246
hybrid_only,0,2,hybrid,8,382.7430114746094,2.4100000858306885,0.0,-1.4174300289154051
hybrid_only,0,2,hybrid,9,409.44500732421875,2.369999885559082,0.0,-1.7244501876831055
hybrid_only,0,2,hybrid,10,441.8479919433594,2.390000104904175,0.0,-2.028479814529419
hybrid_only,0,2,hybrid,11,499.6409912109375,2.390000104904175,0.0,-2.6064098072051998
hybrid_only,0,2,hybrid,12,576.18701171875,2.4600000381469727,0.0,-3.301870079040527
hybrid_only,0,2,hybrid,13,636.4769897460938,2.690000057220459,0.0,-3.6747698402404785
hybrid_only,0,2,hybrid,14,712.9660034179688,2.7300000190734863,0.0,-4.3996600151062015
hybrid_only,0,2,hybrid,15,774.0590209960938,2.9800000190734863,0.0,-4.760590190887451
hybrid_only,0,2,hybrid,16,819.7369995117188,3.1600000858306885,0.0,-5.0373699092864985
hybrid_only,0,2,hybrid,17,850.5770263671875,3.640000104904175,0.0,-4.865770158767701
hybrid_only,0,2,hybrid,18,874.9249877929688,4.130000114440918,0.0,-4.619249763488769
hybrid_only,0,2,hybrid,19,952.7730102539062,4.329999923706055,0.12919896640826872,-5.456128111649544
hybrid_only,0,2,hybrid,20,1001.1300048828125,4.670000076293945,0.12338062924120913,-5.5880612310165985
hybrid_only,0,2,hybrid,21,1025.25,4.75,0.11695906432748537,-5.73641812865497
hybrid_only,0,2,hybrid,22,945.1510009765625,3.890000104904175,0.11074197120708748,-5.782993847275625
hybrid_only,0,2,hybrid,23,924.2459716796875,3.7100000381469727,0.10468463752944256,-5.7418289537087865
hybrid_only,0,2,hybrid,24,956.9849853515625,4.039999961853027,0.09818360333824251,-5.726217098339084
hybrid_only,0,2,hybrid,25,987.875,4.099999904632568,0.09369875849144998,-5.966147612350332
hybrid_only,0,2,hybrid,26,1022.0900268554688,4.170000076293945,0.08873114463176575,-6.228362481524274
hybrid_only,0,2,hybrid,27,1051.6700439453125,4.21999979019165,0.0851063829787234,-6.466913415218921
hybrid_only,0,2,hybrid,28,1073.0799560546875,4.300000190734863,0.08090614886731391,-6.59261166754664
hybrid_only,0,2,hybrid,29,1093.5799560546875,4.340000152587891,0.0778816199376947,-6.751562647834374
hybrid_only,0,2,hybrid,30,1111.22998046875,4.380000114440918,0.07436326454731362,-6.88102621934121
hybrid_only,0,2,hybrid,31,1136.22998046875,4.360000133514404,0.07178750897343862,-7.145874689119974
hybrid_only,0,2,hybrid,32,1201.6300048828125,4.179999828338623,0.06892986386351888,-7.974159948216539
hybrid_only,0,2,hybrid,33,1234.52001953125,4.099999904632568,0.06683375104427736,-8.378867792768487
hybrid_only,0,2,hybrid,34,1212.6400146484375,4.199999809265137,0.06445375443119562,-8.055307846081629
hybrid_only,0,2,hybrid,35,1256.8900146484375,4.079999923706055,0.06292276230926537,-8.61474574739685
hybrid_only,0,2,hybrid,36,1301.47998046875,3.950000047683716,0.06105938024729049,-9.186918517498366
hybrid_only,0,2,hybrid,37,40.06999969482422,3.819999933242798,0.05947955390334572,3.3003408284878644
hybrid_only,0,2,hybrid,38,1409.739990234375,3.630000114440918,0.057962614113896534,-10.583325016130624
hybrid_only,0,2,hybrid,39,1468.9300537109375,3.509999990463257,0.05611672278338945,-11.291533992212898
hybrid_only,0,3,hybrid,0,167.73599243164062,2.3399999141693115,0.0,0.6626399898529052
hybrid_only,0,3,hybrid,1,195.4219970703125,2.3499999046325684,0.0,0.39577993392944344
hybrid_only,0,3,hybrid,2,222.82699584960938,2.380000114440918,0.0,0.1517301559448243
hybrid_only,0,3,hybrid,3,248.23699951171875,2.380000114440918,0.0,-0.10236988067626962
hybrid_only,0,3,hybrid,4,275.072998046875,2.3299999237060547,0.0,-0.42073005676269526
hybrid_only,0,3,hybrid,5,301.8680114746094,2.380000114440918,0.0,-0.6386800003051758
hybrid_only,0,3,hybrid,6,328.45001220703125,2.380000114440918,0.0,-0.9045000076293945
hybrid_only,0,3,hybrid,7,356.6159973144531,2.369999885559082,0.0,-1.196160087585449
hybrid_only,0,3,hybrid,8,378.77801513671875,2.359999895095825,0.0,-1.4277802562713622
hybrid_only,0,3,hybrid,9,408.3940124511719,2.3399999141693115,0.0,-1.7439402103424069
hybrid_only,0,3,hybrid,10,445.5400085449219,2.430000066757202,0.0,-2.0254000186920162
hybrid_only,0,3,hybrid,11,507.9309997558594,2.430000066757202,0.0,-2.649309930801391
hybrid_only,0,3,hybrid,12,589.6370239257812,2.4600000381469727,0.0,-3.43637020111084
hybrid_only,0,3,hybrid,13,637.0789794921875,2.630000114440918,0.0,-3.7407896804809573
hybrid_only,0,3,hybrid,14,705.9110107421875,2.690000057220459,0.0,-4.369110050201416
hybrid_only,0,3,hybrid,15,769.06298828125,2.799999952316284,0.0970873786407767,-5.084804687777769
hybrid_only,0,3,hybrid,16,831.7020263671875,3.1700000762939453,0.09062075215224287,-5.328261691682416
hybrid_only,0,3,hybrid,17,851.0780029296875,2.6500000953674316,0.08745080891998251,-6.035681551769408
hybrid_only,0,3,hybrid,18,848.2650146484375,2.190000057220459,0.08340283569641367,-6.459455760656743
hybrid_only,0,3,hybrid,19,951.2949829101562,2.0799999237060547,0.07942811755361398,-7.591806140502737
hybrid_only,0,3,hybrid,20,988.7160034179688,2.0799999237060547,0.07668711656441718,-7.960534343602468
hybrid_only,0,3,hybrid,21,1016.72998046875,2.2300000190734863,0.07163323782234957,-8.080566261258713
hybrid_only,0,3,hybrid,22,946.5230102539062,2.3299999237060547,0.06939625260235947,-7.2740226840377264
hybrid_only,0,3,hybrid,23,919.9080200195312,2.4600000381469727,0.06594131223211341,-6.8709627865125675
hybrid_only,0,3,hybrid,24,955.9459838867188,2.640000104904175,0.06373486297004462,-7.046929459903103
hybrid_only,0,3,hybrid,25,974.2670288085938,2.6500000953674316,0.061312078479460456,-7.215294349677427
hybrid_only,0,3,hybrid,26,1022.2100219726562,2.569999933242798,0.05873715124816446,-7.7695745889800945
hybrid_only,0,3,hybrid,27,1045.4300537109375,2.509999990463257,0.05707762557077625,-8.058455797787671
hybrid_only,0,3,hybrid,28,1071.030029296875,2.490000009536743,0.05458515283842795,-8.329470589108862
hybrid_only,0,3,hybrid,29,1084.8499755859375,2.450000047683716,0.05353319057815846,-8.505566089331976
hybrid_only,0,3,hybrid,30,1111.9599609375,2.4100000858306885,0.05126890540886952,-8.812137334362049
hybrid_only,0,3,hybrid,31,1128.3900146484375,2.369999885559082,0.05036514731805591,-9.014630555561405
hybrid_only,0,3,hybrid,32,1201.3299560546875,2.240000009536743,0.0488162069807176,-9.870931964971566
hybrid_only,0,3,hybrid,33,1217.56005859375,2.2200000286102295,0.04758505829169641,-10.050770673910664
hybrid_only,0,3,hybrid,34,1219.300048828125,2.2699999809265137,0.046296296296296294,-10.015593099947328
hybrid_only,0,3,hybrid,35,1243.9000244140625,2.240000009536743,0.04481290611696168,-10.288626046837805
hybrid_only,0,3,hybrid,36,1296.4300537109375,2.2200000286102295,0.04385003288752467,-10.832000574274195
hybrid_only,0,3,hybrid,37,1341.050048828125,2.2300000190734863,0.04217629692113033,-11.264853063050026
hybrid_only,0,3,hybrid,38,1391.22998046875,2.1500000953674316,0.04187604690117253,-11.846051803122414
hybrid_only,0,3,hybrid,39,1466.06005859375,2.190000057220459,0.04057618178129438,-12.55175289227963
hybrid_only,1,0,hybrid,0,165.0760040283203,2.4100000858306885,0.0,0.7592400455474853
hybrid_only,1,0,hybrid,1,195.15899658203125,2.4000000953674316,0.0,0.44841012954711923
hybrid_only,1,0,hybrid,2,219.7530059814453,1.9900000095367432,0.5376344086021505,-1.2827988674820108
hybrid_only,1,0,hybrid,3,229.42300415039062,1.7300000190734863,0.44052863436123346,-1.445287291152887
hybrid_only,1,0,hybrid,4,257.3819885253906,1.8200000524520874,0.36231884057971014,-1.478457513961239
hybrid_only,1,0,hybrid,5,285.67498779296875,1.7300000190734863,0.3125,-1.751749858856201
hybrid_only,1,0,hybrid,6,310.4460144042969,1.659999966621399,0.2770083102493075,-1.9984767979201847
hybrid_only,1,0,hybrid,7,331.72900390625,1.6200000047683716,0.2506265664160401,-2.198543167126209
hybrid_only,1,0,hybrid,8,355.9649963378906,1.5199999809265137,0.22701475595913734,-2.4936794943706673
hybrid_only,1,0,hybrid,9,380.0950012207031,1.4299999475479126,0.21164021164021163,-2.794230487939542
hybrid_only,1,0,hybrid,10,404.3039855957031,1.3300000429153442,0.19723865877712032,-3.1075171305959275
hybrid_only,1,0,hybrid,11,448.99200439453125,1.190000057220459,0.18587360594795538,-3.6716671986207645
hybrid_only,1,0,hybrid,12,512.3380126953125,1.0700000524520874,0.1773049645390071,-4.4079900035790525
hybrid_only,1,0,hybrid,13,586.8900146484375,0.9639999866485596,0.1694915254237288,-5.243883210683273
hybrid_only,1,0,hybrid,14,633.5020141601562,0.9369999766349792,0.16246953696181965,-5.722959238890223
hybrid_only,1,0,hybrid,15,681.469970703125,0.9449999928474426,0.1568627450980392,-6.183425204379885
hybrid_only,1,0,hybrid,16,744.8060302734375,0.9039999842643738,0.1516300227445034,-6.847320363959009
hybrid_only,1,0,hybrid,17,867.7360229492188,0.9160000085830688,0.14336917562724014,-8.0480985721636
hybrid_only,1,0,hybrid,18,908.9949951171875,0.9800000190734863,0.13793103448275862,-8.385812001063906
hybrid_only,1,0,hybrid,19,849.8159790039062,1.159999966621399,0.1310615989515072,-7.600283021320679
hybrid_only,1,0,hybrid,20,807.5770263671875,1.5199999809265137,0.12099213551119177,-6.797754553767746
hybrid_only,1,0,hybrid,21,824.7219848632812,1.850000023841858,0.1135718341851221,-6.6243634931612
hybrid_only,1,0,hybrid,22,881.6929931640625,1.9900000095367432,0.10649627263045794,-7.039922467364796
hybrid_only,1,0,hybrid,23,949.9310302734375,2.1600000858306885,0.09881422924901186,-7.536938675401711
hybrid_only,1,0,hybrid,24,1009.5499877929688,2.2899999618530273,0.09276437847866419,-7.9910286730339894
hybrid_only,1,0,hybrid,25,1081.77001953125,2.5799999237060547,0.08438818565400844,-8.406476642914463
hybrid_only,1,0,hybrid,26,1126.6600341796875,2.75,0.07936507936507936,-8.675330500527034
hybrid_only,1,0,hybrid,27,1158.3699951171875,3.1700000762939453,0.07199424046076314,-8.557688355799456
hybrid_only,1,0,hybrid,28,1152.8199462890625,3.559999942779541,0.2059732234809475,-8.380145967072979
hybrid_only,1,0,hybrid,29,1219.219970703125,3.869999885559082,0.19569471624266144,-8.71358925395749
hybrid_only,1,0,hybrid,30,1233.6099853515625,3.8299999237060547,0.31133250311332505,-9.12876493603622
hybrid_only,1,0,hybrid,31,1168.9100341796875,3.299999952316284,0.29824038174768863,-8.985581152975968
hybrid_only,1,0,hybrid,32,1134.18994140625,2.9100000858306885,0.28368794326241137,-8.999275214756633
hybrid_only,1,0,hybrid,33,1141.280029296875,3.0799999237060547,0.27188689505165853,-8.876574159366012
hybrid_only,1,0,hybrid,34,1159.010009765625,3.0999999046325684,0.2598752598752599,-9.009850712774202
hybrid_only,1,0,hybrid,35,1189.02001953125,3.1600000858306885,0.24752475247524752,-9.225249614432308
hybrid_only,1,0,hybrid,36,1217.43994140625,3.2300000190734863,0.23741690408357075,-9.419233203156153
hybrid_only,1,0,hybrid,37,1260.989990234375,3.259999990463257,0.22857142857142856,-9.80704276902335
hybrid_only,1,0,hybrid,38,1296.1199951171875,3.3399999141693115,0.2181500872600349,-10.057500211522633
hybrid_only,1,0,hybrid,39,1343.1199951171875,3.309999942779541,0.21249468763280918,-10.546189383657952
hybrid_only,1,1,hybrid,0,165.69900512695312,2.4100000858306885,0.0,0.7530100345611572
hybrid_only,1,1,hybrid,1,195.65699768066406,2.4000000953674316,0.0,0.44343011856079095
hybrid_only,1,1,hybrid,2,216.0030059814453,2.5899999141693115,0.0,0.42996985435485824
hybrid_only,1,1,hybrid,3,231.5500030517578,2.609999895095825,0.0,0.2944998645782473
hybrid_only,1,1,hybrid,4,257.84100341796875,2.640000104904175,0.0,0.06159007072448741
hybrid_only,1,1,hybrid,5,287.4530029296875,2.6500000953674316,0.0,-0.22452993392944354
hybrid_only,1,1,hybrid,6,312.7409973144531,2.640000104904175,0.0,-0.4874098682403565
hybrid_only,1,1,hybrid,7,334.2430114746094,2.680000066757202,0.0,-0.6624300479888916
hybrid_only,1,1,hybrid,8,357.3030090332031,2.7100000381469727,0.0,-0.8630300521850587
hybrid_only,1,1,hybrid,9,377.2359924316406,2.740000009536743,0.0,-1.0323599147796632
hybrid_only,1,1,hybrid,10,407.0140075683594,2.7899999618530273,0.0,-1.2801401138305666
hybrid_only,1,1,hybrid,11,458.72198486328125,2.859999895095825,0.0,-1.727219953536987
hybrid_only,1,1,hybrid,12,528.0380249023438,2.930000066757202,0.0,-2.3503801822662354
hybrid_only,1,1,hybrid,13,602.3289794921875,2.9800000190734863,0.0,-3.043289775848389
hybrid_only,1,1,hybrid,14,632.52099609375,3.2300000190734863,0.0,-3.095209941864014
hybrid_only,1,1,hybrid,15,700.9959716796875,3.4600000381469727,0.0,-3.549959678649902
hybrid_only,1,1,hybrid,16,776.3699951171875,3.430000066757202,0.15748031496062992,-4.648660514335933
hybrid_only,1,1,hybrid,17,883.2340087890625,3.509999990463257,0.148975791433892,-5.620291680295152
hybrid_only,1,1,hybrid,18,909.18701171875,2.940000057220459,0.1439366678661389,-6.4397433956993195
hybrid_only,1,1,hybrid,19,841.8079833984375,2.5,0.13591573224600748,-6.189911298476391
hybrid_only,1,1,hybrid,20,812.22900390625,2.8299999237060547,0.12779552715654952,-5.5478811696695445
hybrid_only,1,1,hybrid,21,830.8410034179688,3.069999933242798,0.12221203788573175,-5.482834176708352
hybrid_only,1,1,hybrid,22,876.4290161132812,3.0199999809265137,0.117096018735363,-5.9784822176770245
hybrid_only,1,1,hybrid,23,945.2520141601562,2.9600000381469727,0.11201344161299356,-6.7165469866805765
hybrid_only,1,1,hybrid,24,1003.5800170898438,2.859999895095825,0.10828370330265295,-7.392367682407917
hybrid_only,1,1,hybrid,25,1061.75,2.799999952316284,0.1041938004688721,-8.02588764862146
hybrid_only,1,1,hybrid,26,1126.4000244140625,2.690000057220459,0.1008827238335435,-8.775765634587254
hybrid_only,1,1,hybrid,27,1158.050048828125,2.690000057220459,0.09727626459143969,-9.085052960243672
hybrid_only,1,1,hybrid,28,1151.0699462890625,2.75,0.09436187780136825,-8.949423218493362
hybrid_only,1,1,hybrid,29,1211.6800537109375,2.609999895095825,0.09119927040583675,-9.689199182825224
hybrid_only,1,1,hybrid,30,1242.300048828125,2.569999933242798,0.08888888888888889,-10.03077833281623
hybrid_only,1,1,hybrid,31,1165.1800537109375,2.619999885559082,0.08578168561012224,-9.203364022770538
hybrid_only,1,1,hybrid,32,1131.010009765625,2.5899999141693115,0.08371703641691085,-8.887534256320759
hybrid_only,1,1,hybrid,33,1145.02001953125,2.75,0.08111944838775097,-8.862439092088001
hybrid_only,1,1,hybrid,34,1157.77001953125,2.7699999809265137,0.07898894154818326,-8.965678097482353
hybrid_only,1,1,hybrid,35,1188.8699951171875,2.7300000190734863,0.07708614376565812,-9.312872219629703
hybrid_only,1,1,hybrid,36,1219.43994140625,2.700000047683716,0.07466865783087549,-9.643736682040537
hybrid_only,1,1,hybrid,37,1260.6700439453125,2.6500000953674316,0.07354293068578782,-10.103786205457268
hybrid_only,1,1,hybrid,38,1296.3299560546875,2.640000104904175,0.07130124777183601,-10.465901951186373
hybrid_only,1,1,hybrid,39,1327.969970703125,2.619999885559082,0.0699912510936133,-10.799682323659395
hybrid_only,1,2,hybrid,0,168.10000610351562,2.4100000858306885,0.0,0.7290000247955322
hybrid_only,1,2,hybrid,1,196.63299560546875,2.4100000858306885,0.0,0.44367012977600107
hybrid_only,1,2,hybrid,2,216.0760040283203,2.4700000286102295,0.0,0.30923998832702626
hybrid_only,1,2,hybrid,3,232.53500366210938,2.609999895095825,0.0,0.28464985847473123
hybrid_only,1,2,hybrid,4,259.3110046386719,2.5999999046325684,0.0,0.006889858245849645
hybrid_only,1,2,hybrid,5,287.7749938964844,2.630000114440918,0.0,-0.2477498245239258
hybrid_only,1,2,hybrid,6,314.9440002441406,2.3499999046325684,0.0,-0.7994400978088381
hybrid_only,1,2,hybrid,7,335.9620056152344,2.680000066757202,0.0,-0.6796199893951416
hybrid_only,1,2,hybrid,8,357.0790100097656,2.680000066757202,0.0,-0.8907900333404539
hybrid_only,1,2,hybrid,9,380.9360046386719,2.7300000190734863,0.0,-1.0793600273132324
hybrid_only,1,2,hybrid,10,407.62799072265625,2.740000009536743,0.0,-1.3362798976898196
hybrid_only,1,2,hybrid,11,457.0429992675781,2.809999942779541,0.0,-1.7604300498962404
hybrid_only,1,2,hybrid,12,522.2210083007812,2.819999933242798,0.0,-2.402210149765015
hybrid_only,1,2,hybrid,13,599.1729736328125,2.9000000953674316,0.0,-3.0917296409606934
hybrid_only,1,2,hybrid,14,641.1810302734375,3.2100000381469727,0.0,-3.2018102645874027
hybrid_only,1,2,hybrid,15,685.2020263671875,3.390000104904175,0.0,-3.4620201587677
hybrid_only,1,2,hybrid,16,794.6179809570312,3.569999933242798,0.0,-4.376179876327515
hybrid_only,1,2,hybrid,17,874.1719970703125,3.5299999713897705,0.07291286912139992,-5.357545737556154
hybrid_only,1,2,hybrid,18,915.1160278320312,3.9200000762939453,0.06932409012131716,-5.369808382269001
hybrid_only,1,2,hybrid,19,828.27001953125,3.259999990463257,0.06510416666666667,-5.152908538182578
hybrid_only,1,2,hybrid,20,802.0599975585938,3.0299999713897705,0.06228589224540641,-5.115171788686981
hybrid_only,1,2,hybrid,21,817.0869750976562,3.2799999713897705,0.059154096421177166,-5.009177972429146
hybrid_only,1,2,hybrid,22,892.594970703125,3.2699999809265137,0.0556792873051225,-5.767308300714982
hybrid_only,1,2,hybrid,23,956.0089721679688,3.2200000286102295,0.05334755934915977,-6.4467848117677775
hybrid_only,1,2,hybrid,24,1013.1500244140625,3.1700000762939453,0.10175527855507505,-7.165010724956829
hybrid_only,1,2,hybrid,25,1077.8800048828125,3.059999942779541,0.09972575417601595,-7.918251614400615
hybrid_only,1,2,hybrid,26,1130.18994140625,2.940000057220459,0.09666505558240696,-8.555229468006855
hybrid_only,1,2,hybrid,27,1155.97998046875,2.5299999713897705,0.09471939379587971,-9.21923862088949
hybrid_only,1,2,hybrid,28,1145.56005859375,2.0899999141693115,0.09189065012634964,-9.549381972020887
hybrid_only,1,2,hybrid,29,1210.5799560546875,2.0,0.09078529278256922,-10.287370146112014
hybrid_only,1,2,hybrid,30,1230.1600341796875,2.049999952316284,0.08795074758135445,-10.4275018846433
hybrid_only,1,2,hybrid,31,1166.1800537109375,2.140000104904175,0.08613264427217916,-9.694065720749558
hybrid_only,1,2,hybrid,32,1135.8299560546875,2.200000047683716,0.08369951872776732,-9.325698550318695
hybrid_only,1,2,hybrid,33,1145.8900146484375,2.369999885559082,0.08188331627430911,-9.252666893473911
hybrid_only,1,2,hybrid,34,1161.02001953125,2.4200000762939453,0.07974481658692185,-9.349689752192397
hybrid_only,1,2,hybrid,35,1183.72998046875,2.390000104904175,0.07830853563038372,-9.603916771044092
hybrid_only,1,2,hybrid,36,1216.6600341796875,2.359999895095825,0.07654037504783773,-9.959681196796724
hybrid_only,1,2,hybrid,37,1246.72998046875,2.2899999618530273,0.07475238273219958,-10.326804608298872
hybrid_only,1,2,hybrid,38,1288.77001953125,2.2300000190734863,0.07346189164370982,-10.804623959526433
hybrid_only,1,2,hybrid,39,1339.239990234375,2.1700000762939453,0.07147962830593281,-11.36535908266167
hybrid_only,1,3,hybrid,0,168.06700134277344,2.3399999141693115,0.0,0.6593299007415772
hybrid_only,1,3,hybrid,1,196.01100158691406,2.3499999046325684,0.0,0.38988988876342767
hybrid_only,1,3,hybrid,2,217.4720001220703,2.4700000286102295,0.0,0.2952800273895262
hybrid_only,1,3,hybrid,3,233.97799682617188,2.609999895095825,0.0,0.27021992683410634
hybrid_only,1,3,hybrid,4,257.3630065917969,2.5999999046325684,0.0,0.026369838714599414
hybrid_only,1,3,hybrid,5,285.47100830078125,2.619999885559082,0.0,-0.23471019744873045
hybrid_only,1,3,hybrid,6,313.531005859375,2.609999895095825,0.0,-0.5253101634979247
hybrid_only,1,3,hybrid,7,334.9079895019531,2.609999895095825,0.0,-0.7390799999237059
hybrid_only,1,3,hybrid,8,354.5150146484375,2.6600000858306885,0.0,-0.8851500606536864
hybrid_only,1,3,hybrid,9,380.7959899902344,2.6700000762939453,0.0,-1.1379598236083983
hybrid_only,1,3,hybrid,10,403.4280090332031,2.7100000381469727,0.0,-1.3242800521850588
hybrid_only,1,3,hybrid,11,449.3399963378906,2.7100000381469727,0.0,-1.783399925231934
hybrid_only,1,3,hybrid,12,521.6829833984375,2.7799999713897705,0.0,-2.436829862594604
hybrid_only,1,3,hybrid,13,577.073974609375,2.740000009536743,0.10810810810810811,-3.2469559527732232
hybrid_only,1,3,hybrid,14,633.0650024414062,2.0899999141693115,0.10209290454313426,-4.44483591933102
hybrid_only,1,3,hybrid,15,687.3619995117188,1.840000033378601,0.09633911368015415,-5.226298189098895
hybrid_only,1,3,hybrid,16,780.468017578125,1.6699999570846558,0.09341429238673517,-6.321508803470065
hybrid_only,1,3,hybrid,17,823.3209838867188,1.6299999952316284,0.0903750564844103,-6.78395995660438
hybrid_only,1,3,hybrid,18,913.1649780273438,1.6699999570846558,0.17130620985010706,-7.8042622428889965
hybrid_only,1,3,hybrid,19,840.2689819335938,1.7699999809265137,0.16806722689075632,-6.968824292190938
hybrid_only,1,3,hybrid,20,802.0189819335938,1.649999976158142,0.16413623307345096,-6.6984623093246976
hybrid_only,1,3,hybrid,21,817.2319946289062,1.3700000047683716,0.15760441292356187,-7.117528767367816
hybrid_only,1,3,hybrid,22,883.447998046875,1.3200000524520874,0.1543805480509456,-7.823241024118554
hybrid_only,1,3,hybrid,23,930.8319702148438,1.2699999809265137,0.15071590052750566,-8.339751522276936
hybrid_only,1,3,hybrid,24,1007.1799926757812,1.2599999904632568,0.14727540500736377,-9.106350746309284
hybrid_only,1,3,hybrid,25,1051.989990234375,1.2000000476837158,0.1444043321299639,-9.608708518919963
hybrid_only,1,3,hybrid,26,1126.760009765625,1.1799999475479126,0.1411930815390046,-10.369986313186345
hybrid_only,1,3,hybrid,27,1152.3900146484375,1.159999966621399,0.13850415512465375,-10.640908490112283
hybrid_only,1,3,hybrid,28,1154.8499755859375,1.1799999475479126,0.13554727211114875,-10.63959435253376
hybrid_only,1,3,hybrid,29,1184.8199462890625,1.1299999952316284,0.13311148086522462,-10.984422429389445
hybrid_only,1,3,hybrid,30,1234.760009765625,1.100000023841858,0.13071895424836602,-11.509037982311124
hybrid_only,1,3,hybrid,31,1195.5400390625,1.1299999952316284,0.128,-11.081400395393372
hybrid_only,1,3,hybrid,32,1134.760009765625,1.1399999856948853,0.12558869701726844,-10.4587775059959
hybrid_only,1,3,hybrid,33,1142.8900146484375,1.2200000286102295,0.12277470841006753,-10.45444953469428
hybrid_only,1,3,hybrid,34,1163.219970703125,1.2200000286102295,0.12059089538739826,-10.653381469195816
hybrid_only,1,3,hybrid,35,1181.239990234375,1.2999999523162842,0.11730205278592376,-10.747004055599312
hybrid_only,1,3,hybrid,36,1212.1700439453125,1.2799999713897705,0.11607661056297155,-11.073853689189297
hybrid_only,1,3,hybrid,37,1255.1500244140625,1.3700000047683716,0.11163829193413341,-11.404776823240521
hybrid_only,1,3,hybrid,38,1275.780029296875,1.3700000047683716,0.11098779134295228,-11.609775870886281
hybrid_only,1,3,hybrid,39,1342.52001953125,1.5,0.10641127959563713,-12.138022754503774
hybrid_only,2,0,hybrid,0,165.34300231933594,2.4000000953674316,0.0,0.7465700721740722
hybrid_only,2,0,hybrid,1,195.24400329589844,2.4100000858306885,0.0,0.4575600528717041
hybrid_only,2,0,hybrid,2,224.44700622558594,2.440000057220459,0.0,0.19552999496459966
hybrid_only,2,0,hybrid,3,250.33799743652344,2.430000066757202,0.0,-0.07337990760803237
hybrid_only,2,0,hybrid,4,271.9530029296875,2.430000066757202,0.0,-0.2895299625396728
hybrid_only,2,0,hybrid,5,278.6210021972656,2.6500000953674316,0.0,-0.13620992660522457
hybrid_only,2,0,hybrid,6,309.0199890136719,2.640000104904175,0.0,-0.4501997852325439
hybrid_only,2,0,hybrid,7,337.2749938964844,2.619999885559082,0.0,-0.7527500534057618
hybrid_only,2,0,hybrid,8,359.6969909667969,2.609999895095825,0.0,-0.9869700145721434
hybrid_only,2,0,hybrid,9,388.9179992675781,2.609999895095825,0.0,-1.2791800975799559
hybrid_only,2,0,hybrid,10,404.63800048828125,2.3499999046325684,0.28530670470756064,-2.2669935096653653
hybrid_only,2,0,hybrid,11,413.0690002441406,1.5800000429153442,0.27266530334015,-3.0960205662063625
hybrid_only,2,0,hybrid,12,443.1419982910156,1.2100000381469727,0.2607561929595828,-3.7429323306823488
hybrid_only,2,0,hybrid,13,498.3110046386719,1.1699999570846558,0.25046963055729493,-4.314049350416653
hybrid_only,2,0,hybrid,14,468.51300048828125,1.2799999713897705,0.24169184290030213,-3.888513719293646
hybrid_only,2,0,hybrid,15,510.510986328125,1.2100000381469727,0.23337222870478413,-4.361854282543845
hybrid_only,2,0,hybrid,16,559.1749877929688,1.100000023841858,0.22637238256932654,-4.944494619226482
hybrid_only,2,0,hybrid,17,618.5029907226562,1.0099999904632568,0.22002200220022003,-5.615073921163746
hybrid_only,2,0,hybrid,18,681.3770141601562,0.9129999876022339,0.2145922746781116,-6.329954703355551
hybrid_only,2,0,hybrid,19,736.2319946289062,0.8610000014305115,0.2103049421661409,-6.921929829190833
hybrid_only,2,0,hybrid,20,805.4140014648438,0.7770000100135803,0.20607934054611024,-7.689298685727078
hybrid_only,2,0,hybrid,21,873.844970703125,0.7360000014305115,0.20181634712411706,-8.406082399848973
hybrid_only,2,0,hybrid,22,946.989990234375,0.7059999704360962,0.1981178801386825,-9.160135692185019
hybrid_only,2,0,hybrid,23,1030.9599609375,0.6610000133514404,0.1948368241597662,-10.038273244343092
hybrid_only,2,0,hybrid,24,1139.1800537109375,0.6660000085830688,0.19065776930409914,-11.107116067134505
hybrid_only,2,0,hybrid,25,1004.1799926757812,0.753000020980835,0.18535681186283595,-9.65951352950265
hybrid_only,2,0,hybrid,26,923.239990234375,0.9279999732971191,0.1796138302649304,-8.663627589576492
hybrid_only,2,0,hybrid,27,936.406005859375,1.149999976158142,0.17459624618070713,-8.563252574797023
hybrid_only,2,0,hybrid,28,987.844970703125,1.2899999618530273,0.1671541997492687,-8.92275814467676
hybrid_only,2,0,hybrid,29,1041.7900390625,1.3799999952316284,0.16200891049007696,-9.361918216373526
hybrid_only,2,0,hybrid,30,1117.68994140625,1.5299999713897705,0.15414258188824662,-9.955184606449222
hybrid_only,2,0,hybrid,31,1170.4000244140625,1.6100000143051147,0.148975791433892,-10.391951812703294
hybrid_only,2,0,hybrid,32,1231.4599609375,1.7699999809265137,0.28808066258552395,-11.120760953619534
hybrid_only,2,0,hybrid,33,1283.3599853515625,1.9299999475479126,0.28149190710767064,-11.466583720183054
hybrid_only,2,0,hybrid,34,1338.6700439453125,1.909999966621399,0.3421142661648991,-12.160929005161524
hybrid_only,2,0,hybrid,35,1342.43994140625,1.659999966621399,0.33444816053511706,-12.433295768511334
hybrid_only,2,0,hybrid,36,1353.1199951171875,1.440000057220459,0.3259452411994785,-12.743090376350372
hybrid_only,2,0,hybrid,37,1377.0899658203125,1.409999966621399,0.3186743148502231,-12.998248321282173
hybrid_only,2,0,hybrid,38,1411.260009765625,1.3700000047683716,0.3117206982543641,-13.366041489396606
hybrid_only,2,0,hybrid,39,1440.489990234375,1.3700000047683716,0.30441400304414,-13.64372790366366
hybrid_only,2,1,hybrid,0,165.91700744628906,2.4000000953674316,0.0,0.7408300209045411
hybrid_only,2,1,hybrid,1,195.55299377441406,2.4100000858306885,0.0,0.45447014808654784
hybrid_only,2,1,hybrid,2,223.66700744628906,2.440000057220459,0.0,0.2033299827575683
hybrid_only,2,1,hybrid,3,250.7760009765625,2.4000000953674316,0.0,-0.10775991439819332
hybrid_only,2,1,hybrid,4,272.89300537109375,2.450000047683716,0.0,-0.27893000602722173
hybrid_only,2,1,hybrid,5,280.125,2.6700000762939453,0.0,-0.1312499237060547
hybrid_only,2,1,hybrid,6,310.17999267578125,2.630000114440918,0.0,-0.4717998123168945
hybrid_only,2,1,hybrid,7,336.77801513671875,2.5899999141693115,0.0,-0.7777802371978759
hybrid_only,2,1,hybrid,8,358.99798583984375,2.619999885559082,0.0,-0.9699799728393557
hybrid_only,2,1,hybrid,9,387.0589904785156,2.609999895095825,0.0,-1.2605900096893312
hybrid_only,2,1,hybrid,10,404.9570007324219,2.7899999618530273,0.0,-1.2595700454711913
hybrid_only,2,1,hybrid,11,410.1929931640625,3.2200000286102295,0.0,-0.8819299030303958
hybrid_only,2,1,hybrid,12,451.24200439453125,3.490000009536743,0.0,-1.0224200344085697
hybrid_only,2,1,hybrid,13,501.15301513671875,3.7799999713897705,0.0,-1.2315301799774172
hybrid_only,2,1,hybrid,14,475.2640075683594,4.71999979019165,0.0,-0.032640285491943644
hybrid_only,2,1,hybrid,15,514.27001953125,5.119999885559082,0.0,-0.02270030975341797
hybrid_only,2,1,hybrid,16,574.1929931640625,5.360000133514404,0.0,-0.38192979812622063
hybrid_only,2,1,hybrid,17,640.31201171875,5.610000133514404,0.0,-0.7931199836730958
hybrid_only,2,1,hybrid,18,705.4600219726562,5.849999904632568,0.0,-1.2046003150939946
hybrid_only,2,1,hybrid,19,766.8040161132812,6.050000190734863,0.0,-1.6180399703979491
hybrid_only,2,1,hybrid,20,830.2000122070312,6.25,0.0,-2.0520001220703126
hybrid_only,2,1,hybrid,21,907.6370239257812,6.480000019073486,0.0,-2.596370220184326
hybrid_only,2,1,hybrid,22,973.6959838867188,6.650000095367432,0.03961180431768667,-3.1661833521351292
hybrid_only,2,1,hybrid,23,40.0629997253418,6.730000019073486,0.0944822373393802,6.140405547141308
hybrid_only,2,1,hybrid,24,1138.1199951171875,6.789999961853027,0.10855798805862131,-4.80831596543609
hybrid_only,2,1,hybrid,25,960.5830078125,5.409999847412109,0.10242403550699898,-4.40067830172689
hybrid_only,2,1,hybrid,26,918.5750122070312,5.340000152587891,0.09751340809361288,-4.040776785669647
hybrid_only,2,1,hybrid,27,943.9439697265625,5.960000038146973,0.09300883583940474,-3.6654573307974614
hybrid_only,2,1,hybrid,28,997.4550170898438,5.849999904632568,0.0888494002665482,-4.302249066798965
hybrid_only,2,1,hybrid,29,1053.8599853515625,5.769999980926514,0.08504606661941885,-4.93869200582795
hybrid_only,2,1,hybrid,30,1125.6700439453125,5.630000114440918,0.08167710318540702,-5.790054531383021
hybrid_only,2,1,hybrid,31,1181.7900390625,5.579999923706055,0.0785648814979704,-6.3950302299148865
hybrid_only,2,1,hybrid,32,1232.300048828125,5.550000190734863,0.07565250283696885,-6.924305303220325
hybrid_only,2,1,hybrid,33,1292.68994140625,5.46999979019165,0.07278903311901007,-7.60247769010887
hybrid_only,2,1,hybrid,34,1337.02001953125,5.429999828338623,0.0705965407695023,-8.08139344851288
hybrid_only,2,1,hybrid,35,1345.4300537109375,5.53000020980835,0.06827492034592626,-8.060850167992879
hybrid_only,2,1,hybrid,36,1354.489990234375,5.570000171661377,0.06654835847382432,-8.107996447630022
hybrid_only,2,1,hybrid,37,1382.81005859375,5.539999961853027,0.06443990978412631,-8.416980443652726
hybrid_only,2,1,hybrid,38,1406.719970703125,5.519999980926514,0.06250651109490572,-8.672212748294548
hybrid_only,2,1,hybrid,39,1446.3499755859375,5.420000076293945,0.060747190442442034,-9.164994060450315
hybrid_only,2,2,hybrid,0,168.3470001220703,2.4000000953674316,0.0,0.7165300941467285
hybrid_only,2,2,hybrid,1,196.45899963378906,2.4100000858306885,0.0,0.4454100894927979
hybrid_only,2,2,hybrid,2,223.3509979248047,2.3399999141693115,0.0,0.10648993492126468
hybrid_only,2,2,hybrid,3,251.7760009765625,2.4000000953674316,0.0,-0.11775991439819355
hybrid_only,2,2,hybrid,4,273.375,2.4100000858306885,0.0,-0.32374991416931165
hybrid_only,2,2,hybrid,5,281.67401123046875,2.559999942779541,0.0,-0.25674016952514656
hybrid_only,2,2,hybrid,6,308.489013671875,2.559999942779541,0.0,-0.5248901939392088
hybrid_only,2,2,hybrid,7,337.5979919433594,2.5899999141693115,0.0,-0.7859800052642822
hybrid_only,2,2,hybrid,8,362.5320129394531,2.609999895095825,0.0,-1.0153202342987062
hybrid_only,2,2,hybrid,9,388.6090087890625,2.5999999046325684,0.0,-1.2860901832580565
hybrid_only,2,2,hybrid,10,402.6619873046875,2.7699999809265137,0.0,-1.2566198921203613
hybrid_only,2,2,hybrid,11,409.7690124511719,3.1600000858306885,0.0,-0.9376900386810298
hybrid_only,2,2,hybrid,12,449.0740051269531,3.380000114440918,0.11173184357541899,-1.3342036239794517
hybrid_only,2,2,hybrid,13,501.99798583984375,3.3399999141693115,0.1048767697954903,-1.8897334838201068
hybrid_only,2,2,hybrid,14,478.27099609375,2.619999885559082,0.09713453132588636,-2.3569791380301908
hybrid_only,2,2,hybrid,15,518.3049926757812,2.6500000953674316,0.09053870529651425,-2.7141272419834093
hybrid_only,2,2,hybrid,16,577.1439819335938,2.559999942779541,0.08557980316645272,-3.3825994828893022
hybrid_only,2,2,hybrid,17,638.2479858398438,2.4000000953674316,0.08196721311475409,-4.146414189260515
hybrid_only,2,2,hybrid,18,693.1220092773438,2.299999952316284,0.07833920877399138,-4.787898558005136
hybrid_only,2,2,hybrid,19,759.7570190429688,2.180000066757202,0.0751597143930853,-5.567889552458656
hybrid_only,2,2,hybrid,20,828.8880004882812,2.0799999237060547,0.07173601147776183,-6.352352104132282
hybrid_only,2,2,hybrid,21,893.2760009765625,1.9299999475479126,0.07000350017500875,-7.14276706256773
hybrid_only,2,2,hybrid,22,957.3699951171875,1.809999942779541,0.06795786612300374,-7.899615740638342
hybrid_only,2,2,hybrid,23,1060.56005859375,1.6399999856948853,0.06642311524410495,-9.098446830730825
hybrid_only,2,2,hybrid,24,1144.1400146484375,1.5299999713897705,0.06457862447529868,-10.040557424045202
hybrid_only,2,2,hybrid,25,1002.0700073242188,1.6100000143051147,0.06297229219143577,-8.536644643319944
hybrid_only,2,2,hybrid,26,920.0079956054688,1.690000057220459,0.061068702290076333,-7.6322173034143805
hybrid_only,2,2,hybrid,27,943.7349853515625,1.909999966621399,0.05884083553986467,-7.645031557973956
hybrid_only,2,2,hybrid,28,993.2379760742188,1.8200000524520874,0.057520851308599366,-8.227421410907297
hybrid_only,2,2,hybrid,29,1050.7099609375,1.7599999904632568,0.05585032113934655,-8.858800261190437
hybrid_only,2,2,hybrid,30,1117.9599609375,1.690000057220459,0.05468963631391851,-9.598978824782378
hybrid_only,2,2,hybrid,31,1186.0699462890625,1.6799999475479126,0.05307855626326964,-10.286856627869252
hybrid_only,2,2,hybrid,32,1234.8299560546875,1.659999966621399,0.052042674993494666,-10.792384943912467
hybrid_only,2,2,hybrid,33,1286.52001953125,1.649999976158142,0.05108556832694764,-11.317371355808254
hybrid_only,2,2,hybrid,34,1331.1099853515625,1.690000057220459,0.049689440993788817,-11.720478678282744
hybrid_only,2,2,hybrid,35,1342.280029296875,1.8200000524520874,0.04819277108433735,-11.699185782685337
hybrid_only,2,2,hybrid,36,1354.8699951171875,2.009999990463257,0.04631773969430292,-11.631335440097224
hybrid_only,2,2,hybrid,37,1381.7099609375,2.1500000953674316,0.04493372275893058,-11.756966959525428
hybrid_only,2,2,hybrid,38,1415.5799560546875,2.2899999618530273,0.04355400696864112,-11.95290761263113
hybrid_only,2,2,hybrid,39,1442.3800048828125,2.440000057220459,0.0421674045962471,-12.068134800800161
hybrid_only,2,3,hybrid,0,167.4459991455078,2.3399999141693115,0.0,0.6655399227142333
hybrid_only,2,3,hybrid,1,195.66600036621094,2.3499999046325684,0.0,0.393339900970459
hybrid_only,2,3,hybrid,2,221.79100036621094,2.390000104904175,0.0,0.17209010124206525
hybrid_only,2,3,hybrid,3,249.9720001220703,2.359999895095825,0.0,-0.13972010612487784
hybrid_only,2,3,hybrid,4,274.802001953125,2.299999952316284,0.3448275862068966,-1.1376752396287588
hybrid_only,2,3,hybrid,5,280.052001953125,1.7100000381469727,0.29895366218236175,-1.688427305749001
hybrid_only,2,3,hybrid,6,306.9280090332031,1.7400000095367432,0.26455026455026454,-1.858380609895817
hybrid_only,2,3,hybrid,7,333.13299560546875,1.7899999618530273,0.23557126030624265,-2.012472514814146
hybrid_only,2,3,hybrid,8,360.30999755859375,1.7200000286102295,0.21344717182497333,-2.3099942906256548
hybrid_only,2,3,hybrid,9,382.510986328125,1.7100000381469727,0.19627085377821393,-2.507651532690705
hybrid_only,2,3,hybrid,10,402.13800048828125,1.6399999856948853,0.18181818181818182,-2.7450163828242906
hybrid_only,2,3,hybrid,11,410.1610107421875,1.6399999856948853,0.16778523489932887,-2.797180591525647
hybrid_only,2,3,hybrid,12,429.7959899902344,1.5499999523162842,0.16,-3.0679599475860595
hybrid_only,2,3,hybrid,13,486.48199462890625,1.340000033378601,0.15444015444015444,-3.833700221790771
hybrid_only,2,3,hybrid,14,473.19000244140625,0.9419999718666077,0.3003003003003003,-4.390500653148055
hybrid_only,2,3,hybrid,15,513.073974609375,0.6230000257492065,0.291970802919708,-5.091681326183959
hybrid_only,2,3,hybrid,16,548.8330078125,0.5799999833106995,0.2871500358937545,-5.48263016660181
hybrid_only,2,3,hybrid,17,600.3389892578125,0.5590000152587891,0.28149190710767064,-6.007373691534677
hybrid_only,2,3,hybrid,18,650.0079956054688,0.5270000100135803,0.27624309392265195,-6.525566133886411
hybrid_only,2,3,hybrid,19,726.0360107421875,0.5120000243186951,0.2704530087897228,-7.289266100682626
hybrid_only,2,3,hybrid,20,811.093017578125,0.47200000286102295,0.26578073089701,-8.170491634714248
hybrid_only,2,3,hybrid,21,834.4190063476562,0.41999998688697815,0.264026402640264,-8.452242881870111
hybrid_only,2,3,hybrid,22,941.1079711914062,0.40799999237060547,0.258732212160414,-9.520544143864285
hybrid_only,2,3,hybrid,23,961.9769897460938,0.36399999260902405,0.25773195876288657,-9.771233822377686
hybrid_only,2,3,hybrid,24,1124.27001953125,0.35100001096725464,0.2520478890989288,-11.395795962543103
hybrid_only,2,3,hybrid,25,1095.780029296875,0.3959999978542328,0.2507836990595611,-11.06336769323364
hybrid_only,2,3,hybrid,26,936.0380249023438,0.421999990940094,0.2437538086532602,-9.425887875389863
hybrid_only,2,3,hybrid,27,941.8699951171875,0.5699999928474426,0.23937761819269898,-9.327455194709831
hybrid_only,2,3,hybrid,28,1005.760009765625,0.515999972820282,0.23337222870478413,-10.008344582245536
hybrid_only,2,3,hybrid,29,1062.4100341796875,0.6579999923706055,0.4548038658328596,-10.87570808109199
hybrid_only,2,3,hybrid,30,1118.1400146484375,0.6869999766349792,0.44918585064570465,-11.392771871140805
hybrid_only,2,3,hybrid,31,1202.800048828125,0.7350000143051147,0.44223327805417356,-12.177467030084483
hybrid_only,2,3,hybrid,32,1224.989990234375,0.5979999899864197,0.5968529571351058,-12.84560582662754
hybrid_only,2,3,hybrid,33,1269.0799560546875,0.527999997138977,0.5913978494623656,-13.34559526233263
hybrid_only,2,3,hybrid,34,1332.0799560546875,0.5379999876022339,0.5817028027498677,-13.946205178444377
hybrid_only,2,3,hybrid,35,1348.06005859375,0.5339999794960022,0.5783385909568874,-14.103277788355273
hybrid_only,2,3,hybrid,36,1350.77001953125,0.531000018119812,0.5717255717255717,-14.120151320643831
hybrid_only,2,3,hybrid,37,1364.22998046875,0.4580000042915344,0.5664263645726055,-14.317152529541177
hybrid_only,2,3,hybrid,38,1396.9599609375,0.4000000059604645,0.5615109749872383,-14.692621553389014
hybrid_only,2,3,hybrid,39,1436.1700439453125,0.3440000116825104,0.5547150781643974,-15.12713058409941
hybrid_only,3,0,hybrid,0,165.16900634765625,2.4100000858306885,0.0,0.7583100223541259
hybrid_only,3,0,hybrid,1,194.8820037841797,2.4200000762939453,0.0,0.4711800384521485
hybrid_only,3,0,hybrid,2,224.0240020751953,2.440000057220459,0.0,0.19976003646850593
hybrid_only,3,0,hybrid,3,250.35299682617188,2.430000066757202,0.0,-0.07352990150451655
hybrid_only,3,0,hybrid,4,274.1180114746094,2.4100000858306885,0.0,-0.33118002891540543
hybrid_only,3,0,hybrid,5,303.0950012207031,2.4800000190734863,0.0,-0.5509499931335449
hybrid_only,3,0,hybrid,6,317.281005859375,2.5799999237060547,0.0,-0.5928101348876953
hybrid_only,3,0,hybrid,7,310.05499267578125,2.799999952316284,0.0,-0.30054997444152853
hybrid_only,3,0,hybrid,8,334.35198974609375,2.809999942779541,0.0,-0.5335199546813967
hybrid_only,3,0,hybrid,9,363.3940124511719,2.859999895095825,0.0,-0.7739402294158935
hybrid_only,3,0,hybrid,10,387.8580017089844,2.819999933242798,0.0,-1.0585800838470458
hybrid_only,3,0,hybrid,11,446.4110107421875,2.890000104904175,0.0,-1.5741100025177
hybrid_only,3,0,hybrid,12,510.6990051269531,2.930000066757202,0.0,-2.1769899845123293
hybrid_only,3,0,hybrid,13,591.1209716796875,2.990000009536743,0.0,-2.9212097072601315
hybrid_only,3,0,hybrid,14,666.0089721679688,2.940000057220459,0.0,-3.7200896644592287
hybrid_only,3,0,hybrid,15,751.093994140625,3.059999942779541,0.0,-4.450939998626709
hybrid_only,3,0,hybrid,16,870.9869995117188,3.109999895095825,0.08028904054596547,-5.7604481811132935
hybrid_only,3,0,hybrid,17,896.1939697265625,3.3299999237060547,0.07760962359332557,-5.7871590207462225
hybrid_only,3,0,hybrid,18,874.85400390625,2.700000047683716,0.07312614259597806,-6.194792276570739
hybrid_only,3,0,hybrid,19,921.697998046875,2.380000114440918,0.0702000702000702,-6.977380006427973
hybrid_only,3,0,hybrid,20,972.166015625,2.240000009536743,0.06765899864682003,-7.616978144006897
hybrid_only,3,0,hybrid,21,1084.6800537109375,2.190000057220459,0.06489292667099286,-8.786586333230902
hybrid_only,3,0,hybrid,22,1071.3399658203125,2.390000104904175,0.06255864873318737,-8.448516850765325
hybrid_only,3,0,hybrid,23,1018.4199829101562,2.450000047683716,0.0594000594000594,-7.852999900217965
hybrid_only,3,0,hybrid,24,1062.0899658203125,2.569999933242798,0.11537352177675224,-8.281646768513832
hybrid_only,3,0,hybrid,25,1123.530029296875,2.5399999618530273,0.1119194180190263,-8.919139167153777
hybrid_only,3,0,hybrid,26,1159.8299560546875,2.4600000381469727,0.16533480297602646,-9.468969128351956
hybrid_only,3,0,hybrid,27,1196.719970703125,2.0799999237060547,0.1610738255033557,-10.209347434331907
hybrid_only,3,0,hybrid,28,1164.6500244140625,1.7799999713897705,0.1576458223857068,-10.181791917522268
hybrid_only,3,0,hybrid,29,1147.2099609375,1.7200000286102295,0.1534134492457172,-10.058926479256206
hybrid_only,3,0,hybrid,30,1146.5799560546875,1.7799999713897705,0.1500750375187594,-9.985949664194624
hybrid_only,3,0,hybrid,31,1185.280029296875,1.8200000524520874,0.146163215590743,-10.325126671698149
hybrid_only,3,0,hybrid,32,1211.5999755859375,1.8300000429153442,0.14285714285714285,-10.571713998658318
hybrid_only,3,0,hybrid,33,1237.9100341796875,1.850000023841858,0.13995801259622112,-10.809016343147459
hybrid_only,3,0,hybrid,34,1259.1300048828125,1.8700000047683716,0.13611615245009073,-10.993532348959935
hybrid_only,3,0,hybrid,35,1275.43994140625,1.8600000143051147,0.13480116827679173,-11.164001736310968
hybrid_only,3,0,hybrid,36,1286.52001953125,1.899999976158142,0.13077593722755013,-11.22675209360946
hybrid_only,3,0,hybrid,37,1252.9100341796875,1.9299999475479126,0.1290600129060013,-10.857220420060965
hybrid_only,3,0,hybrid,38,1226.8800048828125,1.9299999475479126,0.1251564455569462,-10.589112992394105
hybrid_only,3,0,hybrid,39,1237.0999755859375,1.9800000190734863,0.12360939431396786,-10.638218525413825
hybrid_only,3,1,hybrid,0,165.83200073242188,2.4100000858306885,0.0,0.7516800785064697
hybrid_only,3,1,hybrid,1,195.6510009765625,2.4000000953674316,0.0,0.4434900856018067
hybrid_only,3,1,hybrid,2,223.21499633789062,2.440000057220459,0.0,0.20785009384155284
hybrid_only,3,1,hybrid,3,250.51499938964844,2.430000066757202,0.0,-0.07514992713928237
hybrid_only,3,1,hybrid,4,275.0669860839844,2.430000066757202,0.0,-0.3206697940826415
hybrid_only,3,1,hybrid,5,303.52301025390625,2.4000000953674316,0.0,-0.6352300071716308
hybrid_only,3,1,hybrid,6,319.2049865722656,1.8899999856948853,0.24009603841536614,-1.782241956858503
hybrid_only,3,1,hybrid,7,311.6839904785156,1.1799999475479126,0.2242152466367713,-2.3852704505107862
hybrid_only,3,1,hybrid,8,337.75201416015625,1.059999942779541,0.2107481559536354,-2.739016510729292
hybrid_only,3,1,hybrid,9,360.6830139160156,1.1799999475479126,0.19723865877712032,-2.821307509166484
hybrid_only,3,1,hybrid,10,388.5820007324219,1.1399999856948853,0.18796992481203006,-3.121759871253394
hybrid_only,3,1,hybrid,11,438.7279968261719,1.0099999904632568,0.17873100983020554,-3.7347419974588734
hybrid_only,3,1,hybrid,12,496.8940124511719,0.8730000257492065,0.1724137931034483,-4.440767684969409
hybrid_only,3,1,hybrid,13,567.9650268554688,0.7429999709129333,0.16722408026755853,-5.271098458176871
hybrid_only,3,1,hybrid,14,637.9000244140625,0.6650000214576721,0.16326530612244897,-6.040530834927851
hybrid_only,3,1,hybrid,15,717.302001953125,0.5989999771118164,0.1589825119236884,-6.89198506626681
hybrid_only,3,1,hybrid,16,817.85498046875,0.5450000166893005,0.1557632398753894,-7.945076267748977
hybrid_only,3,1,hybrid,17,866.9769897460938,0.5360000133514404,0.1530221882172915,-8.43981426054408
hybrid_only,3,1,hybrid,18,874.4520263671875,0.5830000042915344,0.14727540500736377,-8.456071069395069
hybrid_only,3,1,hybrid,19,909.6190185546875,0.6150000095367432,0.14398848092152627,-8.769167137853184
hybrid_only,3,1,hybrid,20,946.9979858398438,0.656000018119812,0.1400560224089636,-9.094091885096553
hybrid_only,3,1,hybrid,21,1066.199951171875,0.6600000262260437,0.13540961408259986,-10.272818713657907
hybrid_only,3,1,hybrid,22,1086.3800048828125,0.7559999823570251,0.13097576948264572,-10.369751605436392
hybrid_only,3,1,hybrid,23,1015.260009765625,0.9290000200271606,0.12422360248447205,-9.472047282598034
hybrid_only,3,1,hybrid,24,1050.18994140625,1.0499999523162842,0.12004801920768307,-9.691995500161582
hybrid_only,3,1,hybrid,25,1122.719970703125,1.2799999713897705,0.11173184357541899,-10.170663422792318
hybrid_only,3,1,hybrid,26,1152.5699462890625,1.3600000143051147,0.2185792349726776,-10.602857918530866
hybrid_only,3,1,hybrid,27,1199.9599609375,1.6399999856948853,0.2103049421661409,-10.780209508012398
hybrid_only,3,1,hybrid,28,1179.449951171875,1.5700000524520874,0.20439448134900357,-10.633288421964668
hybrid_only,3,1,hybrid,29,1156.6199951171875,1.2799999713897705,0.196174595389897,-10.678549170561897
hybrid_only,3,1,hybrid,30,1144.989990234375,1.2100000381469727,0.19038553069966682,-10.62067092559611
hybrid_only,3,1,hybrid,31,40.069000244140625,1.340000033378601,0.18248175182481752,0.5743465272875599
hybrid_only,3,1,hybrid,32,1206.18994140625,1.3700000047683716,0.17675651789659744,-11.045412445087324
hybrid_only,3,1,hybrid,33,1236.6700439453125,1.409999966621399,0.1718213058419244,-11.300343084515575
hybrid_only,3,1,hybrid,34,1256.97998046875,1.4700000286102295,0.16515276630883569,-11.430105308694943
hybrid_only,3,1,hybrid,35,1276.31005859375,1.4800000190734863,0.16174686615446826,-11.60659429917295
hybrid_only,3,1,hybrid,36,1287.5999755859375,1.5499999523162842,0.15402387370042356,-11.634047550943938
hybrid_only,3,1,hybrid,37,1253.530029296875,1.5700000524520874,0.15203344735841884,-11.2693671352335
hybrid_only,3,1,hybrid,38,1229.800048828125,1.5800000429153442,0.14603870025556773,-11.010077845877042
hybrid_only,3,1,hybrid,39,1231.0999755859375,1.6200000047683716,0.14316392269148176,-10.977327596473968
hybrid_only,3,2,hybrid,0,168.13299560546875,2.4100000858306885,0.0,0.728670129776001
hybrid_only,3,2,hybrid,1,196.45899963378906,2.4000000953674316,0.0,0.4354100990295411
hybrid_only,3,2,hybrid,2,223.41700744628906,2.3399999141693115,0.0,0.10582983970642079
hybrid_only,3,2,hybrid,3,251.85800170898438,2.4000000953674316,0.0,-0.11857992172241216
hybrid_only,3,2,hybrid,4,275.68798828125,2.390000104904175,0.0,-0.36687977790832527
hybrid_only,3,2,hybrid,5,301.9179992675781,2.359999895095825,0.0,-0.6591800975799562
hybrid_only,3,2,hybrid,6,317.22900390625,2.509999990463257,0.0,-0.6622900485992433
hybrid_only,3,2,hybrid,7,308.3009948730469,2.7699999809265137,0.0,-0.3130099678039553
hybrid_only,3,2,hybrid,8,336.9200134277344,2.809999942779541,0.0,-0.5592001914978026
hybrid_only,3,2,hybrid,9,361.5849914550781,2.799999952316284,0.0,-0.815849962234497
hybrid_only,3,2,hybrid,10,393.79901123046875,2.8299999237060547,0.0,-1.1079901885986327
hybrid_only,3,2,hybrid,11,434.17498779296875,2.8299999237060547,0.0,-1.5117499542236326
hybrid_only,3,2,hybrid,12,516.7620239257812,2.9100000858306885,0.0,-2.2576201534271236
hybrid_only,3,2,hybrid,13,586.6019897460938,2.9000000953674316,0.0,-2.9660198020935056
hybrid_only,3,2,hybrid,14,662.5,3.0,0.0,-3.625
hybrid_only,3,2,hybrid,15,773.1510009765625,2.9700000286102295,0.1773049645390071,-5.11611991023341
hybrid_only,3,2,hybrid,16,864.8140258789062,2.930000066757202,0.17006802721088435,-6.058276246453629
hybrid_only,3,2,hybrid,17,890.0380249023438,2.299999952316284,0.16273393002441008,-6.925848156755973
hybrid_only,3,2,hybrid,18,867.0360107421875,2.0,0.15673981191222572,-6.983839731246326
hybrid_only,3,2,hybrid,19,916.2940063476562,2.0899999141693115,0.15026296018031554,-7.373466069667881
hybrid_only,3,2,hybrid,20,1002.6599731445312,2.069999933242798,0.14260249554367202,-8.241804789289858
hybrid_only,3,2,hybrid,21,1082.469970703125,1.9900000095367432,0.1386001386001386,-9.111899974694785
hybrid_only,3,2,hybrid,22,1045.9100341796875,2.240000009536743,0.13136288998357964,-8.48182611222729
hybrid_only,3,2,hybrid,23,1016.5,2.200000047683716,0.1273074474856779,-8.21961484728764
hybrid_only,3,2,hybrid,24,1065.0699462890625,2.3299999237060547,0.12206286237412267,-8.564825263932816
hybrid_only,3,2,hybrid,25,1122.0899658203125,2.259999990463257,0.1188001188001188,-9.198499905340107
hybrid_only,3,2,hybrid,26,1175.280029296875,2.190000057220459,0.11428571428571428,-9.791371664319719
hybrid_only,3,2,hybrid,27,1195.9200439453125,2.180000066757202,0.11142061281337047,-10.002041598322664
hybrid_only,3,2,hybrid,28,1166.1400146484375,2.2300000190734863,0.10755579456843238,-9.646511716547753
hybrid_only,3,2,hybrid,29,1147.0999755859375,2.200000047683716,0.10523546435148645,-9.481470636878631
hybrid_only,3,2,hybrid,30,1154.7900390625,2.25,0.10175527855507505,-9.501410947735149
hybrid_only,3,2,hybrid,31,1182.02001953125,2.2200000286102295,0.10020040080160321,-9.800600968305478
hybrid_only,3,2,hybrid,32,1213.6600341796875,2.180000066757202,0.0969227041434456,-10.150445683326565
hybrid_only,3,2,hybrid,33,1226.300048828125,2.1600000858306885,0.09503444998812069,-10.293069302426803
hybrid_only,3,2,hybrid,34,1260.699951171875,2.130000114440918,0.1391465677179963,-10.755292532713824
hybrid_only,3,2,hybrid,35,1274.0400390625,2.1500000953674316,0.1366742596810934,-10.863748814619756
hybrid_only,3,2,hybrid,36,1292.300048828125,2.059999942779541,0.13434841021047916,-11.131697365922667
hybrid_only,3,2,hybrid,37,1256.800048828125,1.7000000476837158,0.1313197636244255,-11.130639967846385
hybrid_only,3,2,hybrid,38,1232.1700439453125,1.5299999713897705,0.1290600129060013,-11.049820493875357
hybrid_only,3,2,hybrid,39,1237.1300048828125,1.659999966621399,0.12594458438287154,-10.96318925097247
hybrid_only,3,3,hybrid,0,167.0989990234375,2.3399999141693115,0.0,0.6690099239349365
hybrid_only,3,3,hybrid,1,195.34500122070312,2.3499999046325684,0.0,0.39654989242553706
hybrid_only,3,3,hybrid,2,222.08700561523438,2.390000104904175,0.0,0.16913004875183102
hybrid_only,3,3,hybrid,3,249.2010040283203,2.359999895095825,0.0,-0.13201014518737786
hybrid_only,3,3,hybrid,4,275.10198974609375,2.309999942779541,0.0,-0.44101995468139643
hybrid_only,3,3,hybrid,5,302.6839904785156,2.380000114440918,0.0,-0.6468397903442384
hybrid_only,3,3,hybrid,6,323.44000244140625,2.440000057220459,0.0,-0.7943999671936037
hybrid_only,3,3,hybrid,7,309.1319885253906,2.7100000381469727,0.0,-0.38131984710693345
hybrid_only,3,3,hybrid,8,336.8919982910156,2.740000009536743,0.0,-0.6289199733734132
hybrid_only,3,3,hybrid,9,359.5679931640625,2.7300000190734863,0.0,-0.8656799125671388
hybrid_only,3,3,hybrid,10,395.2250061035156,2.799999952316284,0.0,-1.1522501087188721
hybrid_only,3,3,hybrid,11,443.65399169921875,2.859999895095825,0.0,-1.5765400218963626
hybrid_only,3,3,hybrid,12,506.02301025390625,2.880000114440918,0.0,-2.1802299880981444
hybrid_only,3,3,hybrid,13,589.531982421875,2.7699999809265137,0.0,-3.125319843292236
hybrid_only,3,3,hybrid,14,680.0989990234375,3.0199999809265137,0.0,-3.780990009307861
hybrid_only,3,3,hybrid,15,762.5269775390625,2.9600000381469727,0.0,-4.665269737243652
hybrid_only,3,3,hybrid,16,842.2479858398438,3.0199999809265137,0.0,-5.402479877471924
hybrid_only,3,3,hybrid,17,903.5469970703125,3.450000047683716,0.0,-5.58546992301941
hybrid_only,3,3,hybrid,18,875.5029907226562,3.950000047683716,0.0,-4.805029859542847
hybrid_only,3,3,hybrid,19,922.56298828125,4.480000019073486,0.12380068090374496,-4.993231225546504
hybrid_only,3,3,hybrid,20,1005.0499877929688,4.630000114440918,0.11865915158706615,-5.6578180666629025
hybrid_only,3,3,hybrid,21,1081.300048828125,4.710000038146973,0.11270780501549732,-6.328416060165273
hybrid_only,3,3,hybrid,22,1045.1300048828125,4.139999866485596,0.10726736390453205,-6.525834910151594
hybrid_only,3,3,hybrid,23,1006.969970703125,3.369999885559082,0.10269576379974327,-6.905091349071654
hybrid_only,3,3,hybrid,24,1067.199951171875,3.5899999141693115,0.0970638194612958,-7.27612723647203
hybrid_only,3,3,hybrid,25,1110.8399658203125,3.5399999618530273,0.0936110461034402,-7.755621788556978
hybrid_only,3,3,hybrid,26,1175.25,3.559999942779541,0.08908685968819599,-8.37067377659685
hybrid_only,3,3,hybrid,27,1195.6400146484375,3.6700000762939453,0.08543357539513029,-8.45726722098069
hybrid_only,3,3,hybrid,28,1165.6099853515625,3.890000104904175,0.08171603677221655,-7.929531822155884
hybrid_only,3,3,hybrid,29,1152.219970703125,3.9700000286102295,0.07821666014861166,-7.708632998718244
hybrid_only,3,3,hybrid,30,1154.9300537109375,4.179999828338623,0.07507507507507508,-7.5194508589209015
hybrid_only,3,3,hybrid,31,1181.9300537109375,4.21999979019165,0.07203313524221142,-7.743367017402148
hybrid_only,3,3,hybrid,32,1214.43994140625,4.179999828338623,0.0697350069735007,-8.103869599670878
hybrid_only,3,3,hybrid,33,1235.2900390625,4.159999847412109,0.0669008195350393,-8.32670218228297
hybrid_only,3,3,hybrid,34,1262.1800537109375,4.090000152587891,0.06537015852263442,-8.662540701566753
hybrid_only,3,3,hybrid,35,1277.27001953125,4.070000171661377,0.06269592476489028,-8.828091873180904
hybrid_only,3,3,hybrid,36,1287.489990234375,4.059999942779541,0.061557402277623886,-8.938014764119457
hybrid_only,3,3,hybrid,37,1241.510009765625,4.110000133514404,0.058997050147492625,-8.423094064436832
hybrid_only,3,3,hybrid,38,1238.1300048828125,4.050000190734863,0.05781182251770487,-8.446923503128671
hybrid_only,3,3,hybrid,39,1236.8699951171875,4.21999979019165,0.055795787418049934,-8.260291735816324
hybrid_only,4,0,hybrid,0,163.802001953125,2.440000057220459,0.0,0.801980037689209
hybrid_only,4,0,hybrid,1,194.98399353027344,2.4200000762939453,0.0,0.47016014099121084
hybrid_only,4,0,hybrid,2,222.0709991455078,2.4700000286102295,0.0,0.2492900371551512
hybrid_only,4,0,hybrid,3,249.72999572753906,2.450000047683716,0.0,-0.04729990959167463
hybrid_only,4,0,hybrid,4,274.1520080566406,2.4100000858306885,0.0,-0.3315199947357179
hybrid_only,4,0,hybrid,5,299.9129943847656,2.5,0.0,-0.4991299438476564
hybrid_only,4,0,hybrid,6,304.05999755859375,2.6700000762939453,0.0,-0.37059989929199233
hybrid_only,4,0,hybrid,7,331.69000244140625,2.619999885559082,0.0,-0.6969001388549803
hybrid_only,4,0,hybrid,8,360.4020080566406,2.609999895095825,0.0,-0.994020185470581
hybrid_only,4,0,hybrid,9,385.09100341796875,2.630000114440918,0.0,-1.2209099197387694
hybrid_only,4,0,hybrid,10,416.3429870605469,2.6500000953674316,0.0,-1.5134297752380368
hybrid_only,4,0,hybrid,11,464.6659851074219,2.700000047683716,0.0,-1.946659803390503
hybrid_only,4,0,hybrid,12,527.0050048828125,2.7200000286102295,0.0,-2.5500500202178955
hybrid_only,4,0,hybrid,13,608.947998046875,2.8399999141693115,0.0,-3.249480066299438
hybrid_only,4,0,hybrid,14,696.31298828125,2.869999885559082,0.0,-4.093129997253418
hybrid_only,4,0,hybrid,15,772.3679809570312,2.930000066757202,0.0,-4.793679742813111
hybrid_only,4,0,hybrid,16,869.3209838867188,2.9100000858306885,0.12474012474012475,-6.032690002516748
hybrid_only,4,0,hybrid,17,925.8400268554688,3.259999990463257,0.19731649565903708,-6.393033269409505
hybrid_only,4,0,hybrid,18,924.1799926757812,2.9600000381469727,0.18860807242549982,-6.659016033461839
hybrid_only,4,0,hybrid,19,935.1090087890625,2.3399999141693115,0.18083182640144665,-7.372753826524208
hybrid_only,4,0,hybrid,20,1000.6300048828125,2.2100000381469727,0.17415534656913967,-8.144610703819431
hybrid_only,4,0,hybrid,21,1052.469970703125,2.180000066757202,0.16616816218012628,-8.6770359646343
hybrid_only,4,0,hybrid,22,1006.780029296875,2.319999933242798,0.1601537475976938,-8.06810785492134
hybrid_only,4,0,hybrid,23,998.2319946289062,2.4600000381469727,0.15356265356265356,-7.829445215267397
hybrid_only,4,0,hybrid,24,1050.989990234375,2.549999952316284,0.14771048744460857,-8.255320924916685
hybrid_only,4,0,hybrid,25,1082.2900390625,2.559999942779541,0.14228799089356858,-8.547476429632596
hybrid_only,4,0,hybrid,26,1149.1600341796875,2.509999990463257,0.13751375137513752,-9.256627854083893
hybrid_only,4,0,hybrid,27,1194.93994140625,2.4700000286102295,0.13227513227513227,-9.743949650002534
hybrid_only,4,0,hybrid,28,1212.7099609375,2.509999990463257,0.12846865364850976,-9.874036926208763
hybrid_only,4,0,hybrid,29,1238.4100341796875,2.509999990463257,0.12357884330202669,-10.121258037937672
hybrid_only,4,0,hybrid,30,1229.0999755859375,2.5399999618530273,0.12056908608632746,-9.992137966179001
hybrid_only,4,0,hybrid,31,1253.8399658203125,2.509999990463257,0.11671335200746966,-10.261826371754807
hybrid_only,4,0,hybrid,32,1280.1600341796875,2.4700000286102295,0.11436413540713632,-10.560328584000919
hybrid_only,4,0,hybrid,33,1297.3299560546875,2.440000057220459,0.11064394777605666,-10.75458739887853
hybrid_only,4,0,hybrid,34,1313.030029296875,2.4100000858306885,0.10857763300760044,-10.937455473153262
hybrid_only,4,0,hybrid,35,1338.489990234375,2.380000114440918,0.10557432432432433,-11.216048436551482
hybrid_only,4,0,hybrid,36,1353.4300537109375,2.369999885559082,0.1023122570083896,-11.368925165567074
hybrid_only,4,0,hybrid,37,1379.1300048828125,2.3499999046325684,0.1001201441730076,-11.641540432541571
hybrid_only,4,0,hybrid,38,1398.780029296875,2.3499999046325684,0.09780907668231612,-11.833418541700814
hybrid_only,4,0,hybrid,39,1412.4100341796875,2.3399999141693115,0.09607993850883935,-11.976260304645242
hybrid_only,4,1,hybrid,0,165.77699279785156,2.4100000858306885,0.0,0.7522301578521728
hybrid_only,4,1,hybrid,1,195.58599853515625,2.390000104904175,0.0,0.4341401195526122
hybrid_only,4,1,hybrid,2,222.0989990234375,2.359999895095825,0.0,0.13900990486145037
hybrid_only,4,1,hybrid,3,250.05799865722656,2.450000047683716,0.0,-0.05057993888854995
hybrid_only,4,1,hybrid,4,274.677001953125,2.450000047683716,0.0,-0.2967699718475343
hybrid_only,4,1,hybrid,5,300.5450134277344,2.4800000190734863,0.0,-0.5254501152038573
hybrid_only,4,1,hybrid,6,303.6929931640625,2.5999999046325684,0.0,-0.4369300270080565
hybrid_only,4,1,hybrid,7,332.77099609375,2.609999895095825,0.0,-0.7177100658416746
hybrid_only,4,1,hybrid,8,361.2300109863281,2.609999895095825,0.0,-1.0023002147674562
hybrid_only,4,1,hybrid,9,387.84698486328125,2.609999895095825,0.0,-1.2684699535369872
hybrid_only,4,1,hybrid,10,417.5539855957031,2.6500000953674316,0.0,-1.5255397605895995
hybrid_only,4,1,hybrid,11,467.5889892578125,2.700000047683716,0.0,-1.975889844894409
hybrid_only,4,1,hybrid,12,532.260986328125,2.759999990463257,0.0,-2.562609872817993
hybrid_only,4,1,hybrid,13,613.9630126953125,2.8299999237060547,0.0,-3.30963020324707
hybrid_only,4,1,hybrid,14,692.1580200195312,2.8399999141693115,0.0,-4.081580286026001
hybrid_only,4,1,hybrid,15,783.6810302734375,2.940000057220459,0.0,-4.896810245513916
hybrid_only,4,1,hybrid,16,876.9400024414062,2.9800000190734863,0.0,-5.7894000053405765
hybrid_only,4,1,hybrid,17,924.1199951171875,3.2799999713897705,0.0,-5.961199979782105
hybrid_only,4,1,hybrid,18,931.7579956054688,3.7200000286102295,0.0,-5.597579927444459
hybrid_only,4,1,hybrid,19,943.6199951171875,4.329999923706055,0.12686330478908975,-5.359926637044
hybrid_only,4,1,hybrid,20,1014.6099853515625,4.539999961853027,0.18242626938279113,-5.970952430428181
hybrid_only,4,1,hybrid,21,1050.219970703125,4.480000019073486,0.1724633515377982,-6.36712639103336
hybrid_only,4,1,hybrid,22,1001.9600219726562,3.6500000953674316,0.1639792292976223,-6.697558582954375
hybrid_only,4,1,hybrid,23,1003.4099731445312,3.450000047683716,0.15653535090007828,-6.897170385561753
hybrid_only,4,1,hybrid,24,1051.010009765625,3.430000066757202,0.1492908683752177,-7.378681767649484
hybrid_only,4,1,hybrid,25,1091.8199462890625,3.4000000953674316,0.14326647564469913,-7.804732318812592
hybrid_only,4,1,hybrid,26,1156.25,3.380000114440918,0.13679890560875513,-8.456097696776592
hybrid_only,4,1,hybrid,27,1206.199951171875,3.390000104904175,0.1313197636244255,-8.934638934063425
hybrid_only,4,1,hybrid,28,1215.18994140625,3.509999990463257,0.1266089892382359,-8.895117402075716
hybrid_only,4,1,hybrid,29,1238.7099609375,3.609999895095825,0.12126111560226355,-9.019621945483701
hybrid_only,4,1,hybrid,30,1231.449951171875,3.7200000286102295,0.1180637544273908,-8.830626991963303
hybrid_only,4,1,hybrid,31,1254.199951171875,3.7799999713897705,0.11271839188427578,-8.98743632409753
hybrid_only,4,1,hybrid,32,1281.06005859375,3.7699999809265137,0.10964912280701754,-9.25989885062502
hybrid_only,4,1,hybrid,33,1297.1300048828125,3.7899999618530273,0.1056338028169014,-9.3925676926089
hybrid_only,4,1,hybrid,34,1319.22998046875,3.7799999713897705,0.10209290454313426,-9.616485642384
hybrid_only,4,1,hybrid,35,1339.68994140625,3.759999990463257,0.09883050568275407,-9.83456043496475
hybrid_only,4,1,hybrid,36,1352.9200439453125,3.7300000190734863,0.09592326139088729,-9.991046943161415
hybrid_only,4,1,hybrid,37,1379.739990234375,3.680000066757202,0.0942211055276382,-10.305842046641825
hybrid_only,4,1,hybrid,38,1400.97998046875,3.630000114440918,0.09090909090909091,-10.561617872064764
hybrid_only,4,1,hybrid,39,1423.0400390625,3.5799999237060547,0.08875739644970414,-10.827915259818354
hybrid_only,4,2,hybrid,0,167.3990020751953,2.4100000858306885,0.0,0.7360100650787353
hybrid_only,4,2,hybrid,1,195.91200256347656,2.390000104904175,0.0,0.4308800792694092
hybrid_only,4,2,hybrid,2,222.4029998779297,2.359999895095825,0.0,0.13596989631652834
hybrid_only,4,2,hybrid,3,251.00900268554688,2.3299999237060547,0.0,-0.1800901031494142
hybrid_only,4,2,hybrid,4,275.9129943847656,2.369999885559082,0.0,-0.38913005828857417
hybrid_only,4,2,hybrid,5,298.5450134277344,2.380000114440918,0.0,-0.6054500198364257
hybrid_only,4,2,hybrid,6,303.81201171875,2.5999999046325684,0.0,-0.4381202125549315
hybrid_only,4,2,hybrid,7,327.2380065917969,2.4100000858306885,0.0,-0.8623799800872805
hybrid_only,4,2,hybrid,8,361.09100341796875,2.549999952316284,0.0,-1.0609100818634034
hybrid_only,4,2,hybrid,9,382.947998046875,2.5799999237060547,0.0,-1.2494800567626951
hybrid_only,4,2,hybrid,10,415.7149963378906,2.559999942779541,0.0,-1.597150020599365
hybrid_only,4,2,hybrid,11,469.54998779296875,2.640000104904175,0.0,-2.055499773025513
hybrid_only,4,2,hybrid,12,536.7470092773438,2.7200000286102295,0.0,-2.6474700641632083
hybrid_only,4,2,hybrid,13,605.8829956054688,2.7200000286102295,0.0,-3.3388299274444577
hybrid_only,4,2,hybrid,14,688.9420166015625,2.8499999046325684,0.0,-4.039420261383056
hybrid_only,4,2,hybrid,15,751.5469970703125,2.8299999237060547,0.18613308515588645,-5.057736217308843
hybrid_only,4,2,hybrid,16,890.3510131835938,2.8299999237060547,0.176056338028169,-6.42562288418622
hybrid_only,4,2,hybrid,17,924.7630004882812,2.2300000190734863,0.16891891891891891,-7.355467823647165
hybrid_only,4,2,hybrid,18,933.1500244140625,1.9700000286102295,0.16135538523598225,-7.684210986002359
hybrid_only,4,2,hybrid,19,935.4829711914062,2.0299999713897705,0.15600624024961,-7.636842221023512
hybrid_only,4,2,hybrid,20,983.6950073242188,2.0199999809265137,0.14953271028037382,-8.116015512876421
hybrid_only,4,2,hybrid,21,1051.4200439453125,2.0399999618530273,0.14388489208633093,-8.76197026177276
hybrid_only,4,2,hybrid,22,1024.9000244140625,2.1600000858306885,0.1384083044982699,-8.365816767306477
hybrid_only,4,2,hybrid,23,1006.4299926757812,2.2799999713897705,0.1317089232795522,-8.047717801927146
hybrid_only,4,2,hybrid,24,1051.550048828125,2.309999942779541,0.12746972594008923,-8.460439997381886
hybrid_only,4,2,hybrid,25,1098.97998046875,2.259999990463257,0.12224938875305623,-8.974298591730356
hybrid_only,4,2,hybrid,26,1147.27001953125,2.190000057220459,0.1195457262402869,-9.521791590572615
hybrid_only,4,2,hybrid,27,1198.4599609375,2.109999895095825,0.11607661056297155,-10.106752935405117
hybrid_only,4,2,hybrid,28,1220.8199462890625,2.119999885559082,0.11283497884344147,-10.313869535018426
hybrid_only,4,2,hybrid,29,1238.030029296875,2.0799999237060547,0.10955902492467817,-10.519418419112052
hybrid_only,4,2,hybrid,30,40.0989990234375,2.0999999046325684,0.10604453870625663,1.4869208369856801
hybrid_only,4,2,hybrid,31,1254.6400146484375,2.0799999237060547,0.10319917440660474,-10.67279857159153
hybrid_only,4,2,hybrid,32,1276.010009765625,2.0399999618530273,0.09997500624843789,-10.9200501483001
hybrid_only,4,2,hybrid,33,1297.4300537109375,2.0299999713897705,0.09760858955588092,-11.139517744831366
hybrid_only,4,2,hybrid,34,1320.8800048828125,2.0299999713897705,0.09494422027059103,-11.368688517979537
hybrid_only,4,2,hybrid,35,1338.56005859375,2.0299999713897705,0.09343611305769679,-11.542472840663123
hybrid_only,4,2,hybrid,36,1352.1300048828125,2.059999942779541,0.09097111667045713,-11.643242339389499
hybrid_only,4,2,hybrid,37,1374.1099853515625,2.0899999141693115,0.08816398501212255,-11.827427909370558
hybrid_only,4,2,hybrid,38,1398.1099853515625,2.1600000858306885,0.0858184938854323,-11.992736755455802
hybrid_only,4,2,hybrid,39,1426.0400390625,2.240000009536743,0.08300477277443453,-12.186409926637126
hybrid_only,4,3,hybrid,0,166.73699951171875,2.3399999141693115,0.0,0.6726299190521241
hybrid_only,4,3,hybrid,1,194.968994140625,2.3499999046325684,0.0,0.4003099632263183
hybrid_only,4,3,hybrid,2,221.81399536132812,2.390000104904175,0.0,0.17186015129089371
hybrid_only,4,3,hybrid,3,248.2570037841797,2.380000114440918,0.0,-0.10256992340087878
hybrid_only,4,3,hybrid,4,275.4129943847656,2.3299999237060547,0.0,-0.4241300201416016
hybrid_only,4,3,hybrid,5,297.5480041503906,2.259999990463257,0.28694404591104733,-1.289368142862744
hybrid_only,4,3,hybrid,6,302.9949951171875,1.6799999475479126,0.25510204081632654,-1.8601540852566152
hybrid_only,4,3,hybrid,7,331.2959899902344,1.7599999904632568,0.2247191011235955,-2.0023981116862783
hybrid_only,4,3,hybrid,8,357.1050109863281,1.7899999618530273,0.2081165452653486,-2.197283238540951
hybrid_only,4,3,hybrid,9,384.5690002441406,1.7899999618530273,0.18691588785046728,-2.4295218162893137
hybrid_only,4,3,hybrid,10,403.6470031738281,1.7599999904632568,0.176522506619594,-2.6295150545142123
hybrid_only,4,3,hybrid,11,454.1470031738281,1.5499999523162842,0.1654259718775848,-3.322322023177167
hybrid_only,4,3,hybrid,12,522.8359985351562,1.3700000047683716,0.1563721657544957,-4.171104312092182
hybrid_only,4,3,hybrid,13,584.1010131835938,1.2000000476837158,0.15003750937734434,-4.941085102906911
hybrid_only,4,3,hybrid,14,645.447021484375,1.1100000143051147,0.14419610670511895,-5.632862413948873
hybrid_only,4,3,hybrid,15,761.1300048828125,0.9549999833106995,0.13774104683195593,-6.931782159181337
hybrid_only,4,3,hybrid,16,849.9249877929688,0.8420000076293945,0.13577732518669383,-7.92880452067368
hybrid_only,4,3,hybrid,17,894.7639770507812,0.8270000219345093,0.13157894736842105,-8.383797643310146
hybrid_only,4,3,hybrid,18,927.1309814453125,0.8450000286102295,0.12618296529968454,-8.678675716442266
hybrid_only,4,3,hybrid,19,927.7689819335938,0.8320000171661377,0.12507817385866166,-8.695846149887124
hybrid_only,4,3,hybrid,20,999.7540283203125,0.8610000014305115,0.11869436201780416,-9.373929005808222
hybrid_only,4,3,hybrid,21,1026.52001953125,0.8529999852180481,0.11750881316098707,-9.647217836416427
hybrid_only,4,3,hybrid,22,1035.760009765625,1.0099999904632568,0.1111111111111111,-9.569822329415215
hybrid_only,4,3,hybrid,23,1006.6500244140625,1.1100000143051147,0.10828370330265295,-9.173067636440816
hybrid_only,4,3,hybrid,24,1039.7099609375,1.2699999809265137,0.10251153254741159,-9.332122693543308
hybrid_only,4,3,hybrid,25,1095.2900390625,1.3700000047683716,0.09828009828009827,-9.779460582416826
hybrid_only,4,3,hybrid,26,1137.52001953125,1.5099999904632568,0.19029495718363462,-10.245790119216512
hybrid_only,4,3,hybrid,27,1207.8299560546875,1.6100000143051147,0.18665422305179655,-10.841607992345352
hybrid_only,4,3,hybrid,28,1217.7099609375,1.4500000476837158,0.17937219730941703,-11.085843956310118
hybrid_only,4,3,hybrid,29,1232.510009765625,1.3600000143051147,0.17817371937639198,-11.32144752210392
hybrid_only,4,3,hybrid,30,1229.22998046875,1.190000057220459,0.1687051876845213,-11.439710122836084
hybrid_only,4,3,hybrid,31,1230.219970703125,1.2000000476837158,0.16842105263157894,-11.43904176461069
hybrid_only,4,3,hybrid,32,1282.280029296875,1.2999999523162842,0.1592356687898089,-11.841271678232085
hybrid_only,4,3,hybrid,33,40.07899856567383,1.2999999523162842,0.15760441292356187,0.5840011408124222
hybrid_only,4,3,hybrid,34,1319.5,1.3600000143051147,0.1524390243902439,-12.139878034475373
hybrid_only,4,3,hybrid,35,1334.5400390625,1.409999966621399,0.14760147601476015,-12.230603376033121
hybrid_only,4,3,hybrid,36,1351.47998046875,1.409999966621399,0.1457725947521866,-12.396345027570476
hybrid_only,4,3,hybrid,37,1376.2900390625,1.4500000476837158,0.1394700139470014,-12.591840370835286
hybrid_only,4,3,hybrid,38,1380.2099609375,1.440000057220459,0.1386001386001386,-12.639299829354819
hybrid_only,4,3,hybrid,39,1422.780029296875,1.409999966621399,0.13440860215053763,-13.086617530648427
hybrid_only,5,0,hybrid,0,165.36099243164062,2.4200000762939453,0.0,0.7663901519775391
hybrid_only,5,0,hybrid,1,195.51800537109375,2.4100000858306885,0.0,0.4548200321197511
hybrid_only,5,0,hybrid,2,222.69400024414062,2.450000047683716,0.0,0.2230600452423097
hybrid_only,5,0,hybrid,3,248.80299377441406,2.450000047683716,0.0,-0.03802989006042479
hybrid_only,5,0,hybrid,4,273.3299865722656,2.430000066757202,0.0,-0.3032997989654542
hybrid_only,5,0,hybrid,5,301.3139953613281,2.4200000762939453,0.0,-0.5931398773193362
hybrid_only,5,0,hybrid,6,329.7569885253906,2.4100000858306885,0.0,-0.8875697994232179
hybrid_only,5,0,hybrid,7,354.2250061035156,2.4100000858306885,0.0,-1.1322499752044677
hybrid_only,5,0,hybrid,8,381.5360107421875,2.4000000953674316,0.0,-1.4153600120544434
hybrid_only,5,0,hybrid,9,407.1310119628906,2.430000066757202,0.0,-1.6413100528717042
hybrid_only,5,0,hybrid,10,435.635009765625,2.390000104904175,0.0,-1.9663499927520753
hybrid_only,5,0,hybrid,11,504.4939880371094,2.4100000858306885,0.0,-2.634939794540405
hybrid_only,5,0,hybrid,12,574.0999755859375,2.380000114440918,0.0,-3.3609996414184566
hybrid_only,5,0,hybrid,13,658.406982421875,2.4200000762939453,0.0,-4.164069747924804
hybrid_only,5,0,hybrid,14,743.9660034179688,2.5899999141693115,0.20844189682126107,-5.266543913652898
hybrid_only,5,0,hybrid,15,799.6630249023438,2.490000009536743,0.20080321285140562,-5.908236665189506
hybrid_only,5,0,hybrid,16,822.031982421875,1.899999976158142,0.19286403085824494,-6.706047909777098
hybrid_only,5,0,hybrid,17,904.7979736328125,1.6799999475479126,0.18190086402910413,-7.731781516838421
hybrid_only,5,0,hybrid,18,926.5189819335938,1.7400000095367432,0.1762114537444934,-7.877612717288181
hybrid_only,5,0,hybrid,19,926.468994140625,1.8300000429153442,0.16827934371055953,-7.771248585912025
hybrid_only,5,0,hybrid,20,867.6859741210938,1.9500000476837158,0.16051364365971107,-7.047886980846645
hybrid_only,5,0,hybrid,21,897.9180297851562,2.109999895095825,0.1554605518849592,-7.180101506525657
hybrid_only,5,0,hybrid,22,940.2730102539062,2.140000104904175,0.14727540500736377,-7.557280807649614
hybrid_only,5,0,hybrid,23,986.8629760742188,2.0899999141693115,0.14280614066404856,-8.064242127900974
hybrid_only,5,0,hybrid,24,1008.739990234375,2.059999942779541,0.13769363166953527,-8.302787222903278
hybrid_only,5,0,hybrid,25,1041.8800048828125,2.0199999809265137,0.13324450366422386,-8.665289075230058
hybrid_only,5,0,hybrid,26,1060.1199951171875,1.9900000095367432,0.12907389480477574,-8.869347731244684
hybrid_only,5,0,hybrid,27,1079.9200439453125,1.9700000286102295,0.12543116964565695,-9.08006275013421
hybrid_only,5,0,hybrid,28,1090.7900390625,1.940000057220459,0.121765601217656,-9.211431535839854
hybrid_only,5,0,hybrid,29,1104.6500244140625,1.940000057220459,0.11844832691738229,-9.343396840754929
hybrid_only,5,0,hybrid,30,1115.22998046875,1.9299999475479126,0.11504170261719873,-9.452383262373985
hybrid_only,5,0,hybrid,31,1125.6400146484375,1.940000057220459,0.11188811188811189,-9.540176313040138
hybrid_only,5,0,hybrid,32,1139.0799560546875,1.9500000476837158,0.10863661053775123,-9.65807273393866
hybrid_only,5,0,hybrid,33,1137.050048828125,2.0199999809265137,0.10554089709762533,-9.561582301549986
hybrid_only,5,0,hybrid,34,1112.1600341796875,2.0799999237060547,0.10232796111537477,-9.246256340321569
hybrid_only,5,0,hybrid,35,1119.27001953125,2.190000057220459,0.09913258983890955,-9.20096531776986
hybrid_only,5,0,hybrid,36,1149.2900390625,2.2799999713897705,0.09587727708533078,-9.40465497340589
hybrid_only,5,0,hybrid,37,1186.5,2.359999895095825,0.09276437847866419,-9.690528861861504
hybrid_only,5,0,hybrid,38,1226.0999755859375,2.440000057220459,0.08950548221078541,-10.000010663060486
hybrid_only,5,0,hybrid,39,1278.9000244140625,2.509999990463257,0.08695652173913043,-10.452913297155629
hybrid_only,5,1,hybrid,0,166.5260009765625,2.4000000953674316,0.0,0.7347400856018067
hybrid_only,5,1,hybrid,1,196.0290069580078,2.430000066757202,0.0,0.4697099971771239
hybrid_only,5,1,hybrid,2,222.29299926757812,2.4000000953674316,0.0,0.17707010269165036
hybrid_only,5,1,hybrid,3,250.25,2.450000047683716,0.0,-0.052499952316284126
hybrid_only,5,1,hybrid,4,273.5190124511719,2.450000047683716,0.0,-0.2851900768280031
hybrid_only,5,1,hybrid,5,300.9460144042969,2.4200000762939453,0.0,-0.5894600677490236
hybrid_only,5,1,hybrid,6,329.1499938964844,2.4100000858306885,0.0,-0.8814998531341551
hybrid_only,5,1,hybrid,7,354.6910095214844,2.440000057220459,0.0,-1.1069100379943846
hybrid_only,5,1,hybrid,8,381.8739929199219,2.4100000858306885,0.0,-1.4087398433685303
hybrid_only,5,1,hybrid,9,408.1419982910156,2.430000066757202,0.0,-1.6514199161529541
hybrid_only,5,1,hybrid,10,436.90399169921875,2.390000104904175,0.0,-1.979039812088013
hybrid_only,5,1,hybrid,11,493.2250061035156,2.380000114440918,0.0,-2.5522499465942383
hybrid_only,5,1,hybrid,12,576.905029296875,2.359999895095825,0.0,-3.4090503978729245
hybrid_only,5,1,hybrid,13,673.6129760742188,2.380000114440918,0.11494252873563218,-4.586014703772534
hybrid_only,5,1,hybrid,14,743.6019897460938,1.9800000190734863,0.10952902519167579,-5.675077928770802
hybrid_only,5,1,hybrid,15,797.4990234375,1.5399999618530273,0.10515247108307045,-6.6452952146881135
hybrid_only,5,1,hybrid,16,816.708984375,1.5399999618530273,0.10131712259371833,-6.829724127084409
hybrid_only,5,1,hybrid,17,904.385986328125,1.5199999809265137,0.09633911368015415,-7.716538109715045
hybrid_only,5,1,hybrid,18,932.4639892578125,1.559999942779541,0.09394081728511038,-7.952521584368805
hybrid_only,5,1,hybrid,19,933.1279907226562,1.6399999856948853,0.08936550491510277,-7.8700109313618825
hybrid_only,5,1,hybrid,20,875.6430053710938,1.7100000381469727,0.08613264427217916,-7.218695304108324
hybrid_only,5,1,hybrid,21,894.47900390625,1.8300000429153442,0.0831255195344971,-7.28104103521615
hybrid_only,5,1,hybrid,22,944.6680297851562,1.809999942779541,0.07898894154818326,-7.794658238168388
hybrid_only,5,1,hybrid,23,986.6740112304688,1.7599999904632568,0.07713073659853452,-8.2610015950385
hybrid_only,5,1,hybrid,24,1009.4600219726562,1.7300000190734863,0.07454342154304883,-8.513687043739173
hybrid_only,5,1,hybrid,25,1040.8299560546875,1.6799999475479126,0.07254261878853827,-8.873384850576038
hybrid_only,5,1,hybrid,26,1058.989990234375,1.649999976158142,0.07034822370735139,-9.080596373600311
hybrid_only,5,1,hybrid,27,1079.760009765625,1.6200000047683716,0.06837606837606838,-9.314352229640015
hybrid_only,5,1,hybrid,28,1092.3399658203125,1.6200000047683716,0.06655574043261231,-9.436511134299979
hybrid_only,5,1,hybrid,29,1105.3499755859375,1.6299999952316284,0.06472491909385113,-9.552949598815449
hybrid_only,5,1,hybrid,30,1119.8900146484375,1.6399999856948853,0.06297229219143577,-9.684844745172361
hybrid_only,5,1,hybrid,31,1125.8800048828125,1.6699999570846558,0.12353304508956146,-9.835866181922592
hybrid_only,5,1,hybrid,32,1140.18994140625,1.7100000381469727,0.12132241431604489,-9.934544204547617
hybrid_only,5,1,hybrid,33,1139.1099853515625,1.5199999809265137,0.11901219875037192,-10.109124270089856
hybrid_only,5,1,hybrid,34,1118.8599853515625,1.2400000095367432,0.11675423234092236,-10.182108308660727
hybrid_only,5,1,hybrid,35,1121.8199462890625,1.2599999904632568,0.11435105774728416,-10.186901587921938
hybrid_only,5,1,hybrid,36,1143.77001953125,1.2899999618530273,0.11207621182404034,-10.371852657107553
hybrid_only,5,1,hybrid,37,1185.010009765625,1.3300000429153442,0.10992030777686178,-10.73994067029463
hybrid_only,5,1,hybrid,38,1221.3199462890625,1.3700000047683716,0.10752688172043011,-11.058253221563113
hybrid_only,5,1,hybrid,39,1258.8199462890625,1.350000023841858,0.10652463382157124,-11.45124870669191
hybrid_only,5,2,hybrid,0,167.10899353027344,2.4000000953674316,0.0,0.7289101600646972
hybrid_only,5,2,hybrid,1,196.5919952392578,2.380000114440918,0.0,0.41408016204833986
hybrid_only,5,2,hybrid,2,222.36199951171875,2.3499999046325684,0.0,0.1263799095153808
hybrid_only,5,2,hybrid,3,248.26499938964844,2.390000104904175,0.0,-0.09264988899230975
hybrid_only,5,2,hybrid,4,274.0660095214844,2.369999885559082,0.0,-0.37066020965576163
hybrid_only,5,2,hybrid,5,299.9320068359375,2.380000114440918,0.0,-0.6193199539184571
hybrid_only,5,2,hybrid,6,327.81201171875,2.4100000858306885,0.0,-0.8681200313568116
hybrid_only,5,2,hybrid,7,355.49798583984375,2.4100000858306885,0.0,-1.144979772567749
hybrid_only,5,2,hybrid,8,383.30999755859375,2.4000000953674316,0.0,-1.433099880218506
hybrid_only,5,2,hybrid,9,408.1130065917969,2.369999885559082,0.0,-1.7111301803588868
hybrid_only,5,2,hybrid,10,441.7929992675781,2.4000000953674316,0.0,-2.01792989730835
hybrid_only,5,2,hybrid,11,497.6310119628906,2.4000000953674316,0.0,-2.576310024261475
hybrid_only,5,2,hybrid,12,581.6439819335938,2.4200000762939453,0.0,-3.3964397430419924
hybrid_only,5,2,hybrid,13,682.781005859375,2.4600000381469727,0.0,-4.367810020446777
hybrid_only,5,2,hybrid,14,742.406005859375,2.569999933242798,0.0,-4.854060125350952
hybrid_only,5,2,hybrid,15,797.760009765625,2.75,0.0,-5.22760009765625
hybrid_only,5,2,hybrid,16,840.8250122070312,3.1700000762939453,0.0,-5.2382500457763665
hybrid_only,5,2,hybrid,17,907.14697265625,3.2799999713897705,0.16135538523598225,-6.114180525644693
hybrid_only,5,2,hybrid,18,941.0460205078125,3.6500000953674316,0.15408320493066255,-6.068626519572019
hybrid_only,5,2,hybrid,19,912.469970703125,3.4000000953674316,0.14508523757707653,-6.014870086817971
hybrid_only,5,2,hybrid,20,864.3939819335938,2.75,0.1370332305584104,-6.168006280452758
hybrid_only,5,2,hybrid,21,903.2630004882812,2.9600000381469727,0.1297016861219196,-6.332033338979678
hybrid_only,5,2,hybrid,22,940.489990234375,2.990000009536743,0.12418503570319776,-6.663269964213402
hybrid_only,5,2,hybrid,23,977.2059936523438,3.0299999713897705,0.1188001188001188,-6.979660202733904
hybrid_only,5,2,hybrid,24,1018.3400268554688,3.0899999141693115,0.11264432554210081,-7.318689005469577
hybrid_only,5,2,hybrid,25,1041.47998046875,3.130000114440918,0.10840108401084012,-7.501601858268261
hybrid_only,5,2,hybrid,26,1064.8299560546875,3.200000047683716,0.10282776349614396,-7.653955039855447
hybrid_only,5,2,hybrid,27,1080.3299560546875,3.2300000190734863,0.09928021841648052,-7.771859978306351
hybrid_only,5,2,hybrid,28,1095.9599609375,3.2699999809265137,0.0947867298578199,-7.8791730881641255
hybrid_only,5,2,hybrid,29,1107.1099853515625,3.2799999713897705,0.09168003667201467,-7.974459955469884
hybrid_only,5,2,hybrid,30,1117.75,3.2699999809265137,0.0881057268722467,-8.08371147281798
hybrid_only,5,2,hybrid,31,1127.050048828125,3.2699999809265137,0.08550662676357418,-8.171513760881885
hybrid_only,5,2,hybrid,32,1140.6500244140625,3.25,0.08244023083264633,-8.321380705805918
hybrid_only,5,2,hybrid,33,1130.81005859375,3.2899999618530273,0.08011215701982775,-8.17832493812413
hybrid_only,5,2,hybrid,34,1109.3599853515625,3.259999990463257,0.07714561234329798,-7.987891087738965
hybrid_only,5,2,hybrid,35,1123.530029296875,3.309999942779541,0.07513148009015777,-8.075563310369525
hybrid_only,5,2,hybrid,36,1150.4599609375,3.25,0.0726480203414457,-8.399895650057891
hybrid_only,5,2,hybrid,37,1186.4200439453125,3.1700000762939453,0.07108583614714768,-8.836372035453476
hybrid_only,5,2,hybrid,38,1228.989990234375,3.0999999046325684,0.0691085003455425,-9.328116998402267
hybrid_only,5,2,hybrid,39,1263.5899658203125,3.059999942779541,0.06720430107526881,-9.710308317574121
hybrid_only,5,3,hybrid,0,165.96299743652344,2.3399999141693115,0.0,0.6803699398040772
hybrid_only,5,3,hybrid,1,195.04400634765625,2.319999933242798,0.0,0.36955986976623545
hybrid_only,5,3,hybrid,2,222.41900634765625,2.380000114440918,0.0,0.15581005096435563
hybrid_only,5,3,hybrid,3,246.16799926757812,2.309999942779541,0.0,-0.1516800498962403
hybrid_only,5,3,hybrid,4,274.3580017089844,2.3299999237060547,0.0,-0.4135800933837892
hybrid_only,5,3,hybrid,5,296.4360046386719,2.3499999046325684,0.0,-0.6143601417541502
hybrid_only,5,3,hybrid,6,330.10101318359375,2.369999885559082,0.0,-0.9310102462768555
hybrid_only,5,3,hybrid,7,354.5039978027344,2.369999885559082,0.0,-1.1750400924682616
hybrid_only,5,3,hybrid,8,379.7749938964844,2.359999895095825,0.0,-1.4377500438690185
hybrid_only,5,3,hybrid,9,407.71600341796875,2.3399999141693115,0.0,-1.7371601200103761
hybrid_only,5,3,hybrid,10,444.20001220703125,2.390000104904175,0.0,-2.0520000171661374
hybrid_only,5,3,hybrid,11,506.6579895019531,2.440000057220459,0.0,-2.6265798377990723
hybrid_only,5,3,hybrid,12,591.6129760742188,2.430000066757202,0.0,-3.486129693984985
hybrid_only,5,3,hybrid,13,673.7039794921875,2.3499999046325684,0.0,-4.387039890289307
hybrid_only,5,3,hybrid,14,735.531005859375,2.4600000381469727,0.0,-4.895310020446777
hybrid_only,5,3,hybrid,15,797.5239868164062,2.819999933242798,0.0,-5.155239934921265
hybrid_only,5,3,hybrid,16,844.218017578125,3.0,0.18099547511312217,-5.804171126007494
hybrid_only,5,3,hybrid,17,886.2780151367188,3.0999999046325684,0.17406440382941687,-6.110909054393453
hybrid_only,5,3,hybrid,18,934.135009765625,2.609999895095825,0.16227180527383367,-7.055893813108092
hybrid_only,5,3,hybrid,19,914.3380126953125,2.259999990463257,0.15625,-7.195880136489869
hybrid_only,5,3,hybrid,20,883.5360107421875,2.4000000953674316,0.14847809948032664,-6.732316211015097
hybrid_only,5,3,hybrid,21,909.301025390625,2.630000114440918,0.13903371567605144,-6.741077570817435
hybrid_only,5,3,hybrid,22,944.8209838867188,2.619999885559082,0.13513513513513514,-7.098480223578376
hybrid_only,5,3,hybrid,23,985.4660034179688,2.690000057220459,0.12682308180088775,-7.418306140561004
hybrid_only,5,3,hybrid,24,1016.8499755859375,2.700000047683716,0.12269938650306748,-7.713898481181795
hybrid_only,5,3,hybrid,25,1040.5999755859375,2.75,0.11668611435239207,-7.889371984564159
hybrid_only,5,3,hybrid,26,1062.719970703125,2.7300000190734863,0.11337868480725624,-8.123957057572277
hybrid_only,5,3,hybrid,27,1079.719970703125,2.75,0.10845986984815618,-8.264119446727562
hybrid_only,5,3,hybrid,28,1094.6300048828125,2.7300000190734863,0.10540184453227931,-8.427103718819197
hybrid_only,5,3,hybrid,29,1102.8599853515625,2.7300000190734863,0.10126582278481013,-8.501131480011757
hybrid_only,5,3,hybrid,30,1116.52001953125,2.7200000286102295,0.09847365829640571,-8.642147483295084
hybrid_only,5,3,hybrid,31,1128.27001953125,2.5999999046325684,0.09489916963226572,-8.872498629944463
hybrid_only,5,3,hybrid,32,1140.0899658203125,2.6600000858306885,0.09263547938860583,-8.926170531149648
hybrid_only,5,3,hybrid,33,40.08399963378906,2.630000114440918,0.08922596475574392,2.0507081885915395
hybrid_only,5,3,hybrid,34,1112.050048828125,2.700000047683716,0.08705114254624592,-8.594602725690025
hybrid_only,5,3,hybrid,35,1116.199951171875,2.740000009536743,0.08399832003359933,-8.589996142249205
hybrid_only,5,3,hybrid,36,1150.9300537109375,2.75,0.08200082000820008,-8.923302177125775
hybrid_only,5,3,hybrid,37,1184.8699951171875,2.7100000381469727,0.07902015013828527,-9.296740213301472
hybrid_only,5,3,hybrid,38,1234.77001953125,2.680000066757202,0.07720517274657403,-9.822110474048447
hybrid_only,5,3,hybrid,39,1273.8499755859375,2.690000057220459,0.07452953232718465,-10.197558763293284
hybrid_only,6,0,hybrid,0,164.2480010986328,2.4200000762939453,0.0,0.7775200653076171
hybrid_only,6,0,hybrid,1,194.96800231933594,2.4200000762939453,0.0,0.470320053100586
hybrid_only,6,0,hybrid,2,220.58999633789062,2.490000009536743,0.0,0.2841000461578371
hybrid_only,6,0,hybrid,3,227.84500122070312,2.430000066757202,0.4048582995951417,-0.6581665446401126
hybrid_only,6,0,hybrid,4,235.35800170898438,1.9500000476837158,0.33557046979865773,-1.0747209090034433
hybrid_only,6,0,hybrid,5,263.4150085449219,1.9600000381469727,0.2861230329041488,-1.2463961131105439
hybrid_only,6,0,hybrid,6,287.7560119628906,1.9600000381469727,0.25094102885821834,-1.4194421391983703
hybrid_only,6,0,hybrid,7,305.97900390625,1.909999966621399,0.22522522522522523,-1.6002405228915515
hybrid_only,6,0,hybrid,8,323.18701171875,1.850000023841858,0.20512820512820512,-1.7921265036020522
hybrid_only,6,0,hybrid,9,344.2250061035156,1.7699999809265137,0.18691588785046728,-2.046081855809577
hybrid_only,6,0,hybrid,10,357.8070068359375,1.7100000381469727,0.17346053772766695,-2.2149911056677363
hybrid_only,6,0,hybrid,11,355.05499267578125,1.659999966621399,0.16220600162206,-2.2149619633805333
hybrid_only,6,0,hybrid,12,357.1470031738281,1.7100000381469727,0.15186028853454822,-2.165190570660405
hybrid_only,6,0,hybrid,13,383.1619873046875,1.6299999952316284,0.14326647564469913,-2.488152829104645
hybrid_only,6,0,hybrid,14,409.9519958496094,1.5499999523162842,0.13540961408259986,-2.8203392343450098
hybrid_only,6,0,hybrid,15,462.6109924316406,1.440000057220459,0.12886597938144329,-3.4438418258588337
hybrid_only,6,0,hybrid,16,520.5670166015625,1.4199999570846558,0.12254901960784313,-4.030768248146655
hybrid_only,6,0,hybrid,17,584.3389892578125,1.3700000047683716,0.11682242990654206,-4.707034747622838
hybrid_only,6,0,hybrid,18,633.9910278320312,1.3700000047683716,0.11242270938729623,-5.194755692326533
hybrid_only,6,0,hybrid,19,635.1740112304688,1.6200000047683716,0.10615711252653928,-4.944054332589395
hybrid_only,6,0,hybrid,20,577.64697265625,2.0199999809265137,0.09935419771485346,-3.9551781410656925
hybrid_only,6,0,hybrid,21,609.3880004882812,2.4100000858306885,0.09250693802035152,-3.8688937950928275
hybrid_only,6,0,hybrid,22,653.9669799804688,2.5899999141693115,0.08684324793747286,-4.123356381510321
hybrid_only,6,0,hybrid,23,702.6539916992188,2.7899999618530273,0.08107012565869477,-4.39868020645655
hybrid_only,6,0,hybrid,24,721.7470092773438,3.2699999809265137,0.074487895716946,-4.096445903280816
hybrid_only,6,0,hybrid,25,704.635009765625,3.7899999618530273,0.06887052341597796,-3.394091182635178
hybrid_only,6,0,hybrid,26,774.5780029296875,4.130000114440918,0.06309148264984227,-3.7419628801556417
hybrid_only,6,0,hybrid,27,848.4940185546875,4.320000171661377,0.058173356602675974,-4.28128672709085
hybrid_only,6,0,hybrid,28,920.7219848632812,4.429999828338623,0.05442176870748299,-4.886063557709155
hybrid_only,6,0,hybrid,29,1015.4600219726562,4.550000190734863,0.05042864346949067,-5.705457315930681
hybrid_only,6,0,hybrid,30,1094.699951171875,4.630000114440918,0.047103155911446065,-6.411205709100725
hybrid_only,6,0,hybrid,31,1190.27001953125,4.789999961853027,0.09021199819576003,-7.293124229850992
hybrid_only,6,0,hybrid,32,1310.199951171875,4.860000133514404,0.1733477789815818,-8.58869493616751
hybrid_only,6,0,hybrid,33,1316.9100341796875,4.579999923706055,0.16732901066722444,-8.92375843942527
hybrid_only,6,0,hybrid,34,1323.6400146484375,3.950000047683716,0.16181229773462782,-9.610024694269914
hybrid_only,6,0,hybrid,35,1324.6800537109375,3.4600000381469727,0.156128024980484,-10.09905654892337
hybrid_only,6,0,hybrid,36,1368.75,3.2899999618530273,0.1520623455616803,-10.701624729270334
hybrid_only,6,0,hybrid,37,1437.449951171875,3.259999990463257,0.14571948998178508,-11.405938501219062
hybrid_only,6,0,hybrid,38,1423.6400146484375,3.4000000953674316,0.14116816657843656,-11.118736384273816
hybrid_only,6,0,hybrid,39,1397.9300537109375,3.5399999618530273,0.17188037126160194,-10.78306131777955
hybrid_only,6,1,hybrid,0,166.0590057373047,2.4000000953674316,0.0,0.7394100379943849
hybrid_only,6,1,hybrid,1,195.3979949951172,2.4200000762939453,0.0,0.46602012634277346
hybrid_only,6,1,hybrid,2,220.2239990234375,2.390000104904175,0.0,0.1877601146697998
hybrid_only,6,1,hybrid,3,228.74200439453125,2.680000066757202,0.0,0.39258002281188986
hybrid_only,6,1,hybrid,4,236.14100646972656,2.880000114440918,0.0,0.5185900497436524
hybrid_only,6,1,hybrid,5,264.5849914550781,2.880000114440918,0.0,0.23415019989013652
hybrid_only,6,1,hybrid,6,288.5060119628906,2.9200000762939453,0.0,0.03493995666503924
hybrid_only,6,1,hybrid,7,307.906005859375,3.0,0.0,-0.07906005859374998
hybrid_only,6,1,hybrid,8,323.2699890136719,3.059999942779541,0.0,-0.17269994735717775
hybrid_only,6,1,hybrid,9,344.90899658203125,3.1600000858306885,0.0,-0.289089879989624
hybrid_only,6,1,hybrid,10,359.0830078125,3.2799999713897705,0.0,-0.3108301067352297
hybrid_only,6,1,hybrid,11,354.7799987792969,3.6500000953674316,0.0,0.10220010757446296
hybrid_only,6,1,hybrid,12,358.7980041503906,4.510000228881836,0.0,0.9220201873779299
hybrid_only,6,1,hybrid,13,385.1789855957031,5.039999961853027,0.0,1.1882101058959962
hybrid_only,6,1,hybrid,14,420.6239929199219,5.449999809265137,0.0,1.2437598800659178
hybrid_only,6,1,hybrid,15,471.78900146484375,5.679999828338623,0.0,0.9621098136901853
hybrid_only,6,1,hybrid,16,526.8770141601562,5.909999847412109,0.0,0.641229705810547
hybrid_only,6,1,hybrid,17,589.301025390625,6.059999942779541,0.0,0.1669896888732909
hybrid_only,6,1,hybrid,18,657.7080078125,6.230000019073486,0.05215123859191656,-0.4513825362353474
hybrid_only,6,1,hybrid,19,612.1500244140625,5.300000190734863,0.14713094654242276,-1.1157619464906077
hybrid_only,6,1,hybrid,20,578.9810180664062,4.929999828338623,0.13837638376383765,-1.1365631198531148
hybrid_only,6,1,hybrid,21,609.1409912109375,5.050000190734863,0.1310329766324525,-1.303475674639417
hybrid_only,6,1,hybrid,22,654.1209716796875,4.949999809265137,0.12389015073301672,-1.838990208997771
hybrid_only,6,1,hybrid,23,707.447021484375,4.840000152587891,0.1780767708745548,-2.5906236040049686
hybrid_only,6,1,hybrid,24,719.0789794921875,4.269999980926514,0.17221584385763491,-3.2652215017106307
hybrid_only,6,1,hybrid,25,702.8679809570312,3.430000066757202,0.16654330125832717,-3.9317663453297644
hybrid_only,6,1,hybrid,26,769.5189819335938,3.2799999713897705,0.16233766233766234,-4.739865172621492
hybrid_only,6,1,hybrid,27,845.6119995117188,3.0999999046325684,0.1571503404924044,-5.670420771469429
hybrid_only,6,1,hybrid,28,928.4119873046875,2.940000057220459,0.1531654186521443,-6.650450653130704
hybrid_only,6,1,hybrid,29,1009.1300048828125,2.6600000858306885,0.15,-7.7312999629974355
hybrid_only,6,1,hybrid,30,1104.489990234375,2.5799999237060547,0.14660368138133245,-8.758107341400361
hybrid_only,6,1,hybrid,31,1193.8499755859375,2.4100000858306885,0.144,-9.816499670028687
hybrid_only,6,1,hybrid,32,1292.219970703125,2.2200000286102295,0.14265335235378032,-10.987506383128581
hybrid_only,6,1,hybrid,33,1321.9100341796875,2.2200000286102295,0.1392757660167131,-11.27765184522007
hybrid_only,6,1,hybrid,34,1320.489990234375,2.259999990463257,0.13740458015267176,-11.219709072185836
hybrid_only,6,1,hybrid,35,1314.8499755859375,2.2100000381469727,0.13499325033748313,-11.208486218387367
hybrid_only,6,1,hybrid,36,1381.97998046875,2.1500000953674316,0.13288055514543037,-11.935560819610929
hybrid_only,6,1,hybrid,37,1439.3699951171875,2.0799999237060547,0.13098530053849514,-12.575670628542811
hybrid_only,6,1,hybrid,38,1429.02001953125,2.0899999141693115,0.12875536480686695,-12.457711010756924
hybrid_only,6,1,hybrid,39,1407.31005859375,2.119999885559082,0.1272984441301273,-12.207697588638672
hybrid_only,6,2,hybrid,0,166.7949981689453,2.4000000953674316,0.0,0.7320501136779785
hybrid_only,6,2,hybrid,1,195.55299377441406,2.4200000762939453,0.0,0.4644701385498047
hybrid_only,6,2,hybrid,2,220.82000732421875,2.390000104904175,0.0,0.18180003166198722
hybrid_only,6,2,hybrid,3,228.74000549316406,2.680000066757202,0.0,0.3926000118255617
hybrid_only,6,2,hybrid,4,235.76600646972656,2.880000114440918,0.0,0.5223400497436526
hybrid_only,6,2,hybrid,5,264.0920104980469,2.880000114440918,0.0,0.23908000946044927
hybrid_only,6,2,hybrid,6,289.40301513671875,2.880000114440918,0.0,-0.014030036926269585
hybrid_only,6,2,hybrid,7,307.3070068359375,2.930000066757202,0.0,-0.14307000160217287
hybrid_only,6,2,hybrid,8,325.5010070800781,3.059999942779541,0.0,-0.19501012802124018
hybrid_only,6,2,hybrid,9,344.93499755859375,3.0999999046325684,0.0,-0.34935007095336923
hybrid_only,6,2,hybrid,10,358.7330017089844,3.1600000858306885,0.12953367875647667,-0.6863972887721088
hybrid_only,6,2,hybrid,11,351.3269958496094,2.2300000190734863,0.18115942028985507,-1.6455887800023177
hybrid_only,6,2,hybrid,12,356.0010070800781,1.6699999570846558,0.1721170395869191,-2.234244192889964
hybrid_only,6,2,hybrid,13,384.8479919433594,1.649999976158142,0.16402405686167304,-2.526528056998798
hybrid_only,6,2,hybrid,14,409.3340148925781,1.6299999952316284,0.15806111696522657,-2.7794623876246063
hybrid_only,6,2,hybrid,15,468.17498779296875,1.4900000095367432,0.1514386673397274,-3.494627203072399
hybrid_only,6,2,hybrid,16,518.4949951171875,1.350000023841858,0.14677103718199608,-4.12849200169401
hybrid_only,6,2,hybrid,17,581.52197265625,1.2300000190734863,0.14245014245014245,-4.870119992389299
hybrid_only,6,2,hybrid,18,631.8800048828125,1.1100000143051147,0.13934045517882024,-5.487480944880651
hybrid_only,6,2,hybrid,19,646.7789916992188,1.149999976158142,0.13574660633484162,-5.589283153503729
hybrid_only,6,2,hybrid,20,573.5490112304688,1.1299999952316284,0.13198416190057194,-4.869458440874203
hybrid_only,6,2,hybrid,21,600.47998046875,1.2000000476837158,0.12825994014536127,-5.061319637294506
hybrid_only,6,2,hybrid,22,648.9509887695312,1.1699999570846558,0.12468827930174564,-5.568886489214148
hybrid_only,6,2,hybrid,23,690.9320068359375,1.1100000143051147,0.12254901960784313,-6.044418093269947
hybrid_only,6,2,hybrid,24,723.35498046875,1.1699999570846558,0.11909487892020643,-6.301739605443257
hybrid_only,6,2,hybrid,25,704.3569946289062,1.2699999809265137,0.11583011583011583,-6.005230197022781
hybrid_only,6,2,hybrid,26,756.1909790039062,1.2799999713897705,0.1122754491017964,-6.506460716852885
hybrid_only,6,2,hybrid,27,819.43798828125,1.2999999523162842,0.10984987184181619,-7.114079674179848
hybrid_only,6,2,hybrid,28,911.0919799804688,1.3300000429153442,0.10608203677510608,-7.993083830439556
hybrid_only,6,2,hybrid,29,1007.4000244140625,1.3899999856948853,0.10252904989747096,-8.889058358240682
hybrid_only,6,2,hybrid,30,1091.18994140625,1.409999966621399,0.0998003992015968,-9.701500245844294
hybrid_only,6,2,hybrid,31,1187.4200439453125,1.4500000476837158,0.09664948453608248,-10.617499360841574
hybrid_only,6,2,hybrid,32,1265.260009765625,1.5,0.09351620947630923,-11.33963251660887
hybrid_only,6,2,hybrid,33,40.09000015258789,1.7100000381469727,0.08973975471133712,1.1296205271984197
hybrid_only,6,2,hybrid,34,1340.510009765625,1.9299999475479126,0.2012072434607646,-11.877514637029867
hybrid_only,6,2,hybrid,35,1324.9100341796875,2.2699999809265137,0.19624334174376226,-11.371587044357886
hybrid_only,6,2,hybrid,36,1412.280029296875,2.4700000286102295,0.19130910084722602,-12.035418466052972
hybrid_only,6,2,hybrid,37,1416.1800537109375,2.299999952316284,0.18883193957377933,-12.23946446394065
hybrid_only,6,2,hybrid,38,1430.6800537109375,1.899999976158142,0.1835824809861002,-12.773965522923433
hybrid_only,6,2,hybrid,39,1403.239990234375,1.7699999809265137,0.17771007870017771,-12.61782007881759
hybrid_only,6,3,hybrid,0,166.4239959716797,2.3399999141693115,0.0,0.6757599544525146
hybrid_only,6,3,hybrid,1,194.78900146484375,2.3299999237060547,0.0,0.3821099090576172
hybrid_only,6,3,hybrid,2,221.85899353027344,2.299999952316284,0.29411764705882354,-0.5068252771040975
hybrid_only,6,3,hybrid,3,226.58799743652344,1.7699999809265137,0.2331002331002331,-0.9620804596391868
hybrid_only,6,3,hybrid,4,234.61300659179688,1.909999966621399,0.19047619047619047,-0.8170824802489509
hybrid_only,6,3,hybrid,5,259.7430114746094,1.8600000143051147,0.16393442622950818,-1.0652989528999952
hybrid_only,6,3,hybrid,6,285.3500061035156,1.809999942779541,0.14285714285714285,-1.329214403969901
hybrid_only,6,3,hybrid,7,305.2760009765625,1.7400000095367432,0.12626262626262627,-1.5652852527541343
hybrid_only,6,3,hybrid,8,323.7900085449219,1.600000023841858,0.1145475372279496,-1.86699513606326
hybrid_only,6,3,hybrid,9,342.52099609375,1.5299999713897705,0.1059322033898305,-2.1070743963273904
hybrid_only,6,3,hybrid,10,356.447998046875,1.4500000476837158,0.09803921568627451,-2.3105583641575835
hybrid_only,6,3,hybrid,11,355.093994140625,1.440000057220459,0.09165902841429881,-2.2942579410143886
hybrid_only,6,3,hybrid,12,362.2409973144531,1.399999976158142,0.08583690987124463,-2.3940838167288785
hybrid_only,6,3,hybrid,13,379.364990234375,1.2699999809265137,0.08210180623973727,-2.6878535338967113
hybrid_only,6,3,hybrid,14,409.18701171875,0.9980000257492065,0.0784313725490196,-3.2507328365363324
hybrid_only,6,3,hybrid,15,451.1210021972656,0.9739999771118164,0.07575757575757576,-3.688725196375991
hybrid_only,6,3,hybrid,16,501.9630126953125,0.9679999947547913,0.07315288953913679,-4.197935911276607
hybrid_only,6,3,hybrid,17,560.68701171875,0.9440000057220459,0.07062146892655367,-4.804113049318562
hybrid_only,6,3,hybrid,18,632.10400390625,0.8730000257492065,0.06825938566552901,-5.584558784644352
hybrid_only,6,3,hybrid,19,633.0250244140625,0.8730000257492065,0.06605019815059446,-5.5893506146926075
hybrid_only,6,3,hybrid,20,577.3469848632812,0.902999997138977,0.0641025641025641,-4.998674979698963
hybrid_only,6,3,hybrid,21,604.9860229492188,0.9470000267028809,0.062150403977625855,-5.227161010744559
hybrid_only,6,3,hybrid,22,647.2670288085938,0.8809999823570251,0.06056935190793458,-5.712809009544781
hybrid_only,6,3,hybrid,23,688.6060180664062,0.8349999785423279,0.059417706476530004,-6.169895615074795
hybrid_only,6,3,hybrid,24,728.0770263671875,0.8429999947547913,0.058004640371229696,-6.553779549659543
hybrid_only,6,3,hybrid,25,706.5919799804688,0.8679999709129333,0.05611672278338945,-6.310153274458533
hybrid_only,6,3,hybrid,26,753.14599609375,0.890999972820282,0.054614964500273075,-6.749689917117764
hybrid_only,6,3,hybrid,27,827.0390014648438,0.8579999804496765,0.053304904051172705,-7.518999842301107
hybrid_only,6,3,hybrid,28,905.3690185546875,0.878000020980835,0.05154639175257732,-8.278782948071195
hybrid_only,6,3,hybrid,29,998.4190063476562,0.8870000243186951,0.050175614651279475,-9.197541268460427
hybrid_only,6,3,hybrid,30,1077.6700439453125,0.9319999814033508,0.04859086491739553,-9.941882187884564
hybrid_only,6,3,hybrid,31,1178.4100341796875,0.9459999799728394,0.04730368968779565,-10.932707741199629
hybrid_only,6,3,hybrid,32,1292.1400146484375,1.0099999904632568,0.04524886877828054,-12.001897893577679
hybrid_only,6,3,hybrid,33,1323.06005859375,1.1200000047683716,0.04391743522178305,-12.198435451612696
hybrid_only,6,3,hybrid,34,1338.050048828125,1.350000023841858,0.04156275976724855,-12.11362598397389
hybrid_only,6,3,hybrid,35,1297.0999755859375,1.5,0.040257648953301126,-11.551515053765977
hybrid_only,6,3,hybrid,36,1403.02001953125,1.690000057220459,0.11516314779270634,-12.570526433677452
hybrid_only,6,3,hybrid,37,1433.6099853515625,1.9600000381469727,0.11173184357541899,-12.59956350251949
hybrid_only,6,3,hybrid,38,1440.010009765625,2.180000066757202,0.10909090909090909,-12.438281849080866
hybrid_only,6,3,hybrid,39,1400.469970703125,1.9900000095367432,0.1052262364082778,-12.225152170311063
hybrid_only,7,0,hybrid,0,164.26100158691406,2.4200000762939453,0.0,0.7773900604248047
hybrid_only,7,0,hybrid,1,194.94500732421875,2.4200000762939453,0.0,0.47055000305175776
hybrid_only,7,0,hybrid,2,222.802001953125,2.4700000286102295,0.0,0.24198000907897965
hybrid_only,7,0,hybrid,3,247.9550018310547,2.450000047683716,0.0,-0.02954997062683118
hybrid_only,7,0,hybrid,4,250.45199584960938,2.630000114440918,0.0,0.1254801559448242
hybrid_only,7,0,hybrid,5,261.74798583984375,2.880000114440918,0.0,0.2625202560424804
hybrid_only,7,0,hybrid,6,289.5559997558594,2.8499999046325684,0.0,-0.045560092926025586
hybrid_only,7,0,hybrid,7,311.635986328125,2.880000114440918,0.0,-0.23635974884033217
hybrid_only,7,0,hybrid,8,333.3710021972656,2.9100000858306885,0.16326530612244897,-0.7502405483868655
hybrid_only,7,0,hybrid,9,317.8699951171875,2.130000114440918,0.15003750937734434,-1.3487748554856456
hybrid_only,7,0,hybrid,10,334.9620056152344,2.3399999141693115,0.13802622498274672,-1.2856725919485257
hybrid_only,7,0,hybrid,11,362.00299072265625,2.4100000858306885,0.1265022137887413,-1.4630342489733565
hybrid_only,7,0,hybrid,12,395.1960144042969,2.3299999237060547,0.11841326228537596,-1.858786744907666
hybrid_only,7,0,hybrid,13,429.77099609375,2.2300000190734863,0.11086474501108648,-2.289439431886186
hybrid_only,7,0,hybrid,14,471.7820129394531,2.119999885559082,0.10416666666666667,-2.806153577168782
hybrid_only,7,0,hybrid,15,516.7490234375,1.940000057220459,0.09950248756218906,-3.4264951522789193
hybrid_only,7,0,hybrid,16,563.8720092773438,1.7999999523162842,0.09541984732824428,-4.029559835113641
hybrid_only,7,0,hybrid,17,511.4549865722656,1.7799999713897705,0.09140767824497258,-3.517365250822831
hybrid_only,7,0,hybrid,18,518.9730224609375,1.940000057220459,0.08787346221441125,-3.425477091817738
hybrid_only,7,0,hybrid,19,601.4979858398438,1.659999966621399,0.08453085376162299,-4.5240415993002845
hybrid_only,7,0,hybrid,20,606.4929809570312,1.6799999475479126,0.08156606851549755,-4.548061999053395
hybrid_only,7,0,hybrid,21,656.10400390625,1.5700000524520874,0.07914523149980214,-5.149330449610017
hybrid_only,7,0,hybrid,22,713.8070068359375,1.5,0.07680491551459294,-5.79167989938856
hybrid_only,7,0,hybrid,23,759.1719970703125,1.4600000381469727,0.07493443237167478,-6.281588797299502
hybrid_only,7,0,hybrid,24,839.5289916992188,1.4199999570846558,0.07217610970768676,-7.119642179322905
hybrid_only,7,0,hybrid,25,919.3099975585938,1.3600000143051147,0.141643059490085,-8.116386080260993
hybrid_only,7,0,hybrid,26,974.635009765625,1.3600000143051147,0.13937282229965156,-8.665095727950439
hybrid_only,7,0,hybrid,27,1067.9000244140625,1.2100000381469727,0.13726835964310227,-9.743536925279857
hybrid_only,7,0,hybrid,28,1101.760009765625,0.9580000042915344,0.1350438892640108,-10.329687871892736
hybrid_only,7,0,hybrid,29,1198.6099853515625,0.8149999976158142,0.13324450366422386,-11.437588863228259
hybrid_only,7,0,hybrid,30,1295.7099609375,0.8009999990463257,0.13063357282821686,-12.417366755985107
hybrid_only,7,0,hybrid,31,1343.969970703125,0.7860000133514404,0.12991230919129587,-12.913524312062401
hybrid_only,7,0,hybrid,32,1400.199951171875,0.8259999752044678,0.12755102040816327,-13.43110157733061
hybrid_only,7,0,hybrid,33,1416.219970703125,0.878000020980835,0.12558869701726844,-13.535377080084952
hybrid_only,7,0,hybrid,34,1440.3699951171875,0.875,0.12391573729863693,-13.776531425769148
hybrid_only,7,0,hybrid,35,1387.3699951171875,0.9380000233650208,0.12124886329190664,-13.178197654390669
hybrid_only,7,0,hybrid,36,1309.3699951171875,0.9599999785423279,0.11976047904191617,-12.373220930713378
hybrid_only,7,0,hybrid,37,1273.1500244140625,0.9950000047683716,0.11782032400589101,-11.972140887384036
hybrid_only,7,0,hybrid,38,1308.8900146484375,1.059999942779541,0.11621150493898896,-12.261323213582813
hybrid_only,7,0,hybrid,39,1342.2900390625,1.0099999904632568,0.11458034947006589,-12.642061099101873
hybrid_only,7,1,hybrid,0,165.9770050048828,2.4000000953674316,0.0,0.7402300453186035
hybrid_only,7,1,hybrid,1,195.5019989013672,2.4100000858306885,0.0,0.45498009681701657
hybrid_only,7,1,hybrid,2,223.09800720214844,2.440000057220459,0.0,0.20901998519897447
hybrid_only,7,1,hybrid,3,248.10299682617188,2.380000114440918,0.40899795501022496,-0.9190257638412507
hybrid_only,7,1,hybrid,4,250.27099609375,1.8200000524520874,0.3472222222222222,-1.377154352929857
hybrid_only,7,1,hybrid,5,261.0639953613281,1.9600000381469727,0.2936857562408223,-1.2380114279479533
hybrid_only,7,1,hybrid,6,290.1549987792969,1.940000057220459,0.25806451612903225,-1.4776789628305744
hybrid_only,7,1,hybrid,7,310.70599365234375,1.8799999952316284,0.22988505747126436,-1.6868300562343377
hybrid_only,7,1,hybrid,8,330.677001953125,1.809999942779541,0.20725388601036268,-1.9112778487724345
hybrid_only,7,1,hybrid,9,318.59600830078125,1.8799999952316284,0.18885741265344666,-1.6836749130830773
hybrid_only,7,1,hybrid,10,332.95001220703125,1.8200000524520874,0.17559262510974538,-1.8606853198377158
hybrid_only,7,1,hybrid,11,360.4549865722656,1.6799999475479126,0.16273393002441008,-2.2500177782235635
hybrid_only,7,1,hybrid,12,390.75799560546875,1.5399999618530273,0.15396458814472672,-2.6755091704911136
hybrid_only,7,1,hybrid,13,427.42498779296875,1.4600000381469727,0.14513788098693758,-3.10452560175659
hybrid_only,7,1,hybrid,14,469.8089904785156,1.3600000143051147,0.13774104683195593,-3.6135719841439538
hybrid_only,7,1,hybrid,15,511.9989929199219,1.3200000524520874,0.132013201320132,-4.0640162793873955
hybrid_only,7,1,hybrid,16,559.47900390625,1.2899999618530273,0.12618296529968454,-4.557156007808842
hybrid_only,7,1,hybrid,17,509.3139953613281,1.4299999475479126,0.11940298507462686,-3.9019459762146225
hybrid_only,7,1,hybrid,18,522.8140258789062,1.7599999904632568,0.11318619128466327,-3.6945126508951325
hybrid_only,7,1,hybrid,19,603.7130126953125,1.7000000476837158,0.10723860589812333,-4.551607291065656
hybrid_only,7,1,hybrid,20,606.9219970703125,2.0199999809265137,0.10080645161290322,-4.250832893002418
hybrid_only,7,1,hybrid,21,659.31201171875,2.130000114440918,0.09465215333648841,-4.652424309419558
hybrid_only,7,1,hybrid,22,720.0029907226562,2.2899999618530273,0.08888888888888889,-5.087807723151313
hybrid_only,7,1,hybrid,23,776.1190185546875,2.369999885559082,0.08406893652795293,-5.559328173043699
hybrid_only,7,1,hybrid,24,847.3300170898438,2.5799999237060547,0.07791195948578107,-6.049124166163944
hybrid_only,7,1,hybrid,25,926.5709838867188,2.7100000381469727,0.07291286912139992,-6.701535538963015
hybrid_only,7,1,hybrid,26,997.0709838867188,2.859999895095825,0.06818956699624958,-7.24708907776386
hybrid_only,7,1,hybrid,27,1077.0799560546875,3.0299999713897705,0.064,-7.8687995891571045
hybrid_only,7,1,hybrid,28,1130.2900390625,3.2899999618530273,0.05970149253731343,-8.1323034138466
hybrid_only,7,1,hybrid,29,1224.75,3.369999885559082,0.056290458767238954,-8.990081031975397
hybrid_only,7,1,hybrid,30,1310.68994140625,3.5899999141693115,0.05242463958060288,-9.621748779054395
hybrid_only,7,1,hybrid,31,1362.800048828125,3.799999952316284,0.04978839930296241,-9.927577334570891
hybrid_only,7,1,hybrid,32,1425.52001953125,4.159999847412109,0.13908205841446453,-10.37336446472932
hybrid_only,7,1,hybrid,33,1411.1500244140625,4.670000076293945,0.17837235228539577,-9.798244872417472
hybrid_only,7,1,hybrid,34,1459.699951171875,5.019999980926514,0.2585649644473174,-10.09412945968687
hybrid_only,7,1,hybrid,35,1373.22998046875,4.679999828338623,0.2462548737943772,-9.544809723937632
hybrid_only,7,1,hybrid,36,1298.530029296875,4.039999961853027,0.23776500891618785,-9.420830348948098
hybrid_only,7,1,hybrid,37,1276.1099853515625,3.890000104904175,0.22624434389140272,-9.323588436394255
hybrid_only,7,1,hybrid,38,1301.3900146484375,4.070000171661377,0.22002200220022003,-9.383943979223437
hybrid_only,7,1,hybrid,39,1346.719970703125,4.059999942779541,0.20920502092050208,-9.825609806092714
hybrid_only,7,2,hybrid,0,167.67100524902344,2.4000000953674316,0.0,0.7232900428771973
hybrid_only,7,2,hybrid,1,196.1230010986328,2.4100000858306885,0.0,0.4487700748443604
hybrid_only,7,2,hybrid,2,223.36099243164062,2.3399999141693115,0.0,0.10638998985290549
hybrid_only,7,2,hybrid,3,249.4239959716797,2.430000066757202,0.0,-0.06423989295959487
hybrid_only,7,2,hybrid,4,253.5679931640625,2.630000114440918,0.0,0.09432018280029286
hybrid_only,7,2,hybrid,5,259.39300537109375,2.859999895095825,0.0,0.2660698413848879
hybrid_only,7,2,hybrid,6,294.0929870605469,2.490000009536743,0.0,-0.45092986106872557
hybrid_only,7,2,hybrid,7,313.06500244140625,2.880000114440918,0.0,-0.2506499099731445
hybrid_only,7,2,hybrid,8,332.5790100097656,2.9200000762939453,0.0,-0.4057900238037111
hybrid_only,7,2,hybrid,9,318.7359924316406,3.25,0.0,0.06264007568359364
hybrid_only,7,2,hybrid,10,334.7229919433594,3.450000047683716,0.0,0.1027701282501221
hybrid_only,7,2,hybrid,11,363.04400634765625,3.6500000953674316,0.0,0.0195600318908693
hybrid_only,7,2,hybrid,12,396.27801513671875,3.990000009536743,0.0,0.027219858169555522
hybrid_only,7,2,hybrid,13,434.1130065917969,4.360000133514404,0.0,0.018870067596435725
hybrid_only,7,2,hybrid,14,473.6759948730469,4.699999809265137,0.0,-0.036760139465331854
hybrid_only,7,2,hybrid,15,523.7780151367188,5.03000020980835,0.0,-0.2077799415588375
hybrid_only,7,2,hybrid,16,571.8090209960938,5.260000228881836,0.1694915254237288,-0.7970730319265593
hybrid_only,7,2,hybrid,17,499.8789978027344,3.809999942779541,0.15718327569946558,-1.503156586646734
hybrid_only,7,2,hybrid,18,528.3560180664062,4.329999923706055,0.14641288433382138,-1.2463860256256512
hybrid_only,7,2,hybrid,19,612.5919799804688,3.950000047683716,0.13885031935573452,-2.453620390832441
hybrid_only,7,2,hybrid,20,611.7869873046875,4.210000038146973,0.1313370107696349,-2.1705438564391715
hybrid_only,7,2,hybrid,21,660.7899780273438,4.079999923706055,0.12437810945273632,-2.7766560754728555
hybrid_only,7,2,hybrid,22,724.594970703125,3.890000104904175,0.11856770215793218,-3.5930850064429394
hybrid_only,7,2,hybrid,23,775.333984375,3.7300000190734863,0.11330160888284614,-4.249943042442206
hybrid_only,7,2,hybrid,24,845.510009765625,3.450000047683716,0.10984182776801406,-5.224783705508561
hybrid_only,7,2,hybrid,25,917.489013671875,3.240000009536743,0.106315118009781,-6.1475203632015685
hybrid_only,7,2,hybrid,26,992.2620239257812,3.049999952316284,0.10239606799098915,-7.077412422923507
hybrid_only,7,2,hybrid,27,1075.75,2.8399999141693115,0.100080064051241,-8.11766021393317
hybrid_only,7,2,hybrid,28,1124.6099853515625,2.7300000190734863,0.09718172983479106,-8.71046329411172
hybrid_only,7,2,hybrid,29,1178.81005859375,2.5399999618530273,0.09580379383023568,-9.439708211744943
hybrid_only,7,2,hybrid,30,1300.300048828125,2.3299999237060547,0.1124859392575928,-10.897972443090381
hybrid_only,7,2,hybrid,31,1371.5999755859375,2.2699999809265137,0.11059907834101383,-11.66719793161489
hybrid_only,7,2,hybrid,32,1412.699951171875,2.1600000858306885,0.1091901728844404,-12.185379771656944
hybrid_only,7,2,hybrid,33,1407.8599853515625,1.899999976158142,0.10752688172043011,-12.393653640798343
hybrid_only,7,2,hybrid,34,1421.510009765625,1.6399999856948853,0.10657193605683836,-12.788243984075041
hybrid_only,7,2,hybrid,35,1394.77001953125,1.5299999713897705,0.10463899546564354,-12.626978214854017
hybrid_only,7,2,hybrid,36,1329.0899658203125,1.600000023841858,0.10256410256410256,-11.896027839489472
hybrid_only,7,2,hybrid,37,1272.5,1.7400000095367432,0.10080645161290322,-11.186612893689063
hybrid_only,7,2,hybrid,38,1314.3199462890625,1.9500000476837158,0.09850599244787392,-11.390211400102658
hybrid_only,7,2,hybrid,39,1348.06005859375,2.0,0.09710309111506717,-11.674806768167635
hybrid_only,7,3,hybrid,0,167.49099731445312,2.3399999141693115,0.0,0.6650899410247804
hybrid_only,7,3,hybrid,1,195.0489959716797,2.3499999046325684,0.0,0.3995099449157715
hybrid_only,7,3,hybrid,2,221.99200439453125,2.390000104904175,0.0,0.1700800609588624
hybrid_only,7,3,hybrid,3,246.61900329589844,2.390000104904175,0.0,-0.07618992805480973
hybrid_only,7,3,hybrid,4,254.7449951171875,2.4600000381469727,0.33500837520938026,-0.7574666634436626
hybrid_only,7,3,hybrid,5,262.15899658203125,1.8799999952316284,0.28776978417266186,-1.3171295389340076
hybrid_only,7,3,hybrid,6,290.4540100097656,1.940000057220459,0.25157232704402516,-1.4676846969652475
hybrid_only,7,3,hybrid,7,313.27398681640625,1.9199999570846558,0.22573363431151242,-1.6642071797024314
hybrid_only,7,3,hybrid,8,332.0690002441406,1.909999966621399,0.20512820512820512,-1.8209464460764173
hybrid_only,7,3,hybrid,9,317.8710021972656,1.9600000381469727,0.1865671641791045,-1.5918443121838926
hybrid_only,7,3,hybrid,10,336.3559875488281,1.9800000190734863,0.16863406408094436,-1.7208279845766838
hybrid_only,7,3,hybrid,11,360.40399169921875,1.809999942779541,0.1583531274742676,-2.1107462291611814
hybrid_only,7,3,hybrid,12,395.6759948730469,1.690000057220459,0.14771048744460857,-2.5621808663992267
hybrid_only,7,3,hybrid,13,422.11199951171875,1.559999942779541,0.14104372355430184,-2.9432074994462503
hybrid_only,7,3,hybrid,14,467.7850036621094,1.399999976158142,0.13395847287340926,-3.54576700620977
hybrid_only,7,3,hybrid,15,510.80499267578125,1.3200000524520874,0.12845215157353887,-4.044954177452802
hybrid_only,7,3,hybrid,16,557.5609741210938,1.2699999809265137,0.12315270935960591,-4.551915179003635
hybrid_only,7,3,hybrid,17,519.3709716796875,1.3600000143051147,0.11778563015312132,-4.069280962798003
hybrid_only,7,3,hybrid,18,521.1950073242188,1.5800000429153442,0.11204481792717087,-3.856039666181185
hybrid_only,7,3,hybrid,19,595.35400390625,1.5199999809265137,0.10723860589812333,-4.648017269932233
hybrid_only,7,3,hybrid,20,611.1370239257812,1.7000000476837158,0.10152284263959391,-4.614415876853284
hybrid_only,7,3,hybrid,21,656.0659790039062,1.7799999713897705,0.09643201542912247,-4.973523849507537
hybrid_only,7,3,hybrid,22,707.2030029296875,1.9199999570846558,0.09103322712790168,-5.334096526468023
hybrid_only,7,3,hybrid,23,780.6580200195312,2.049999952316284,0.08561643835616438,-5.927813124591356
hybrid_only,7,3,hybrid,24,851.4569702148438,2.0999999046325684,0.08163265306122448,-6.577835103638318
hybrid_only,7,3,hybrid,25,909.791015625,2.2799999713897705,0.07668711656441718,-6.9712844179890645
hybrid_only,7,3,hybrid,26,980.9089965820312,2.319999933242798,0.07390983000739099,-7.6369096925922975
hybrid_only,7,3,hybrid,27,1062.469970703125,2.5,0.06865774116031582,-8.262015189351882
hybrid_only,7,3,hybrid,28,1120.4100341796875,2.630000114440918,0.06561679790026247,-8.705333823156483
hybrid_only,7,3,hybrid,29,1213.8399658203125,2.869999885559082,0.12437810945273632,-9.517155991549515
hybrid_only,7,3,hybrid,30,1317.06005859375,2.859999895095825,0.12202562538133008,-10.554651941604334
hybrid_only,7,3,hybrid,31,1360.5400390625,2.7100000381469727,0.23391812865497075,-11.363236609787968
hybrid_only,7,3,hybrid,32,1371.5799560546875,2.5299999713897705,0.23088023088023088,-11.647560050917566
hybrid_only,7,3,hybrid,33,1420.760009765625,2.119999885559082,0.22478224220286597,-12.5371646965029
hybrid_only,7,3,hybrid,34,1448.780029296875,1.9900000095367432,0.21505376344086022,-12.927907810313727
hybrid_only,7,3,hybrid,35,1374.4200439453125,2.0299999713897705,0.2109704641350211,-12.136141396333397
hybrid_only,7,3,hybrid,36,1305.9300537109375,2.0399999618530273,0.20146058927222363,-11.422221753800795
hybrid_only,7,3,hybrid,37,1279.300048828125,2.1700000762939453,0.19704433497536947,-11.017089081938042
hybrid_only,7,3,hybrid,38,1320.800048828125,2.4200000762939453,0.18890200708382526,-11.165804426154956
hybrid_only,7,3,hybrid,39,1332.1300048828125,2.490000009536743,0.18497109826589594,-11.201242235823173
hybrid_only,8,0,hybrid,0,164.40899658203125,2.4200000762939453,0.0,0.7759101104736328
hybrid_only,8,0,hybrid,1,194.90899658203125,2.4200000762939453,0.0,0.47091011047363285
hybrid_only,8,0,hybrid,2,222.8780059814453,2.4700000286102295,0.0,0.24121996879577656
hybrid_only,8,0,hybrid,3,249.4810028076172,2.440000057220459,0.0,-0.05480997085571282
hybrid_only,8,0,hybrid,4,273.96600341796875,2.4100000858306885,0.0,-0.3296599483489988
hybrid_only,8,0,hybrid,5,286.09600830078125,2.5999999046325684,0.0,-0.2609601783752442
hybrid_only,8,0,hybrid,6,295.0270080566406,2.7699999809265137,0.0,-0.1802700996398925
hybrid_only,8,0,hybrid,7,283.4070129394531,3.109999895095825,0.0,0.275929765701294
hybrid_only,8,0,hybrid,8,310.99700927734375,3.109999895095825,0.0,2.9802322387695312e-05
hybrid_only,8,0,hybrid,9,337.12298583984375,3.130000114440918,0.0,-0.24122974395751973
hybrid_only,8,0,hybrid,10,361.56201171875,3.190000057220459,0.0,-0.425620059967041
hybrid_only,8,0,hybrid,11,397.031005859375,3.3399999141693115,0.0,-0.6303101444244383
hybrid_only,8,0,hybrid,12,446.0920104980469,3.4800000190734863,0.0,-0.9809200859069822
hybrid_only,8,0,hybrid,13,490.6730041503906,3.799999952316284,0.0,-1.1067300891876224
hybrid_only,8,0,hybrid,14,489.94500732421875,4.519999980926514,0.0,-0.3794500923156736
hybrid_only,8,0,hybrid,15,540.2239990234375,4.820000171661377,0.0,-0.5822398185729982
hybrid_only,8,0,hybrid,16,596.7830200195312,5.059999942779541,0.0,-0.9078302574157711
hybrid_only,8,0,hybrid,17,641.5440063476562,5.480000019073486,0.0632111251580278,-1.0618622947191323
hybrid_only,8,0,hybrid,18,595.14697265625,4.449999809265137,0.11862396204033215,-1.738717841378028
hybrid_only,8,0,hybrid,19,583.8280029296875,4.340000152587891,0.11129660545353366,-1.7208730876160523
hybrid_only,8,0,hybrid,20,614.5679931640625,4.269999980926514,0.10529086601737299,-2.086261682748858
hybrid_only,8,0,hybrid,21,653.7940063476562,4.260000228881836,0.09945300845350571,-2.4768458515017384
hybrid_only,8,0,hybrid,22,697.1500244140625,4.239999771118164,0.09440641963653529,-2.920313312295532
hybrid_only,8,0,hybrid,23,732.8159790039062,4.239999771118164,0.08946544397226572,-3.2670909068654304
hybrid_only,8,0,hybrid,24,774.156982421875,4.230000019073486,0.08525149190110827,-3.6820727889474805
hybrid_only,8,0,hybrid,25,825.5289916992188,4.090000152587891,0.08195041999590248,-4.329190604396103
hybrid_only,8,0,hybrid,26,786.5989990234375,4.320000171661377,0.07838526357044875,-3.7027603457138962
hybrid_only,8,0,hybrid,27,732.2210083007812,4.400000095367432,0.07447402718301992,-3.07115804200642
hybrid_only,8,0,hybrid,28,722.5,4.920000076293945,0.07130124777183601,-2.4476024192497263
hybrid_only,8,0,hybrid,29,736.5380249023438,4.949999809265137,0.0685283536063046,-2.5524371469709104
hybrid_only,8,0,hybrid,30,758.9080200195312,4.820000171661377,0.06602839220864971,-2.9011368129512354
hybrid_only,8,0,hybrid,31,777.5369873046875,4.71999979019165,0.06331117442228554,-3.181992431699796
hybrid_only,8,0,hybrid,32,793.4929809570312,4.619999885559082,0.06142506142506143,-3.437780046861353
hybrid_only,8,0,hybrid,33,815.1909790039062,4.519999980926514,0.059497248252268334,-3.7509043056170865
hybrid_only,8,0,hybrid,34,831.8179931640625,4.440000057220459,0.05731480154749964,-3.9928094775151655
hybrid_only,8,0,hybrid,35,854.2849731445312,4.320000171661377,0.055873725380639755,-4.334597010545214
hybrid_only,8,0,hybrid,36,884.7349853515625,4.210000038146973,0.054384772263766146,-4.746119359896185
hybrid_only,8,0,hybrid,37,916.5889892578125,4.130000114440918,0.05258314710135402,-5.141056072339915
hybrid_only,8,0,hybrid,38,952.8720092773438,4.03000020980835,0.05138086062941554,-5.601481604223919
hybrid_only,8,0,hybrid,39,995.3170166015625,3.9600000381469727,0.04992511233150274,-6.093020352531657
hybrid_only,8,1,hybrid,0,165.67100524902344,2.4200000762939453,0.0,0.763290023803711
hybrid_only,8,1,hybrid,1,195.7469940185547,2.390000104904175,0.0,0.43253016471862793
hybrid_only,8,1,hybrid,2,223.06700134277344,2.440000057220459,0.0,0.20933004379272457
hybrid_only,8,1,hybrid,3,250.22300720214844,2.440000057220459,0.0,-0.0622300148010253
hybrid_only,8,1,hybrid,4,274.4159851074219,2.450000047683716,0.0,-0.29415980339050307
hybrid_only,8,1,hybrid,5,286.44500732421875,2.5799999237060547,0.0,-0.2844501495361329
hybrid_only,8,1,hybrid,6,294.3489990234375,2.7699999809265137,0.0,-0.1734900093078613
hybrid_only,8,1,hybrid,7,284.9389953613281,3.130000114440918,0.0,0.2806101608276368
hybrid_only,8,1,hybrid,8,309.75299072265625,3.109999895095825,0.0,0.012469987869262678
hybrid_only,8,1,hybrid,9,336.2659912109375,3.130000114440918,0.0,-0.232659797668457
hybrid_only,8,1,hybrid,10,361.57598876953125,3.1600000858306885,0.0,-0.45575980186462406
hybrid_only,8,1,hybrid,11,394.82501220703125,3.2699999809265137,0.0,-0.6782501411437987
hybrid_only,8,1,hybrid,12,445.3340148925781,3.390000104904175,0.10582010582010581,-1.2749802556618177
hybrid_only,8,1,hybrid,13,490.64898681640625,3.309999942779541,0.09950248756218906,-1.7954949005088991
hybrid_only,8,1,hybrid,14,485.9580078125,2.559999942779541,0.09302325581395349,-2.485626646973366
hybrid_only,8,1,hybrid,15,540.1920166015625,2.4800000190734863,0.08760402978537013,-3.097128206512879
hybrid_only,8,1,hybrid,16,594.5809936523438,2.4200000762939453,0.08302200083022,-3.691853861889932
hybrid_only,8,1,hybrid,17,635.155029296875,2.390000104904175,0.07933359777865927,-4.120217383621894
hybrid_only,8,1,hybrid,18,599.364990234375,2.5399999618530273,0.075046904315197,-3.603743749121117
hybrid_only,8,1,hybrid,19,582.9929809570312,2.819999933242798,0.07137758743754462,-3.1526850512026043
hybrid_only,8,1,hybrid,20,611.0789794921875,2.809999942779541,0.06791171477079797,-3.4366132816839294
hybrid_only,8,1,hybrid,21,655.1270141601562,2.6500000953674316,0.06514657980456026,-4.031563205843251
hybrid_only,8,1,hybrid,22,689.0399780273438,2.5,0.06283380458686773,-4.516067389447173
hybrid_only,8,1,hybrid,23,734.1279907226562,2.369999885559082,0.060240963855421686,-5.0917619493783235
hybrid_only,8,1,hybrid,24,772.9210205078125,2.2699999809265137,0.05847953216374269,-5.576169288479097
hybrid_only,8,1,hybrid,25,820.2659912109375,2.130000114440918,0.05753739930955121,-6.18773459628756
hybrid_only,8,1,hybrid,26,795.2470092773438,1.9199999570846558,0.11239112110143298,-6.257252377891648
hybrid_only,8,1,hybrid,27,733.31201171875,1.4700000286102295,0.11049723756906077,-6.084114563715392
hybrid_only,8,1,hybrid,28,730.510009765625,1.2799999713897705,0.1089621356578589,-6.243024397582197
hybrid_only,8,1,hybrid,29,731.905029296875,1.1799999475479126,0.10738255033557047,-6.3538154460919785
hybrid_only,8,1,hybrid,30,753.0089721679688,1.2200000286102295,0.105318588730911,-6.520726870531281
hybrid_only,8,1,hybrid,31,775.6380004882812,1.25,0.10335917312661498,-6.7130983511360425
hybrid_only,8,1,hybrid,32,792.4450073242188,1.25,0.10185892538833716,-6.878167924018862
hybrid_only,8,1,hybrid,33,807.7830200195312,1.25,0.1006036217303823,-7.029037443656078
hybrid_only,8,1,hybrid,34,830.0989990234375,1.2300000190734863,0.09881422924901186,-7.268618429658913
hybrid_only,8,1,hybrid,35,850.3209838867188,1.2200000286102295,0.09739469198928659,-7.477999194235531
hybrid_only,8,1,hybrid,36,871.9710083007812,1.190000057220459,0.09626955475330927,-7.722249135293973
hybrid_only,8,1,hybrid,37,908.2620239257812,1.1399999856948853,0.09489916963226572,-8.132418592827458
hybrid_only,8,1,hybrid,38,938.802978515625,1.1100000143051147,0.09394081728511038,-8.465911405421357
hybrid_only,8,1,hybrid,39,990.1279907226562,1.0800000429153442,0.09229349330872173,-9.005866850928662
hybrid_only,8,2,hybrid,0,166.8419952392578,2.4100000858306885,0.0,0.7415801334381102
hybrid_only,8,2,hybrid,1,196.20899963378906,2.4000000953674316,0.0,0.43791009902954103
hybrid_only,8,2,hybrid,2,223.34800720214844,2.3399999141693115,0.0,0.10651984214782706
hybrid_only,8,2,hybrid,3,248.28500366210938,2.390000104904175,0.0,-0.09284993171691891
hybrid_only,8,2,hybrid,4,275.2449951171875,2.369999885559082,0.0,-0.38245006561279293
hybrid_only,8,2,hybrid,5,286.75799560546875,2.4600000381469727,0.0,-0.40757991790771486
hybrid_only,8,2,hybrid,6,295.510986328125,2.5999999046325684,0.2331002331002331,-0.8213104248491478
hybrid_only,8,2,hybrid,7,283.24700927734375,2.0199999809265137,0.2081165452653486,-1.2287032023776212
hybrid_only,8,2,hybrid,8,310.3139953613281,2.109999895095825,0.186219739292365,-1.3655795371021862
hybrid_only,8,2,hybrid,9,333.0140075683594,2.140000104904175,0.1697792869269949,-1.5296985446334088
hybrid_only,8,2,hybrid,10,360.64599609375,2.109999895095825,0.15698587127158556,-1.8104318083848459
hybrid_only,8,2,hybrid,11,392.4100036621094,1.9900000095367432,0.14461315979754158,-2.2233263466794337
hybrid_only,8,2,hybrid,12,443.6610107421875,1.809999942779541,0.13559322033898305,-2.8977966053203
hybrid_only,8,2,hybrid,13,488.81500244140625,1.6399999856948853,0.12886597938144329,-3.5058819974820636
hybrid_only,8,2,hybrid,14,479.6619873046875,1.6799999475479126,0.12300123001230012,-3.3626223855235633
hybrid_only,8,2,hybrid,15,524.2639770507812,1.5,0.11785503830288745,-3.978349847113588
hybrid_only,8,2,hybrid,16,581.1690063476562,1.340000033378601,0.2290950744558992,-4.92988017900976
hybrid_only,8,2,hybrid,17,625.166015625,0.9269999861717224,0.22271714922049,-5.7700944685192574
hybrid_only,8,2,hybrid,18,617.5260009765625,0.9449999928474426,0.21586616297895306,-5.661992342876089
hybrid_only,8,2,hybrid,19,583.5360107421875,1.1200000047683716,0.20876826722338204,-5.132896637100267
hybrid_only,8,2,hybrid,20,610.5250244140625,1.1799999475479126,0.20242914979757085,-5.330108596187854
hybrid_only,8,2,hybrid,21,639.4619750976562,1.159999966621399,0.1977261492832427,-5.630072082921648
hybrid_only,8,2,hybrid,22,688.5570068359375,1.1299999952316284,0.19138755980861244,-6.138345192744971
hybrid_only,8,2,hybrid,23,721.4650268554688,1.090000033378601,0.18788163457022075,-6.500413504316528
hybrid_only,8,2,hybrid,24,768.3189697265625,1.0499999523162842,0.18248175182481752,-6.998153248598976
hybrid_only,8,2,hybrid,25,807.47998046875,0.9869999885559082,0.17913121361397225,-7.446062243359536
hybrid_only,8,2,hybrid,26,784.5139770507812,1.0199999809265137,0.17398869073510223,-7.173117171051503
hybrid_only,8,2,hybrid,27,740.4940185546875,1.0299999713897705,0.1710863986313088,-6.7171130114197215
hybrid_only,8,2,hybrid,28,723.64501953125,1.1299999952316284,0.1659062629614268,-6.4382627260037255
hybrid_only,8,2,hybrid,29,727.7219848632812,1.1699999570846558,0.16273393002441008,-6.432687751596977
hybrid_only,8,2,hybrid,30,757.5369873046875,1.2200000286102295,0.15735641227380015,-6.670082668984246
hybrid_only,8,2,hybrid,31,771.6110229492188,1.25,0.15426147319706904,-6.774633175886326
hybrid_only,8,2,hybrid,32,795.2260131835938,1.340000033378601,0.14869888475836432,-6.909657867974065
hybrid_only,8,2,hybrid,33,812.5830078125,1.4299999475479126,0.14456089627755692,-6.9849519231322015
hybrid_only,8,2,hybrid,34,828.3560180664062,1.5499999523162842,0.14089468122578372,-7.015349590799346
hybrid_only,8,2,hybrid,35,859.5449829101562,1.75,0.1341381623071764,-7.113726153715916
hybrid_only,8,2,hybrid,36,888.4409790039062,1.9600000381469727,0.1287415513356936,-7.181892854563477
hybrid_only,8,2,hybrid,37,917.7319946289062,2.0299999713897705,0.12418503570319776,-7.3956900463056865
hybrid_only,8,2,hybrid,38,945.0260009765625,2.3399999141693115,0.11911852293031566,-7.348497141456945
hybrid_only,8,2,hybrid,39,986.4039916992188,2.5399999618530273,0.11402508551881414,-7.552090126176788
hybrid_only,8,3,hybrid,0,166.5030059814453,2.3399999141693115,0.0,0.6749698543548583
hybrid_only,8,3,hybrid,1,40.073001861572266,2.3499999046325684,0.0,1.9492698860168458
hybrid_only,8,3,hybrid,2,221.96200561523438,2.390000104904175,0.0,0.17038004875183121
hybrid_only,8,3,hybrid,3,248.25599670410156,2.380000114440918,0.0,-0.10255985260009748
hybrid_only,8,3,hybrid,4,275.72698974609375,2.3299999237060547,0.0,-0.42726997375488285
hybrid_only,8,3,hybrid,5,287.6910095214844,1.7000000476837158,0.5882352941176471,-2.353380635766422
hybrid_only,8,3,hybrid,6,294.239990234375,1.3700000047683716,0.5405405405405406,-2.6534809786564595
hybrid_only,8,3,hybrid,7,283.968994140625,1.25,0.5,-2.58968994140625
hybrid_only,8,3,hybrid,8,303.2130126953125,1.25,0.46349942062572425,-2.709128968204573
hybrid_only,8,3,hybrid,9,335.1520080566406,1.190000057220459,0.4291845493562232,-3.0198891220583937
hybrid_only,8,3,hybrid,10,356.53399658203125,1.1200000047683716,0.40899795501022496,-3.2633358710723908
hybrid_only,8,3,hybrid,11,392.1319885253906,1.0099999904632568,0.3857280617164899,-3.6827760182236293
hybrid_only,8,3,hybrid,12,428.0870056152344,0.921999990940094,0.373134328358209,-4.105138721928667
hybrid_only,8,3,hybrid,13,472.0979919433594,0.8349999785423279,0.36101083032490977,-4.608001601541085
hybrid_only,8,3,hybrid,14,480.7850036621094,0.8539999723434448,0.3475238922675934,-4.648897848812836
hybrid_only,8,3,hybrid,15,519.7429809570312,0.8090000152587891,0.33444816053511706,-5.057326115381757
hybrid_only,8,3,hybrid,16,565.9290161132812,0.7570000290870667,0.32441200324412,-5.551114138533986
hybrid_only,8,3,hybrid,17,607.8939819335938,0.7990000247955322,0.31347962382445144,-5.906899042189308
hybrid_only,8,3,hybrid,18,638.781005859375,0.9049999713897705,0.299625468164794,-6.0820610235335675
hybrid_only,8,3,hybrid,19,576.906982421875,1.090000033378601,0.2846975088967972,-5.248464808633743
hybrid_only,8,3,hybrid,20,604.9630126953125,1.3300000429153442,0.2682763246143528,-5.2561827332664866
hybrid_only,8,3,hybrid,21,649.5499877929688,1.5199999809265137,0.2501563477173233,-5.475812592437821
hybrid_only,8,3,hybrid,22,696.39697265625,1.7200000286102295,0.2336448598130841,-5.711259417578439
hybrid_only,8,3,hybrid,23,733.010009765625,1.850000023841858,0.22271714922049,-5.925534372255372
hybrid_only,8,3,hybrid,24,762.2130126953125,2.0399999618530273,0.3152916447714136,-6.212713454642925
hybrid_only,8,3,hybrid,25,824.6119995117188,2.369999885559082,0.2974714923153198,-6.471063094188745
hybrid_only,8,3,hybrid,26,792.5150146484375,1.9700000286102295,0.28653295128939826,-6.528216020452942
hybrid_only,8,3,hybrid,27,737.4849853515625,1.7400000095367432,0.27522935779816515,-6.185308559575212
hybrid_only,8,3,hybrid,28,733.8280029296875,2.009999990463257,0.26098303610265333,-5.850246111038925
hybrid_only,8,3,hybrid,29,735.6580200195312,2.2799999713897705,0.24439918533604887,-5.56537859947764
hybrid_only,8,3,hybrid,30,759.68701171875,2.309999942779541,0.23410066328521265,-5.755071500978384
hybrid_only,8,3,hybrid,31,774.6259765625,2.359999895095825,0.22641509433962265,-5.83909005920842
hybrid_only,8,3,hybrid,32,790.2880249023438,2.390000104904175,0.21536252692031588,-5.943605197959894
hybrid_only,8,3,hybrid,33,816.7150268554688,2.380000114440918,0.20456870098874871,-6.196287556091267
hybrid_only,8,3,hybrid,34,831.2890014648438,2.3499999046325684,0.19887305270135897,-6.360636215418587
hybrid_only,8,3,hybrid,35,848.0560302734375,2.3299999237060547,0.19175455417066156,-6.534069487369644
hybrid_only,8,3,hybrid,36,886.9310302734375,2.2300000190734863,0.18438844499078058,-7.0080871736424495
hybrid_only,8,3,hybrid,37,913.2789916992188,2.1700000762939453,0.18018018018018017,-7.323150201058603
hybrid_only,8,3,hybrid,38,952.5919799804688,2.0899999141693115,0.17266187050359713,-7.781243626642571
hybrid_only,8,3,hybrid,39,994.0189819335938,2.009999990463257,0.1694915254237288,-8.269172879720138
hybrid_only,9,0,hybrid,0,164.24899291992188,2.4200000762939453,0.0,0.7775101470947265
hybrid_only,9,0,hybrid,1,194.9510040283203,2.4200000762939453,0.0,0.47049003601074224
hybrid_only,9,0,hybrid,2,222.8280029296875,2.4700000286102295,0.0,0.24171999931335453
hybrid_only,9,0,hybrid,3,249.4739990234375,2.440000057220459,0.0,-0.054739933013916
hybrid_only,9,0,hybrid,4,273.7669982910156,2.4100000858306885,0.0,-0.3276698970794678
hybrid_only,9,0,hybrid,5,299.5509948730469,2.5,0.0,-0.4955099487304686
hybrid_only,9,0,hybrid,6,304.3030090332031,2.5999999046325684,0.0,-0.44303018569946273
hybrid_only,9,0,hybrid,7,331.23699951171875,2.609999895095825,0.0,-0.7023701000213625
hybrid_only,9,0,hybrid,8,359.43798828125,2.609999895095825,0.0,-0.9843799877166748
hybrid_only,9,0,hybrid,9,386.54998779296875,2.619999885559082,0.0,-1.2454999923706054
hybrid_only,9,0,hybrid,10,416.7070007324219,2.6500000953674316,0.0,-1.5170699119567868
hybrid_only,9,0,hybrid,11,461.0150146484375,2.6500000953674316,0.1267427122940431,-2.213635475705029
hybrid_only,9,0,hybrid,12,517.9000244140625,2.7100000381469727,0.11976047904191617,-2.708521164077485
hybrid_only,9,0,hybrid,13,473.10699462890625,2.0799999237060547,0.11254924029262803,-2.8761685031682642
hybrid_only,9,0,hybrid,14,520.5499877929688,2.109999895095825,0.10610079575596817,-3.307701574345799
hybrid_only,9,0,hybrid,15,574.10302734375,2.049999952316284,0.10045203415369161,-3.8919343894285987
hybrid_only,9,0,hybrid,16,629.802001953125,1.9800000190734863,0.09541984732824428,-4.508859695114252
hybrid_only,9,0,hybrid,17,610.8839721679688,2.130000114440918,0.09025270758122744,-4.159345022401224
hybrid_only,9,0,hybrid,18,595.0289916992188,2.3499999046325684,0.08557980316645272,-3.771449618692525
hybrid_only,9,0,hybrid,19,621.2080078125,2.319999933242798,0.08136696501220504,-4.054814074906613
hybrid_only,9,0,hybrid,20,649.0070190429688,2.2200000286102295,0.07797270955165692,-4.426015580922772
hybrid_only,9,0,hybrid,21,678.8250122070312,2.1600000858306885,0.07532956685499058,-4.778909169949605
hybrid_only,9,0,hybrid,22,706.2940063476562,2.0799999237060547,0.07243752263672583,-5.12781518504396
hybrid_only,9,0,hybrid,23,724.4920043945312,1.9900000095367432,0.0702000702000702,-5.39532017480871
hybrid_only,9,0,hybrid,24,757.7849731445312,1.940000057220459,0.0673854447439353,-5.772620563712724
hybrid_only,9,0,hybrid,25,789.156982421875,1.8600000143051147,0.06576783952647156,-6.163105488966578
hybrid_only,9,0,hybrid,26,816.3140258789062,1.7899999618530273,0.06416426050689766,-6.5014688179498314
hybrid_only,9,0,hybrid,27,863.1090087890625,1.7799999713897705,0.061690314620604564,-6.974470745742064
hybrid_only,9,0,hybrid,28,912.2509765625,1.7400000095367432,0.06033182503770739,-7.503173406163672
hybrid_only,9,0,hybrid,29,953.4000244140625,1.7000000476837158,0.05868544600938967,-7.951371088475688
hybrid_only,9,0,hybrid,30,1033.800048828125,1.659999966621399,0.05717552887364208,-8.792351579407134
hybrid_only,9,0,hybrid,31,1088.739990234375,1.649999976158142,0.055586436909394105,-9.348572800004396
hybrid_only,9,0,hybrid,32,1099.8599853515625,1.8200000524520874,0.05393743257820928,-9.286474666219956
hybrid_only,9,0,hybrid,33,40.08100128173828,1.9500000476837158,0.052260256075254766,1.4446695227158235
hybrid_only,9,0,hybrid,34,1116.6300048828125,2.140000104904175,0.05040322580645161,-9.127106395536853
hybrid_only,9,0,hybrid,35,1166.719970703125,2.25,0.048555474629764506,-9.514310656290778
hybrid_only,9,0,hybrid,36,1222.4300537109375,2.4100000858306885,0.04678362573099415,-9.907867702740674
hybrid_only,9,0,hybrid,37,1242.4100341796875,2.630000114440918,0.09084714967067908,-9.975794526697314
hybrid_only,9,0,hybrid,38,1321.1199951171875,2.700000047683716,0.08936550491510277,-10.689930913318364
hybrid_only,9,0,hybrid,39,1381.4100341796875,2.7200000286102295,0.0866738894907909,-11.267448092168227
hybrid_only,9,1,hybrid,0,165.9969940185547,2.4100000858306885,0.0,0.7500301456451417
hybrid_only,9,1,hybrid,1,195.64100646972656,2.4100000858306885,0.0,0.45359002113342295
hybrid_only,9,1,hybrid,2,223.18899536132812,2.440000057220459,0.0,0.20811010360717752
hybrid_only,9,1,hybrid,3,250.48300170898438,2.430000066757202,0.0,-0.07482995033264173
hybrid_only,9,1,hybrid,4,273.9880065917969,2.440000057220459,0.0,-0.29988000869750975
hybrid_only,9,1,hybrid,5,299.5790100097656,2.4200000762939453,0.0,-0.575790023803711
hybrid_only,9,1,hybrid,6,303.69000244140625,2.5999999046325684,0.0,-0.4369001197814941
hybrid_only,9,1,hybrid,7,329.7200012207031,2.609999895095825,0.0,-0.6872001171112059
hybrid_only,9,1,hybrid,8,360.9119873046875,2.609999895095825,0.0,-0.9991199779510498
hybrid_only,9,1,hybrid,9,385.4360046386719,2.609999895095825,0.0,-1.2443601512908935
hybrid_only,9,1,hybrid,10,416.5050048828125,2.6500000953674316,0.0,-1.515049953460693
hybrid_only,9,1,hybrid,11,464.031005859375,2.7300000190734863,0.0,-1.9103100395202635
hybrid_only,9,1,hybrid,12,519.0670166015625,2.880000114440918,0.0,-2.310670051574707
hybrid_only,9,1,hybrid,13,470.8739929199219,3.609999895095825,0.0,-1.0987400341033933
hybrid_only,9,1,hybrid,14,522.843994140625,4.0,0.0,-1.2284399414062497
hybrid_only,9,1,hybrid,15,578.2360229492188,4.25,0.0,-1.5323602294921876
hybrid_only,9,1,hybrid,16,638.5579833984375,4.5,0.07754943776657619,-2.040678709517527
hybrid_only,9,1,hybrid,17,606.093017578125,3.5299999713897705,0.07228044813877846,-2.6754911006690363
hybrid_only,9,1,hybrid,18,597.7379760742188,3.5999999046325684,0.0676818950930626,-2.5127436462957444
hybrid_only,9,1,hybrid,19,622.3599853515625,3.700000047683716,0.06361323155216285,-2.6508262689362354
hybrid_only,9,1,hybrid,20,651.0339965820312,3.7899999618530273,0.05980861244019139,-2.839957228847668
hybrid_only,9,1,hybrid,21,678.5910034179688,3.819999933242798,0.056657223796033995,-3.079224548528958
hybrid_only,9,1,hybrid,22,705.8150024414062,3.8499999046325684,0.05399568034557235,-3.3161414804726386
hybrid_only,9,1,hybrid,23,730.4359741210938,3.8399999141693115,0.05108556832694764,-3.5665309636955214
hybrid_only,9,1,hybrid,24,758.3720092773438,3.819999933242798,0.048555474629764506,-3.8608311087901686
hybrid_only,9,1,hybrid,25,790.3280029296875,3.7100000381469727,0.046630916297505244,-4.286541823744912
hybrid_only,9,1,hybrid,26,823.2319946289062,3.549999952316284,0.04508566275924256,-4.772491319491262
hybrid_only,9,1,hybrid,27,863.7470092773438,3.450000047683716,0.04313133491481561,-5.273732714919353
hybrid_only,9,1,hybrid,28,913.9669799804688,3.2899999618530273,0.04177109440267335,-5.933212026757007
hybrid_only,9,1,hybrid,29,957.8590087890625,3.119999885559082,0.040543279951348064,-6.539676762234238
hybrid_only,9,1,hybrid,30,1042.800048828125,2.880000114440918,0.03944773175542406,-7.62689583735118
hybrid_only,9,1,hybrid,31,1091.8800048828125,2.7200000286102295,0.03846893633391037,-8.275737892885715
hybrid_only,9,1,hybrid,32,1097.010009765625,2.7899999618530273,0.03746721618583739,-8.255034568174898
hybrid_only,9,1,hybrid,33,1072.81005859375,2.75,0.03646973012399708,-8.051040046185495
hybrid_only,9,1,hybrid,34,1116.239990234375,2.740000009536743,0.03561887800534283,-8.493637648817693
hybrid_only,9,1,hybrid,35,1170.699951171875,2.6600000858306885,0.03475842891901286,-9.116516283726089
hybrid_only,9,1,hybrid,36,1221.3199462890625,2.619999885559082,0.03391555027980329,-9.66103067789115
hybrid_only,9,1,hybrid,37,1260.9200439453125,2.569999933242798,0.033123550844650546,-10.10544760789963
hybrid_only,9,1,hybrid,38,1306.6600341796875,2.5199999809265137,0.03266906239790918,-10.61193848566618
hybrid_only,9,1,hybrid,39,1378.81005859375,2.5399999618530273,0.03165558721114277,-11.311411798506757
hybrid_only,9,2,hybrid,0,167.65199279785156,2.4100000858306885,0.0,0.7334801578521728
hybrid_only,9,2,hybrid,1,196.1479949951172,2.4100000858306885,0.0,0.44852013587951656
hybrid_only,9,2,hybrid,2,222.81900024414062,2.359999895095825,0.0,0.1318098926544189
hybrid_only,9,2,hybrid,3,248.59100341796875,2.369999885559082,0.0,-0.11591014862060556
hybrid_only,9,2,hybrid,4,275.0320129394531,2.369999885559082,0.0,-0.3803202438354494
hybrid_only,9,2,hybrid,5,299.0580139160156,2.299999952316284,0.27816411682892905,-1.2469084205017302
hybrid_only,9,2,hybrid,6,304.2950134277344,1.7400000095367432,0.24721878862793573,-1.7973877019964721
hybrid_only,9,2,hybrid,7,328.7919921875,1.7699999809265137,0.22271714922049,-1.9633542393894663
hybrid_only,9,2,hybrid,8,355.97900390625,1.7899999618530273,0.2032520325203252,-2.176294142250123
hybrid_only,9,2,hybrid,9,381.67498779296875,1.850000023841858,0.18518518518518517,-2.3371202244581997
hybrid_only,9,2,hybrid,10,410.27899169921875,1.7599999904632568,0.1718213058419244,-2.6864325382127796
hybrid_only,9,2,hybrid,11,453.6719970703125,1.590000033378601,0.16168148746968472,-3.2700829122638932
hybrid_only,9,2,hybrid,12,514.7550048828125,1.4299999475479126,0.1514004542013626,-4.020351009682938
hybrid_only,9,2,hybrid,13,473.0929870605469,1.4700000286102295,0.14255167498218105,-3.5460331919596007
hybrid_only,9,2,hybrid,14,518.5089721679688,1.440000057220459,0.1362397820163488,-4.017569228491926
hybrid_only,9,2,hybrid,15,575.6929931640625,1.2999999523162842,0.1303780964797914,-4.717686172283923
hybrid_only,9,2,hybrid,16,634.614990234375,1.190000057220459,0.12586532410320955,-5.407880493329711
hybrid_only,9,2,hybrid,17,607.9180297851562,1.2300000190734863,0.12084592145015106,-5.090872121678378
hybrid_only,9,2,hybrid,18,597.0440063476562,1.3700000047683716,0.11614401858304298,-4.832728095874277
hybrid_only,9,2,hybrid,19,619.083984375,1.3799999952316284,0.11204481792717087,-5.0349294843727135
hybrid_only,9,2,hybrid,20,646.5900268554688,1.440000057220459,0.10678056593699947,-5.2394613432082275
hybrid_only,9,2,hybrid,21,677.5369873046875,1.5299999713897705,0.10152284263959391,-5.448415586936292
hybrid_only,9,2,hybrid,22,700.1740112304688,1.6799999475479126,0.09699321047526673,-5.515726585707308
hybrid_only,9,2,hybrid,23,733.5159912109375,1.840000033378601,0.09174311926605505,-5.6786461172628835
hybrid_only,9,2,hybrid,24,754.8079833984375,1.9700000286102295,0.08798944126704795,-5.754058687908242
hybrid_only,9,2,hybrid,25,789.698974609375,2.200000047683716,0.08257638315441784,-5.86214246471887
hybrid_only,9,2,hybrid,26,834.0230102539062,2.5,0.07651109410864575,-5.993252290756353
hybrid_only,9,2,hybrid,27,860.552978515625,2.640000104904175,0.07347538574577517,-6.112480451743625
hybrid_only,9,2,hybrid,28,910.8870239257812,2.9000000953674316,0.0686106346483705,-6.346091413187123
hybrid_only,9,2,hybrid,29,973.8350219726562,3.1600000858306885,0.06369426751592357,-6.705738668927721
hybrid_only,9,2,hybrid,30,1041.6800537109375,3.319999933242798,0.12243648607284971,-7.341673576012276
hybrid_only,9,2,hybrid,31,1112.81005859375,3.549999952316284,0.11761246692149367,-7.813325567464203
hybrid_only,9,2,hybrid,32,1087.25,3.1500000953674316,0.3393665158371041,-8.401232936306776
hybrid_only,9,2,hybrid,33,40.071998596191406,2.5799999237060547,0.3263530051672559,1.526573927409629
hybrid_only,9,2,hybrid,34,1121.1199951171875,2.559999942779541,0.3199146894161557,-9.291029387224645
hybrid_only,9,2,hybrid,35,1175.5899658203125,2.440000057220459,0.31323414252153486,-9.942367886025735
hybrid_only,9,2,hybrid,36,1215.8800048828125,2.130000114440918,0.30753459764223473,-10.643869129671677
hybrid_only,9,2,hybrid,37,1245.1500244140625,1.850000023841858,0.3028009084027252,-11.207102037104217
hybrid_only,9,2,hybrid,38,1283.3299560546875,1.559999942779541,0.29469548133595286,-11.86269058043924
hybrid_only,9,2,hybrid,39,1380.1700439453125,1.5,0.290065264684554,-12.881830968822232
hybrid_only,9,3,hybrid,0,167.80799865722656,2.3399999141693115,0.0,0.661919927597046
hybrid_only,9,3,hybrid,1,195.38499450683594,2.3499999046325684,0.0,0.39614995956420906
hybrid_only,9,3,hybrid,2,221.81900024414062,2.390000104904175,0.0,0.17181010246276873
hybrid_only,9,3,hybrid,3,248.76600646972656,2.369999885559082,0.0,-0.11766017913818372
hybrid_only,9,3,hybrid,4,274.4200134277344,2.3299999237060547,0.0,-0.414200210571289
hybrid_only,9,3,hybrid,5,296.4840087890625,2.3399999141693115,0.0,-0.6248401737213136
hybrid_only,9,3,hybrid,6,301.5060119628906,2.5199999809265137,0.0,-0.49506013870239274
hybrid_only,9,3,hybrid,7,332.8699951171875,2.569999933242798,0.0,-0.758700017929077
hybrid_only,9,3,hybrid,8,359.447998046875,2.549999952316284,0.0,-1.0444800281524658
hybrid_only,9,3,hybrid,9,386.5090026855469,2.559999942779541,0.0,-1.3050900840759279
hybrid_only,9,3,hybrid,10,410.20001220703125,2.5399999618530273,0.0,-1.562000160217285
hybrid_only,9,3,hybrid,11,462.9750061035156,2.5799999237060547,0.132890365448505,-2.3155308682261113
hybrid_only,9,3,hybrid,12,517.8590087890625,2.5199999809265137,0.12539184952978055,-2.9093738060236727
hybrid_only,9,3,hybrid,13,472.9230041503906,1.9800000190734863,0.11614401858304298,-2.981518059596506
hybrid_only,9,3,hybrid,14,524.4949951171875,2.0199999809265137,0.10911074740861974,-3.4431714650626004
hybrid_only,9,3,hybrid,15,581.552001953125,1.9900000095367432,0.10314595152140278,-4.031811913037313
hybrid_only,9,3,hybrid,16,641.0070190429688,1.909999966621399,0.09905894006934125,-4.698188103946971
hybrid_only,9,3,hybrid,17,606.698974609375,2.0,0.09456264775413711,-4.256115041602024
hybrid_only,9,3,hybrid,18,595.4910278320312,2.240000009536743,0.08984725965858041,-3.89460478810073
hybrid_only,9,3,hybrid,19,623.4320068359375,2.200000047683716,0.08561643835616438,-4.205552897387989
hybrid_only,9,3,hybrid,20,644.551025390625,2.130000114440918,0.0823045267489712,-4.480119192963275
hybrid_only,9,3,hybrid,21,674.8720092773438,2.059999942779541,0.07861635220125786,-4.845952854396412
hybrid_only,9,3,hybrid,22,704.9140014648438,1.9800000190734863,0.07527286413248024,-5.219685723839912
hybrid_only,9,3,hybrid,23,734.2689819335938,1.899999976158142,0.07312614259597806,-5.588942128369752
hybrid_only,9,3,hybrid,24,754.4879760742188,1.8600000143051147,0.07127583749109052,-5.827431421419254
hybrid_only,9,3,hybrid,25,790.655029296875,1.7899999618530273,0.06865774116031582,-6.253865813436354
hybrid_only,9,3,hybrid,26,829.1259765625,1.7300000190734863,0.06651147322913202,-6.694282693009778
hybrid_only,9,3,hybrid,27,863.6300048828125,1.7000000476837158,0.06501950585175553,-7.066339012847921
hybrid_only,9,3,hybrid,28,911.2249755859375,1.659999966621399,0.06289308176100629,-7.578035952759989
hybrid_only,9,3,hybrid,29,960.9940185546875,1.6399999856948853,0.06146281499692686,-8.092865829845843
hybrid_only,9,3,hybrid,30,1029.8299560546875,1.6200000047683716,0.05955926146515783,-8.79741807870882
hybrid_only,9,3,hybrid,31,1089.260009765625,1.6100000143051147,0.05820721769499418,-9.399014518741122
hybrid_only,9,3,hybrid,32,1098.739990234375,1.7699999809265137,0.05613247263541959,-9.329664866688075
hybrid_only,9,3,hybrid,33,1078.1600341796875,1.8799999952316284,0.0545404963185165,-9.010681339202279
hybrid_only,9,3,hybrid,34,1110.93994140625,2.119999885559082,0.05234231876472128,-9.09408416603286
hybrid_only,9,3,hybrid,35,1169.6099853515625,2.2200000286102295,0.05063291139240506,-9.577365647690206
hybrid_only,9,3,hybrid,36,1207.5999755859375,2.4000000953674316,0.04844961240310078,-9.772898885298144
hybrid_only,9,3,hybrid,37,1263.3299560546875,2.569999933242798,0.04642525533890436,-10.156150137981886
hybrid_only,9,3,hybrid,38,1313.800048828125,2.8499999046325684,0.043946385409800046,-10.375893354468282
hybrid_only,9,3,hybrid,39,1379.1700439453125,2.8399999141693115,0.08659883091578263,-11.12489818711538
2ppo_2hybrid,0,0,ppo,0,163.53799438476562,2.440000057220459,0.0,0.8046201133728028
2ppo_2hybrid,0,0,ppo,1,194.7169952392578,2.4200000762939453,0.0,0.47283012390136725
2ppo_2hybrid,0,0,ppo,2,222.26800537109375,2.450000047683716,0.0,0.22731999397277836
2ppo_2hybrid,0,0,ppo,3,249.5959930419922,2.450000047683716,0.0,-0.045959882736206215
2ppo_2hybrid,0,0,ppo,4,273.8349914550781,2.430000066757202,0.0,-0.3083498477935791
2ppo_2hybrid,0,0,ppo,5,299.9750061035156,2.5,0.0,-0.4997500610351562
2ppo_2hybrid,0,0,ppo,6,304.5360107421875,2.6700000762939453,0.0,-0.3753600311279297
2ppo_2hybrid,0,0,ppo,7,332.23699951171875,2.5999999046325684,0.0,-0.7223700904846191
2ppo_2hybrid,0,0,ppo,8,359.55499267578125,2.619999885559082,0.0,-0.9755500411987303
2ppo_2hybrid,0,0,ppo,9,385.39300537109375,2.5999999046325684,0.0,-1.2539301490783692
2ppo_2hybrid,0,0,ppo,10,416.1679992675781,2.6500000953674316,0.0,-1.5116798973083494
2ppo_2hybrid,0,0,ppo,11,462.9909973144531,2.700000047683716,0.0,-1.9299099254608159
2ppo_2hybrid,0,0,ppo,12,524.8040161132812,2.7699999809265137,0.0,-2.478040180206299
2ppo_2hybrid,0,0,ppo,13,604.2760009765625,2.819999933242798,0.0,-3.2227600765228273
2ppo_2hybrid,0,0,ppo,14,693.4039916992188,2.9100000858306885,0.0,-4.024039831161499
2ppo_2hybrid,0,0,ppo,15,770.427001953125,2.940000057220459,0.0,-4.764269962310791
2ppo_2hybrid,0,0,ppo,16,863.593017578125,2.9800000190734863,0.0,-5.655930156707763
2ppo_2hybrid,0,0,ppo,17,927.7650146484375,3.25,0.0,-6.027650146484374
2ppo_2hybrid,0,0,ppo,18,967.7830200195312,3.4000000953674316,0.0,-6.277830104827881
2ppo_2hybrid,0,0,ppo,19,1035.4300537109375,3.9000000953674316,0.0,-6.4543004417419425
2ppo_2hybrid,0,0,ppo,20,1018.3900146484375,4.409999847412109,0.0,-5.773900299072265
2ppo_2hybrid,0,0,ppo,21,1117.7900390625,4.760000228881836,0.0,-6.417900161743164
2ppo_2hybrid,0,0,ppo,22,1188.1300048828125,4.840000152587891,0.05121638924455826,-7.143732674729351
2ppo_2hybrid,0,0,ppo,23,1294.1300048828125,5.039999961853027,0.1462701121404193,-8.193840311255936
2ppo_2hybrid,0,0,ppo,24,1336.739990234375,4.960000038146973,0.1863932898415657,-8.78018644387991
2ppo_2hybrid,0,0,ppo,25,40.05500030517578,4.409999847412109,0.17853157777281856,3.6523866888147145
2ppo_2hybrid,0,0,ppo,26,1237.8399658203125,3.7200000286102295,0.1702127659574468,-8.99882516150779
2ppo_2hybrid,0,0,ppo,27,1308.6700439453125,3.759999990463257,0.16505054672993605,-9.65680154244974
2ppo_2hybrid,0,0,ppo,28,1334.52001953125,3.7100000381469727,0.15698587127158556,-9.949171899708698
2ppo_2hybrid,0,0,ppo,29,1383.3599853515625,3.559999942779541,0.1537574476263694,-10.581114805988824
2ppo_2hybrid,0,0,ppo,30,1468.7900390625,3.5199999809265137,0.1472211998527788,-11.462342809404044
2ppo_2hybrid,0,0,ppo,31,1514.3800048828125,3.5799999237060547,0.1406717074028486,-11.845143539927767
2ppo_2hybrid,0,0,ppo,32,1591.81005859375,3.450000047683716,0.13896126454750737,-12.7460230673488
2ppo_2hybrid,0,0,ppo,33,1687.5699462890625,3.4100000858306885,0.13389121338912133,-13.733481803838181
2ppo_2hybrid,0,0,ppo,34,1726.4000244140625,3.490000009536743,0.1285140562248996,-14.031028347053681
2ppo_2hybrid,0,0,ppo,35,1774.300048828125,3.4100000858306885,0.12724669953873072,-14.587493801528023
2ppo_2hybrid,0,0,ppo,36,1922.1300048828125,3.240000009536743,0.12385818238117356,-16.22901640405373
2ppo_2hybrid,0,0,ppo,37,1983.3900146484375,3.240000009536743,0.12004801920768307,-16.833996175362998
2ppo_2hybrid,0,0,ppo,38,2027.5,3.240000009536743,0.11661807580174927,-17.268236142066755
2ppo_2hybrid,0,0,ppo,39,1969.2900390625,3.380000114440918,0.11525716755510733,-16.543414611294295
2ppo_2hybrid,0,1,ppo,0,166.73300170898438,2.4100000858306885,0.0,0.7426700687408447
2ppo_2hybrid,0,1,ppo,1,195.61900329589844,2.390000104904175,0.0,0.4338100719451905
2ppo_2hybrid,0,1,ppo,2,221.718994140625,2.3499999046325684,0.0,0.13280996322631822
2ppo_2hybrid,0,1,ppo,3,249.85400390625,2.450000047683716,0.0,-0.048539991378784286
2ppo_2hybrid,0,1,ppo,4,275.10101318359375,2.450000047683716,0.0,-0.30101008415222186
2ppo_2hybrid,0,1,ppo,5,299.66900634765625,2.4200000762939453,0.0,-0.576689987182617
2ppo_2hybrid,0,1,ppo,6,303.47198486328125,2.5999999046325684,0.0,-0.43471994400024405
2ppo_2hybrid,0,1,ppo,7,331.5799865722656,2.5999999046325684,0.0,-0.715799961090088
2ppo_2hybrid,0,1,ppo,8,361.093994140625,2.619999885559082,0.0,-0.9909400558471679
2ppo_2hybrid,0,1,ppo,9,387.08599853515625,2.619999885559082,0.0,-1.2508600997924804
2ppo_2hybrid,0,1,ppo,10,416.2309875488281,2.6500000953674316,0.0,-1.5123097801208498
2ppo_2hybrid,0,1,ppo,11,468.8659973144531,2.700000047683716,0.0,-1.9886599254608157
2ppo_2hybrid,0,1,ppo,12,533.7249755859375,2.7699999809265137,0.0,-2.5672497749328613
2ppo_2hybrid,0,1,ppo,13,608.219970703125,2.819999933242798,0.0,-3.262199773788452
2ppo_2hybrid,0,1,ppo,14,681.0969848632812,2.799999952316284,0.0,-4.010969896316528
2ppo_2hybrid,0,1,ppo,15,782.4819946289062,2.8499999046325684,0.18256503879507074,-5.339950119246636
2ppo_2hybrid,0,1,ppo,16,877.7249755859375,2.880000114440918,0.34782608695652173,-6.5929018153314995
2ppo_2hybrid,0,1,ppo,17,915.219970703125,2.359999895095825,0.337126000842815,-7.466451813621056
2ppo_2hybrid,0,1,ppo,18,962.969970703125,1.8799999952316284,0.3240178209801539,-8.397735353759929
2ppo_2hybrid,0,1,ppo,19,1031.8599853515625,1.7899999618530273,0.31360250882007057,-9.15580490930274
2ppo_2hybrid,0,1,ppo,20,1023.739990234375,1.8300000429153442,0.3013182674199623,-9.01003639426833
2ppo_2hybrid,0,1,ppo,21,1092.4300537109375,1.7699999809265137,0.29175784099197666,-9.737816238166815
2ppo_2hybrid,0,1,ppo,22,1169.800048828125,1.7799999713897705,0.28060329708874077,-10.47920711106896
2ppo_2hybrid,0,1,ppo,23,1284.030029296875,1.7000000476837158,0.272108843537415,-11.684517932359865
2ppo_2hybrid,0,1,ppo,24,1336.75,1.7200000286102295,0.26195153896529144,-12.171403049320354
2ppo_2hybrid,0,1,ppo,25,1298.6600341796875,1.840000033378601,0.25493945188017847,-11.656479212178631
2ppo_2hybrid,0,1,ppo,26,1241.8900146484375,1.850000023841858,0.24706609017912293,-11.063032303000764
2ppo_2hybrid,0,1,ppo,27,1291.27001953125,1.899999976158142,0.24242424242424243,-11.497548704002842
2ppo_2hybrid,0,1,ppo,28,1331.0899658203125,1.909999966621399,0.23557126030624265,-11.872042212194211
2ppo_2hybrid,0,1,ppo,29,1379.52001953125,1.850000023841858,0.22805017103762829,-12.401300513545898
2ppo_2hybrid,0,1,ppo,30,1465.0999755859375,1.7799999713897705,0.22284122562674094,-13.316682235723087
2ppo_2hybrid,0,1,ppo,31,1502.6300048828125,1.7200000286102295,0.21804306350504224,-13.742386147227979
2ppo_2hybrid,0,1,ppo,32,1569.449951171875,1.649999976158142,0.2136181575433912,-14.47173585064739
2ppo_2hybrid,0,1,ppo,33,1683.300048828125,1.559999942779541,0.2093692750588851,-15.691739095619479
2ppo_2hybrid,0,1,ppo,34,1719.3599853515625,1.5299999713897705,0.20491803278688525,-16.073435947699625
2ppo_2hybrid,0,1,ppo,35,1786.72998046875,1.4600000381469727,0.2012072434607646,-16.809714253462058
2ppo_2hybrid,0,1,ppo,36,1868.030029296875,1.3899999856948853,0.19995001249687577,-17.690200332267615
2ppo_2hybrid,0,1,ppo,37,1977.8499755859375,1.3600000143051147,0.1950743721043648,-18.80864848576299
2ppo_2hybrid,0,1,ppo,38,2029.93994140625,1.3600000143051147,0.19015925837889233,-19.31971791651517
2ppo_2hybrid,0,1,ppo,39,1996.8599853515625,1.4199999570846558,0.18730976352142356,-18.923219423473814
2ppo_2hybrid,0,2,hybrid,0,167.06700134277344,2.4100000858306885,0.0,0.7393300724029541
2ppo_2hybrid,0,2,hybrid,1,196.02000427246094,2.450000047683716,0.0,0.48980000495910647
2ppo_2hybrid,0,2,hybrid,2,221.7790069580078,2.4000000953674316,0.0,0.18221002578735357
2ppo_2hybrid,0,2,hybrid,3,247.56700134277344,2.390000104904175,0.0,-0.08566990852355971
2ppo_2hybrid,0,2,hybrid,4,275.4159851074219,2.369999885559082,0.0,-0.38415996551513665
2ppo_2hybrid,0,2,hybrid,5,297.93798828125,2.369999885559082,0.0,-0.6093799972534182
2ppo_2hybrid,0,2,hybrid,6,304.9169921875,2.5999999046325684,0.0,-0.44917001724243155
2ppo_2hybrid,0,2,hybrid,7,327.8609924316406,2.640000104904175,0.0,-0.6386098194122316
2ppo_2hybrid,0,2,hybrid,8,359.52899169921875,2.559999942779541,0.0,-1.0352899742126467
2ppo_2hybrid,0,2,hybrid,9,382.09698486328125,2.5999999046325684,0.0,-1.220969944000244
2ppo_2hybrid,0,2,hybrid,10,414.1570129394531,2.609999895095825,0.0,-1.531570234298706
2ppo_2hybrid,0,2,hybrid,11,464.9679870605469,2.630000114440918,0.0,-2.0196797561645505
2ppo_2hybrid,0,2,hybrid,12,534.9730224609375,2.7100000381469727,0.0,-2.639730186462402
2ppo_2hybrid,0,2,hybrid,13,608.2670288085938,2.759999990463257,0.0,-3.3226702976226807
2ppo_2hybrid,0,2,hybrid,14,690.9420166015625,2.8299999237060547,0.0,-4.0794202423095705
2ppo_2hybrid,0,2,hybrid,15,749.0490112304688,2.950000047683716,0.0,-4.540490064620972
2ppo_2hybrid,0,2,hybrid,16,878.4730224609375,2.9100000858306885,0.0,-5.874730138778686
2ppo_2hybrid,0,2,hybrid,17,924.2269897460938,3.200000047683716,0.07821666014861166,-6.198703170074445
2ppo_2hybrid,0,2,hybrid,18,980.1170043945312,3.509999990463257,0.22213994816734542,-6.735449949816746
2ppo_2hybrid,0,2,hybrid,19,1031.5,3.109999895095825,0.2151308712800287,-7.635261847464232
2ppo_2hybrid,0,2,hybrid,20,1010.0599975585938,2.509999990463257,0.20484807101399796,-8.000296127150676
2ppo_2hybrid,0,2,hybrid,21,1106.4100341796875,2.259999990463257,0.1988071570576541,-9.201714665448927
2ppo_2hybrid,0,2,hybrid,22,1183.030029296875,2.119999885559082,0.18909549322407815,-10.088491393857826
2ppo_2hybrid,0,2,hybrid,23,1295.1099853515625,2.009999990463257,0.18512804689910523,-11.31135595685058
2ppo_2hybrid,0,2,hybrid,24,1337.010009765625,2.0199999809265137,0.17985611510791366,-11.709812346945563
2ppo_2hybrid,0,2,hybrid,25,1327.97998046875,2.190000057220459,0.17381228273464658,-11.437424312936333
2ppo_2hybrid,0,2,hybrid,26,1236.2900390625,2.240000009536743,0.16755096341803966,-10.458002307924337
2ppo_2hybrid,0,2,hybrid,27,1293.43994140625,2.3499999046325684,0.16047071409467772,-10.905340937619288
2ppo_2hybrid,0,2,hybrid,28,1334.75,2.450000047683716,0.15544041450777202,-11.20838078133183
2ppo_2hybrid,0,2,hybrid,29,1396.6600341796875,2.4100000858306885,0.14958863126402394,-11.855777518494234
2ppo_2hybrid,0,2,hybrid,30,1442.050048828125,2.319999933242798,0.1480019733596448,-12.396504501757743
2ppo_2hybrid,0,2,hybrid,31,1505.0699462890625,2.2899999618530273,0.14323227500596802,-13.047164051049535
2ppo_2hybrid,0,2,hybrid,32,1587.77001953125,2.2100000381469727,0.13828070984097718,-13.944261576847481
2ppo_2hybrid,0,2,hybrid,33,1634.1600341796875,2.0899999141693115,0.13764624913971094,-14.526892925906987
2ppo_2hybrid,0,2,hybrid,34,1713.77001953125,2.069999933242798,0.133630289532294,-15.334960841134292
2ppo_2hybrid,0,2,hybrid,35,1821.949951171875,1.9600000381469727,0.13009540329575023,-16.519690280163278
2ppo_2hybrid,0,2,hybrid,36,1858.5999755859375,1.909999966621399,0.128562245553889,-16.933124280345755
2ppo_2hybrid,0,2,hybrid,37,1981.56005859375,1.809999942779541,0.12594458438287154,-18.2574898119237
2ppo_2hybrid,0,2,hybrid,38,2012.969970703125,1.7799999713897705,0.12448132780082988,-18.59866239124314
2ppo_2hybrid,0,2,hybrid,39,1964.8699951171875,1.8600000143051147,0.12007204322593557,-18.02884402331863
2ppo_2hybrid,0,3,hybrid,0,166.5399932861328,2.3399999141693115,0.0,0.6745999813079835
2ppo_2hybrid,0,3,hybrid,1,195.01699829101562,2.3299999237060547,0.0,0.3798299407958985
2ppo_2hybrid,0,3,hybrid,2,221.38499450683594,2.4000000953674316,0.0,0.18615015029907234
2ppo_2hybrid,0,3,hybrid,3,246.906005859375,2.309999942779541,0.0,-0.1590601158142091
2ppo_2hybrid,0,3,hybrid,4,273.73199462890625,2.3299999237060547,0.0,-0.4073200225830078
2ppo_2hybrid,0,3,hybrid,5,299.5920104980469,2.259999990463257,0.2849002849002849,-1.3057206843177815
2ppo_2hybrid,0,3,hybrid,6,301.9110107421875,1.6699999570846558,0.25510204081632654,-1.859314231969872
2ppo_2hybrid,0,3,hybrid,7,331.864990234375,1.7699999809265137,0.2247191011235955,-1.9980881236644275
2ppo_2hybrid,0,3,hybrid,8,358.6390075683594,1.7599999904632568,0.2070393374741201,-2.240468760168577
2ppo_2hybrid,0,3,hybrid,9,384.6659851074219,1.7999999523162842,0.18726591760299627,-2.4211917339639273
2ppo_2hybrid,0,3,hybrid,10,405.68499755859375,1.6799999475479126,0.176522506619594,-2.7298950412772127
2ppo_2hybrid,0,3,hybrid,11,461.989990234375,1.5499999523162842,0.16433853738701726,-3.3985770248015004
2ppo_2hybrid,0,3,hybrid,12,524.7249755859375,1.3700000047683716,0.156128024980484,-4.189505801051972
2ppo_2hybrid,0,3,hybrid,13,590.6859741210938,1.2100000381469727,0.14958863126402394,-4.996036965592013
2ppo_2hybrid,0,3,hybrid,14,644.0960083007812,1.1200000047683716,0.1444043321299639,-5.6097687424993685
2ppo_2hybrid,0,3,hybrid,15,759.697998046875,0.9589999914169312,0.13793103448275862,-6.913842058017336
2ppo_2hybrid,0,3,hybrid,16,849.447998046875,0.8539999723434448,0.13559322033898305,-7.911666448803271
2ppo_2hybrid,0,3,hybrid,17,912.0889892578125,0.8180000185966492,0.13175230566534915,-8.566394485312173
2ppo_2hybrid,0,3,hybrid,18,952.27001953125,0.7799999713897705,0.12886597938144329,-9.000432182685618
2ppo_2hybrid,0,3,hybrid,19,1012.4600219726562,0.7379999756813049,0.12539184952978055,-9.637383943104819
2ppo_2hybrid,0,3,hybrid,20,1018.22998046875,0.843999981880188,0.12012012012012012,-9.578540063047551
2ppo_2hybrid,0,3,hybrid,21,1038.0899658203125,0.8349999785423279,0.11855364552459988,-9.783006970709998
2ppo_2hybrid,0,3,hybrid,22,1178.81005859375,0.8450000286102295,0.11331444759206799,-11.169729452511406
2ppo_2hybrid,0,3,hybrid,23,1229.81005859375,0.8479999899864197,0.11049723756906077,-11.671095071089201
2ppo_2hybrid,0,3,hybrid,24,1331.3800048828125,0.8820000290870667,0.10689470871191876,-12.645589437164896
2ppo_2hybrid,0,3,hybrid,25,1309.780029296875,1.100000023841858,0.10080645161290322,-12.199413172352697
2ppo_2hybrid,0,3,hybrid,26,1252.3699951171875,1.149999976158142,0.09857072449482504,-11.570841424003383
2ppo_2hybrid,0,3,hybrid,27,1306.4599609375,1.4600000381469727,0.09124087591240876,-11.787081323052846
2ppo_2hybrid,0,3,hybrid,28,1317.06005859375,1.5199999809265137,0.08956560680698612,-11.829731818624959
2ppo_2hybrid,0,3,hybrid,29,1392.4200439453125,1.75,0.08309098462816784,-12.340382408709461
2ppo_2hybrid,0,3,hybrid,30,1459.3699951171875,1.9700000286102295,0.07698229407236336,-12.777664510706371
2ppo_2hybrid,0,3,hybrid,31,1500.06005859375,1.9700000286102295,0.07587253414264036,-13.182345625612552
2ppo_2hybrid,0,3,hybrid,32,1592.22998046875,2.2799999713897705,0.06906077348066299,-13.780421380259055
2ppo_2hybrid,0,3,hybrid,33,1679.6199951171875,2.5,0.06359300476947535,-14.423385960710826
2ppo_2hybrid,0,3,hybrid,34,1719.02001953125,2.5,0.06275494195167869,-14.815710079215856
2ppo_2hybrid,0,3,hybrid,35,1820.239990234375,2.809999942779541,0.11901219875037192,-15.630424357064953
2ppo_2hybrid,0,3,hybrid,36,1924.699951171875,3.0799999237060547,0.22766078542970974,-16.622321158872115
2ppo_2hybrid,0,3,hybrid,37,1967.47998046875,3.1700000762939453,0.22390148334732718,-16.95260269508821
2ppo_2hybrid,0,3,hybrid,38,2030.52001953125,3.1700000762939453,0.21739130434782608,-17.56998272771421
2ppo_2hybrid,0,3,hybrid,39,1956.239990234375,2.859999895095825,0.2079002079002079,-17.11820042304834
2ppo_2hybrid,1,0,ppo,0,164.13800048828125,2.4200000762939453,0.0,0.7786200714111329
2ppo_2hybrid,1,0,ppo,1,194.95599365234375,2.4200000762939453,0.0,0.4704401397705078
2ppo_2hybrid,1,0,ppo,2,222.05599975585938,2.4700000286102295,0.0,0.2494400310516358
2ppo_2hybrid,1,0,ppo,3,249.39700317382812,2.440000057220459,0.0,-0.05396997451782237
2ppo_2hybrid,1,0,ppo,4,272.4079895019531,2.4800000190734863,0.0,-0.24407987594604474
2ppo_2hybrid,1,0,ppo,5,301.2900085449219,2.4200000762939453,0.0,-0.5929000091552736
2ppo_2hybrid,1,0,ppo,6,329.9670104980469,2.4100000858306885,0.0,-0.8896700191497802
2ppo_2hybrid,1,0,ppo,7,354.1319885253906,2.440000057220459,0.0,-1.1013198280334473
2ppo_2hybrid,1,0,ppo,8,380.7070007324219,2.4200000762939453,0.0,-1.3870699310302737
2ppo_2hybrid,1,0,ppo,9,407.2349853515625,2.430000066757202,0.0,-1.6423497867584231
2ppo_2hybrid,1,0,ppo,10,434.84600830078125,2.4000000953674316,0.0,-1.9484599876403808
2ppo_2hybrid,1,0,ppo,11,497.35699462890625,2.359999895095825,0.0,-2.6135700511932374
2ppo_2hybrid,1,0,ppo,12,572.2020263671875,2.390000104904175,0.0,-3.3320201587677003
2ppo_2hybrid,1,0,ppo,13,659.7869873046875,2.4200000762939453,0.0,-4.17786979675293
2ppo_2hybrid,1,0,ppo,14,736.0969848632812,2.6700000762939453,0.0,-4.6909697723388675
2ppo_2hybrid,1,0,ppo,15,809.6630249023438,2.7300000190734863,0.0,-5.366630229949951
2ppo_2hybrid,1,0,ppo,16,871.7969970703125,2.859999895095825,0.0,-5.8579700756073
2ppo_2hybrid,1,0,ppo,17,904.35302734375,3.369999885559082,0.0,-5.673530387878419
2ppo_2hybrid,1,0,ppo,18,909.2540283203125,3.9100000858306885,0.0,-5.182540197372436
2ppo_2hybrid,1,0,ppo,19,962.5859985351562,4.269999980926514,0.0,-5.355860004425049
2ppo_2hybrid,1,0,ppo,20,965.0770263671875,4.960000038146973,0.0,-4.690770225524902
2ppo_2hybrid,1,0,ppo,21,991.3569946289062,5.400000095367432,0.10802052389954091,-4.729610898720712
2ppo_2hybrid,1,0,ppo,22,1083.719970703125,5.650000095367432,0.10217113665389528,-5.391541884971608
2ppo_2hybrid,1,0,ppo,23,1159.9599609375,5.829999923706055,0.14573718727228566,-6.0610740602135165
2ppo_2hybrid,1,0,ppo,24,1050.56005859375,5.03000020980835,0.1375515818431912,-5.750703539815533
2ppo_2hybrid,1,0,ppo,25,980.2249755859375,4.199999809265137,0.13083296990841692,-5.863915886411072
2ppo_2hybrid,1,0,ppo,26,986.3619995117188,4.800000190734863,0.1225239942822136,-5.308667792946751
2ppo_2hybrid,1,0,ppo,27,1009.8200073242188,4.920000076293945,0.11727912431587177,-5.412758245579986
2ppo_2hybrid,1,0,ppo,28,1039.2099609375,5.010000228881836,0.11061946902654868,-5.603338318546261
2ppo_2hybrid,1,0,ppo,29,1066.77001953125,5.110000133514404,0.1060632844263744,-5.769826630650845
2ppo_2hybrid,1,0,ppo,30,1101.5899658203125,5.199999809265137,0.10048568079048735,-6.016871210518963
2ppo_2hybrid,1,0,ppo,31,1128.8800048828125,5.239999771118164,0.09682104243989027,-6.242442362589742
2ppo_2hybrid,1,0,ppo,32,1163.6199951171875,5.260000228881836,0.09244992295839753,-6.561099568206834
2ppo_2hybrid,1,0,ppo,33,1193.780029296875,5.25,0.08937881722031879,-6.866557927409389
2ppo_2hybrid,1,0,ppo,34,1229.56005859375,5.230000019073486,0.08547008547008547,-7.236540737804185
2ppo_2hybrid,1,0,ppo,35,1313.6300048828125,4.940000057220459,0.08337965536409116,-8.363059302335849
2ppo_2hybrid,1,0,ppo,36,1355.949951171875,4.869999885559082,0.08046131151937777,-8.850422249198424
2ppo_2hybrid,1,0,ppo,37,1398.5699462890625,4.78000020980835,0.07779074290159471,-9.361280738885466
2ppo_2hybrid,1,0,ppo,38,1414.199951171875,4.760000228881836,0.07583417593528817,-9.53366763470749
2ppo_2hybrid,1,0,ppo,39,1472.1700439453125,4.599999904632568,0.07346638912697441,-10.268633313074506
2ppo_2hybrid,1,1,ppo,0,165.98399353027344,2.4100000858306885,0.0,0.750160150527954
2ppo_2hybrid,1,1,ppo,1,195.40499877929688,2.4200000762939453,0.0,0.46595008850097663
2ppo_2hybrid,1,1,ppo,2,222.16700744628906,2.369999885559082,0.0,0.14832981109619148
2ppo_2hybrid,1,1,ppo,3,250.125,2.440000057220459,0.0,-0.06124994277954121
2ppo_2hybrid,1,1,ppo,4,273.97100830078125,2.440000057220459,0.0,-0.29971002578735373
2ppo_2hybrid,1,1,ppo,5,301.2959899902344,2.4200000762939453,0.0,-0.5929598236083984
2ppo_2hybrid,1,1,ppo,6,329.78900146484375,2.4000000953674316,0.0,-0.8978899192810057
2ppo_2hybrid,1,1,ppo,7,354.9049987792969,2.4000000953674316,0.0,-1.1490498924255372
2ppo_2hybrid,1,1,ppo,8,381.4360046386719,2.4200000762939453,0.0,-1.3943599700927733
2ppo_2hybrid,1,1,ppo,9,408.6789855957031,2.430000066757202,0.0,-1.6567897891998289
2ppo_2hybrid,1,1,ppo,10,436.1310119628906,2.4000000953674316,0.0,-1.9613100242614747
2ppo_2hybrid,1,1,ppo,11,493.3500061035156,2.4000000953674316,0.0,-2.5334999656677244
2ppo_2hybrid,1,1,ppo,12,570.1619873046875,2.3499999046325684,0.0,-3.3516199684143064
2ppo_2hybrid,1,1,ppo,13,669.656005859375,2.390000104904175,0.11600928074245939,-4.538578515174494
2ppo_2hybrid,1,1,ppo,14,734.4860229492188,1.8799999952316284,0.11086474501108648,-5.686589724282732
2ppo_2hybrid,1,1,ppo,15,809.7479858398438,1.4700000286102295,0.10660980810234541,-6.8406994459928985
2ppo_2hybrid,1,1,ppo,16,872.4199829101562,1.409999966621399,0.1023541453428864,-7.5189081531659365
2ppo_2hybrid,1,1,ppo,17,903.6229858398438,1.4600000381469727,0.09857072449482504,-7.773371269241115
2ppo_2hybrid,1,1,ppo,18,903.9359741210938,1.559999942779541,0.09532888465204957,-7.670017567735496
2ppo_2hybrid,1,1,ppo,19,959.2000122070312,1.5800000429153442,0.09062075215224287,-8.193241583459454
2ppo_2hybrid,1,1,ppo,20,958.8400268554688,1.649999976158142,0.08737439930100481,-8.113149090998554
2ppo_2hybrid,1,1,ppo,21,991.1530151367188,1.6399999856948853,0.08428150021070376,-8.44009316609371
2ppo_2hybrid,1,1,ppo,22,1069.72998046875,1.5299999713897705,0.08213552361396304,-9.331570880525655
2ppo_2hybrid,1,1,ppo,23,1151.8299560546875,1.4500000476837158,0.07961783439490445,-10.227535181652968
2ppo_2hybrid,1,1,ppo,24,1082.8800048828125,1.559999942779541,0.07736943907156674,-9.423538984191717
2ppo_2hybrid,1,1,ppo,25,979.8309936523438,1.4900000095367432,0.0749063670411985,-8.458122661069092
2ppo_2hybrid,1,1,ppo,26,985.7050170898438,1.690000057220459,0.07243752263672583,-8.31192515895143
2ppo_2hybrid,1,1,ppo,27,999.8049926757812,1.7100000381469727,0.07069635913750442,-8.429442606885848
2ppo_2hybrid,1,1,ppo,28,1037.989990234375,1.6699999570846558,0.06814310051107325,-8.84618614628124
2ppo_2hybrid,1,1,ppo,29,1059.9599609375,1.6399999856948853,0.066711140760507,-9.093021905201129
2ppo_2hybrid,1,1,ppo,30,1098.8299560546875,1.6299999952316284,0.0643707756678468,-9.48704111665094
2ppo_2hybrid,1,1,ppo,31,1120.06005859375,1.6299999952316284,0.06309148264984227,-9.696783556005556
2ppo_2hybrid,1,1,ppo,32,1161.9599609375,1.6699999570846558,0.060771801883925856,-10.071143256058196
2ppo_2hybrid,1,1,ppo,33,1184.72998046875,1.690000057220459,0.05943536404160475,-10.27617047555025
2ppo_2hybrid,1,1,ppo,34,1225.1700439453125,1.75,0.05748778384593274,-10.61667600714499
2ppo_2hybrid,1,1,ppo,35,1292.7900390625,1.7599999904632568,0.05564830272676683,-11.279197005615277
2ppo_2hybrid,1,1,ppo,36,1353.3599853515625,1.8600000143051147,0.05372011818426001,-11.78104007557903
2ppo_2hybrid,1,1,ppo,37,1403.9100341796875,1.940000057220459,0.05184033177812338,-12.202780948132663
2ppo_2hybrid,1,1,ppo,38,1399.18994140625,2.069999933242798,0.050697084917617236,-12.023293650654937
2ppo_2hybrid,1,1,ppo,39,1466.1500244140625,2.2200000286102295,0.0485319097306479,-12.53856403499169
2ppo_2hybrid,1,2,hybrid,0,166.7030029296875,2.4100000858306885,0.0,0.7429700565338135
2ppo_2hybrid,1,2,hybrid,1,195.53599548339844,2.4200000762939453,0.0,0.4646401214599609
2ppo_2hybrid,1,2,hybrid,2,222.40699768066406,2.369999885559082,0.0,0.1459299087524415
2ppo_2hybrid,1,2,hybrid,3,248.2530059814453,2.390000104904175,0.0,-0.09252995491027827
2ppo_2hybrid,1,2,hybrid,4,272.60400390625,2.369999885559082,0.0,-0.3560401535034181
2ppo_2hybrid,1,2,hybrid,5,299.8680114746094,2.380000114440918,0.0,-0.6186800003051758
2ppo_2hybrid,1,2,hybrid,6,328.4289855957031,2.4000000953674316,0.0,-0.8842897605895996
2ppo_2hybrid,1,2,hybrid,7,356.2560119628906,2.4000000953674316,0.0,-1.1625600242614746
2ppo_2hybrid,1,2,hybrid,8,381.68701171875,2.4100000858306885,0.0,-1.4068700313568114
2ppo_2hybrid,1,2,hybrid,9,407.24798583984375,2.380000114440918,0.0,-1.6924797439575192
2ppo_2hybrid,1,2,hybrid,10,442.8489990234375,2.390000104904175,0.0,-2.0384898853302005
2ppo_2hybrid,1,2,hybrid,11,497.1369934082031,2.4100000858306885,0.0,-2.561369848251343
2ppo_2hybrid,1,2,hybrid,12,580.823974609375,2.4200000762939453,0.0,-3.3882396697998045
2ppo_2hybrid,1,2,hybrid,13,677.072021484375,2.4200000762939453,0.0,-4.350720138549804
2ppo_2hybrid,1,2,hybrid,14,734.198974609375,2.549999952316284,0.0,-4.791989793777466
2ppo_2hybrid,1,2,hybrid,15,788.77001953125,2.6700000762939453,0.0,-5.217700119018555
2ppo_2hybrid,1,2,hybrid,16,884.9089965820312,2.890000104904175,0.091324200913242,-6.141738262742621
2ppo_2hybrid,1,2,hybrid,17,896.68798828125,2.819999933242798,0.1755155770074594,-6.49791110358462
2ppo_2hybrid,1,2,hybrid,18,902.1220092773438,2.119999885559082,0.16891891891891891,-7.239058045052194
2ppo_2hybrid,1,2,hybrid,19,962.5499877929688,2.0199999809265137,0.1653575857792476,-7.936215068561669
2ppo_2hybrid,1,2,hybrid,20,954.35400390625,1.6299999952316284,0.1599360255897641,-8.233412095010399
2ppo_2hybrid,1,2,hybrid,21,994.4459838867188,1.3700000047683716,0.15396458814472672,-8.88238901038827
2ppo_2hybrid,1,2,hybrid,22,1075.4300537109375,1.2699999809265137,0.15145778114350625,-9.787216118469873
2ppo_2hybrid,1,2,hybrid,23,1159.8399658203125,1.25,0.14738393515106854,-10.643167528505261
2ppo_2hybrid,1,2,hybrid,24,1062.510009765625,1.3799999952316284,0.14336917562724014,-9.531838453679104
2ppo_2hybrid,1,2,hybrid,25,979.1229858398438,1.3600000143051147,0.1388888888888889,-8.709007621871102
2ppo_2hybrid,1,2,hybrid,26,984.1069946289062,1.590000033378601,0.1362397820163488,-8.52354947694316
2ppo_2hybrid,1,2,hybrid,27,1004.5599975585938,1.590000033378601,0.13214403700033037,-8.719888016207996
2ppo_2hybrid,1,2,hybrid,28,1031.219970703125,1.559999942779541,0.12974375608173858,-9.011687276415186
2ppo_2hybrid,1,2,hybrid,29,1057.489990234375,1.5299999713897705,0.1261431725007884,-9.297186275955557
2ppo_2hybrid,1,2,hybrid,30,1090.699951171875,1.4900000095367432,0.12399256044637322,-9.664984623074753
2ppo_2hybrid,1,2,hybrid,31,1125.449951171875,1.4600000381469727,0.12062726176115803,-10.035753997094094
2ppo_2hybrid,1,2,hybrid,32,1155.739990234375,1.4199999570846558,0.11858879335902757,-10.374577531977149
2ppo_2hybrid,1,2,hybrid,33,1183.3499755859375,1.409999966621399,0.11550678602367889,-10.654513361285334
2ppo_2hybrid,1,2,hybrid,34,1218.760009765625,1.399999976158142,0.1135718341851221,-11.014743789868353
2ppo_2hybrid,1,2,hybrid,35,1315.3499755859375,1.3300000429153442,0.11022320198401764,-12.043946116912066
2ppo_2hybrid,1,2,hybrid,36,1348.1800537109375,1.3200000524520874,0.109080992637033,-12.379962469931353
2ppo_2hybrid,1,2,hybrid,37,1388.9599609375,1.3300000429153442,0.10715242432360032,-12.773904415106857
2ppo_2hybrid,1,2,hybrid,38,1400.780029296875,1.4199999570846558,0.10376134889753567,-12.795323033679164
2ppo_2hybrid,1,2,hybrid,39,1463.550048828125,1.4500000476837158,0.10154861640010154,-13.388597673397738
2ppo_2hybrid,1,3,hybrid,0,166.3699951171875,2.3399999141693115,0.0,0.6762999629974364
2ppo_2hybrid,1,3,hybrid,1,194.7729949951172,2.3299999237060547,0.0,0.3822699737548829
2ppo_2hybrid,1,3,hybrid,2,221.95199584960938,2.390000104904175,0.0,0.17048014640808118
2ppo_2hybrid,1,3,hybrid,3,246.18899536132812,2.309999942779541,0.0,-0.15189001083374043
2ppo_2hybrid,1,3,hybrid,4,273.8269958496094,2.3399999141693115,0.0,-0.39827004432678237
2ppo_2hybrid,1,3,hybrid,5,297.1889953613281,2.3399999141693115,0.0,-0.6318900394439697
2ppo_2hybrid,1,3,hybrid,6,329.2380065917969,2.369999885559082,0.0,-0.9223801803588869
2ppo_2hybrid,1,3,hybrid,7,355.5469970703125,2.369999885559082,0.0,-1.185470085144043
2ppo_2hybrid,1,3,hybrid,8,378.8080139160156,2.359999895095825,0.0,-1.428080244064331
2ppo_2hybrid,1,3,hybrid,9,407.62298583984375,2.3399999141693115,0.0,-1.7362299442291258
2ppo_2hybrid,1,3,hybrid,10,443.87200927734375,2.390000104904175,0.0,-2.048719987869263
2ppo_2hybrid,1,3,hybrid,11,506.9440002441406,2.430000066757202,0.0,-2.639439935684204
2ppo_2hybrid,1,3,hybrid,12,587.85302734375,2.430000066757202,0.0,-3.4485302066802976
2ppo_2hybrid,1,3,hybrid,13,666.7360229492188,2.369999885559082,0.0,-4.297360343933105
2ppo_2hybrid,1,3,hybrid,14,729.5670166015625,2.4800000190734863,0.0,-4.815670146942138
2ppo_2hybrid,1,3,hybrid,15,799.4520263671875,2.7300000190734863,0.0,-5.264520244598389
2ppo_2hybrid,1,3,hybrid,16,883.0250244140625,2.390000104904175,0.14563106796116504,-6.731512275158781
2ppo_2hybrid,1,3,hybrid,17,894.822998046875,1.9299999475479126,0.14038371548900327,-7.298997463898843
2ppo_2hybrid,1,3,hybrid,18,897.4400024414062,1.8300000429153442,0.13416815742397137,-7.412736296346662
2ppo_2hybrid,1,3,hybrid,19,959.552001953125,1.6399999856948853,0.13169446883230904,-8.218908971500984
2ppo_2hybrid,1,3,hybrid,20,945.0900268554688,1.2999999523162842,0.1278227524499361,-8.406545821138275
2ppo_2hybrid,1,3,hybrid,21,990.85498046875,1.149999976158142,0.12520868113522537,-9.008967190799808
2ppo_2hybrid,1,3,hybrid,22,1043.9300537109375,1.090000033378601,0.1221001221001221,-9.593500747931017
2ppo_2hybrid,1,3,hybrid,23,1152.719970703125,1.0499999523162842,0.11985617259288853,-10.716912099900744
2ppo_2hybrid,1,3,hybrid,24,1116.02001953125,1.1799999475479126,0.1166407465007776,-10.213481740766143
2ppo_2hybrid,1,3,hybrid,25,982.3070068359375,1.1699999570846558,0.11286681715575621,-8.87880374558623
2ppo_2hybrid,1,3,hybrid,26,982.5650024414062,1.25,0.11148272017837235,-8.798615464770808
2ppo_2hybrid,1,3,hybrid,27,1005.010009765625,1.3600000143051147,0.10718113612004287,-8.904462355591221
2ppo_2hybrid,1,3,hybrid,28,1024.1800537109375,1.3300000429153442,0.10642071656615822,-9.124641927326348
2ppo_2hybrid,1,3,hybrid,29,1058.1700439453125,1.2899999618530273,0.1026694045174538,-9.497039286635005
2ppo_2hybrid,1,3,hybrid,30,1082.3199462890625,1.2599999904632568,0.10200612036722204,-9.767211713161812
2ppo_2hybrid,1,3,hybrid,31,1120.6800537109375,1.25,0.0984898227183191,-10.153780182546013
2ppo_2hybrid,1,3,hybrid,32,1146.72998046875,1.2100000381469727,0.09778357235984354,-10.452866911260214
2ppo_2hybrid,1,3,hybrid,33,1189.510009765625,1.2200000286102295,0.0942507068803016,-10.863601482806624
2ppo_2hybrid,1,3,hybrid,34,1200.1500244140625,1.190000057220459,0.09386733416770963,-10.999234855255585
2ppo_2hybrid,1,3,hybrid,35,1300.77001953125,1.1699999570846558,0.09151921903599756,-12.020738676299839
2ppo_2hybrid,1,3,hybrid,36,1342.0699462890625,1.1799999475479126,0.08925914906277893,-12.41921781346827
2ppo_2hybrid,1,3,hybrid,37,1404.4300537109375,1.2100000381469727,0.08743806470416789,-13.009176628370739
2ppo_2hybrid,1,3,hybrid,38,1406.52001953125,1.3300000429153442,0.08441193021947102,-12.904024012836096
2ppo_2hybrid,1,3,hybrid,39,1430.8800048828125,1.3200000524520874,0.08393956351426973,-13.156679123404578
2ppo_2hybrid,2,0,ppo,0,164.0240020751953,2.4200000762939453,0.0,0.7797600555419921
2ppo_2hybrid,2,0,ppo,1,194.9250030517578,2.4200000762939453,0.0,0.47075004577636714
2ppo_2hybrid,2,0,ppo,2,222.05599975585938,2.4700000286102295,0.0,0.2494400310516358
2ppo_2hybrid,2,0,ppo,3,249.4810028076172,2.440000057220459,0.0,-0.05480997085571282
2ppo_2hybrid,2,0,ppo,4,272.6610107421875,2.4700000286102295,0.0,-0.25661007881164544
2ppo_2hybrid,2,0,ppo,5,301.22601318359375,2.4200000762939453,0.0,-0.5922600555419923
2ppo_2hybrid,2,0,ppo,6,327.375,2.430000066757202,0.0,-0.843749933242798
2ppo_2hybrid,2,0,ppo,7,327.4460144042969,2.5799999237060547,0.0,-0.6944602203369139
2ppo_2hybrid,2,0,ppo,8,354.8429870605469,2.6700000762939453,0.0,-0.8784297943115233
2ppo_2hybrid,2,0,ppo,9,379.11199951171875,2.5999999046325684,0.0,-1.191120090484619
2ppo_2hybrid,2,0,ppo,10,414.6659851074219,2.609999895095825,0.0,-1.5366599559783936
2ppo_2hybrid,2,0,ppo,11,467.0719909667969,2.7100000381469727,0.0,-1.960719871520996
2ppo_2hybrid,2,0,ppo,12,531.8140258789062,2.7899999618530273,0.0,-2.5281402969360354
2ppo_2hybrid,2,0,ppo,13,608.4879760742188,2.8299999237060547,0.0,-3.2548798370361327
2ppo_2hybrid,2,0,ppo,14,689.7410278320312,2.8499999046325684,0.0,-4.047410373687744
2ppo_2hybrid,2,0,ppo,15,778.0430297851562,2.819999933242798,0.0,-4.960430364608765
2ppo_2hybrid,2,0,ppo,16,877.2639770507812,3.0199999809265137,0.0,-5.752639789581298
2ppo_2hybrid,2,0,ppo,17,992.0679931640625,2.940000057220459,0.0,-6.980679874420167
2ppo_2hybrid,2,0,ppo,18,1077.3599853515625,3.140000104904175,0.0,-7.63359974861145
2ppo_2hybrid,2,0,ppo,19,1127.9599609375,3.319999933242798,0.0,-7.959599676132202
2ppo_2hybrid,2,0,ppo,20,1157.75,3.869999885559082,0.0,-7.7075001144409185
2ppo_2hybrid,2,0,ppo,21,1124.6099853515625,4.389999866485596,0.0,-6.85609998703003
2ppo_2hybrid,2,0,ppo,22,1225.8800048828125,4.630000114440918,0.10576414595452142,-7.84032822629625
2ppo_2hybrid,2,0,ppo,23,1301.02001953125,4.800000190734863,0.102590407796871,-8.415380820171379
2ppo_2hybrid,2,0,ppo,24,1333.719970703125,4.659999847412109,0.19569471624266144,-9.068589292104463
2ppo_2hybrid,2,0,ppo,25,1274.22998046875,4.210000038146973,0.1881025158711498,-8.908504798282827
2ppo_2hybrid,2,0,ppo,26,1179.0400390625,3.5399999618530273,0.17853157777281856,-8.60746358431761
2ppo_2hybrid,2,0,ppo,27,1183.760009765625,3.680000066757202,0.17130620985010706,-8.50021245059926
2ppo_2hybrid,2,0,ppo,28,1227.6700439453125,3.8399999141693115,0.16299918500407498,-8.762698895291964
2ppo_2hybrid,2,0,ppo,29,1267.8800048828125,3.799999952316284,0.15634160641000586,-9.191483309331852
2ppo_2hybrid,2,0,ppo,30,1335.1199951171875,3.75,0.15125732652675364,-9.903714604225382
2ppo_2hybrid,2,0,ppo,31,1403.719970703125,3.7200000286102295,0.14524328249818447,-10.60768624341739
2ppo_2hybrid,2,0,ppo,32,1453.43994140625,3.690000057220459,0.1416681423764831,-11.127735641595008
2ppo_2hybrid,2,0,ppo,33,1551.199951171875,3.5999999046325684,0.1532958610117527,-12.218591329109687
2ppo_2hybrid,2,0,ppo,34,1664.1199951171875,3.4800000190734863,0.15025041736227046,-13.46170076682293
2ppo_2hybrid,2,0,ppo,35,1715.719970703125,3.430000066757202,0.14827018121911037,-14.023740002712268
2ppo_2hybrid,2,0,ppo,36,1783.280029296875,3.3399999141693115,0.14446227929373998,-14.781724937386917
2ppo_2hybrid,2,0,ppo,37,1833.9300537109375,3.009999990463257,0.14240506329113925,-15.614110673228396
2ppo_2hybrid,2,0,ppo,38,1768.1400146484375,2.7899999618530273,0.13953488372093023,-15.170469952073208
2ppo_2hybrid,2,0,ppo,39,1654.800048828125,2.390000104904175,0.1358695652173913,-14.429739513811858
2ppo_2hybrid,2,1,ppo,0,165.822998046875,2.4100000858306885,0.0,0.7517701053619386
2ppo_2hybrid,2,1,ppo,1,195.26699829101562,2.4200000762939453,0.0,0.46733009338378917
2ppo_2hybrid,2,1,ppo,2,222.16799926757812,2.359999895095825,0.0,0.1383199024200441
2ppo_2hybrid,2,1,ppo,3,249.99600219726562,2.440000057220459,0.0,-0.05995996475219734
2ppo_2hybrid,2,1,ppo,4,273.947998046875,2.440000057220459,0.0,-0.299479923248291
2ppo_2hybrid,2,1,ppo,5,301.2720031738281,2.4200000762939453,0.0,-0.5927199554443359
2ppo_2hybrid,2,1,ppo,6,328.385009765625,2.3499999046325684,0.23446658851113716,-1.402783370045956
2ppo_2hybrid,2,1,ppo,7,330.4930114746094,1.690000057220459,0.21344717182497333,-2.0418244011755813
2ppo_2hybrid,2,1,ppo,8,353.5150146484375,1.809999942779541,0.19286403085824494,-2.110878265421324
2ppo_2hybrid,2,1,ppo,9,379.1960144042969,1.8300000429153442,0.1784121320249777,-2.3187843651775797
2ppo_2hybrid,2,1,ppo,10,411.6650085449219,1.7999999523162842,0.16488046166529266,-2.6464110564635206
2ppo_2hybrid,2,1,ppo,11,463.9049987792969,1.649999976158142,0.1532567049808429,-3.295563421596513
2ppo_2hybrid,2,1,ppo,12,527.364990234375,1.5099999904632568,0.14534883720930233,-4.054347586299098
2ppo_2hybrid,2,1,ppo,13,599.0139770507812,1.340000033378601,0.1392757660167131,-4.928691269162638
2ppo_2hybrid,2,1,ppo,14,677.7789916992188,1.190000057220459,0.1341381623071764,-5.856066184386081
2ppo_2hybrid,2,1,ppo,15,744.5349731445312,1.0700000524520874,0.1303780964797914,-6.636105871952807
2ppo_2hybrid,2,1,ppo,16,862.6669921875,0.9330000281333923,0.12586532410320955,-7.945400541948026
2ppo_2hybrid,2,1,ppo,17,916.2999877929688,0.8320000171661377,0.12422360248447205,-8.579447065732493
2ppo_2hybrid,2,1,ppo,18,1061.0899658203125,0.7720000147819519,0.12026458208057728,-10.079428807582328
2ppo_2hybrid,2,1,ppo,19,1089.0899658203125,0.7480000257492065,0.11855364552459988,-10.380006923503117
2ppo_2hybrid,2,1,ppo,20,1146.6199951171875,0.7379999756813049,0.11448196908986835,-10.957163913670307
2ppo_2hybrid,2,1,ppo,21,1129.8299560546875,0.800000011920929,0.11267605633802817,-10.723651661302002
2ppo_2hybrid,2,1,ppo,22,1194.800048828125,0.7839999794960022,0.10899182561307902,-11.381984160011406
2ppo_2hybrid,2,1,ppo,23,1256.469970703125,0.7820000052452087,0.10666666666666667,-11.996033035119375
2ppo_2hybrid,2,1,ppo,24,1336.3199462890625,0.8320000171661377,0.1029336078229542,-12.737066661370395
2ppo_2hybrid,2,1,ppo,25,1278.239990234375,0.9769999980926514,0.09896091044037605,-12.003321725131851
2ppo_2hybrid,2,1,ppo,26,1180.02001953125,1.090000033378601,0.09474182851729038,-10.89968381896848
2ppo_2hybrid,2,1,ppo,27,1187.8299560546875,1.3200000524520874,0.090049527239982,-10.738398562574751
2ppo_2hybrid,2,1,ppo,28,1225.27001953125,1.590000033378601,0.0856898029134533,-10.834079767760805
2ppo_2hybrid,2,1,ppo,29,1272.72998046875,1.7400000095367432,0.08130081300813008,-11.149901421167016
2ppo_2hybrid,2,1,ppo,30,1319.8399658203125,1.840000033378601,0.0784313725490196,-11.515262369922562
2ppo_2hybrid,2,1,ppo,31,1401.8499755859375,2.049999952316284,0.07301935012778386,-12.11453850379866
2ppo_2hybrid,2,1,ppo,32,1470.3599853515625,2.240000009536743,0.06839945280437756,-12.600398749587637
2ppo_2hybrid,2,1,ppo,33,1535.6600341796875,2.2699999809265137,0.066203243958954,-13.21900684878827
2ppo_2hybrid,2,1,ppo,34,1661.1600341796875,2.5299999713897705,0.060661207158022444,-14.20292278472315
2ppo_2hybrid,2,1,ppo,35,1743.780029296875,2.75,0.05856515373352855,-14.804930600435807
2ppo_2hybrid,2,1,ppo,36,1780.81005859375,2.8499999046325684,0.05770340450086555,-15.073507490306662
2ppo_2hybrid,2,1,ppo,37,1843.72998046875,3.200000047683716,0.1656086116478057,-15.568516980299394
2ppo_2hybrid,2,1,ppo,38,1758.1099853515625,3.2699999809265137,0.2119205298013245,-14.73494093219176
2ppo_2hybrid,2,1,ppo,39,1660.510009765625,2.9700000286102295,0.2074688796680498,-14.050037828382122
2ppo_2hybrid,2,2,hybrid,0,166.5030059814453,2.4100000858306885,0.0,0.7449700260162353
2ppo_2hybrid,2,2,hybrid,1,195.61700439453125,2.4100000858306885,0.0,0.453830041885376
2ppo_2hybrid,2,2,hybrid,2,222.3780059814453,2.359999895095825,0.0,0.13621983528137216
2ppo_2hybrid,2,2,hybrid,3,248.29299926757812,2.390000104904175,0.0,-0.09292988777160627
2ppo_2hybrid,2,2,hybrid,4,273.364013671875,2.369999885559082,0.0,-0.3636402511596679
2ppo_2hybrid,2,2,hybrid,5,299.9209899902344,2.380000114440918,0.0,-0.6192097854614258
2ppo_2hybrid,2,2,hybrid,6,325.6369934082031,2.430000066757202,0.0,-0.826369867324829
2ppo_2hybrid,2,2,hybrid,7,326.8169860839844,2.5399999618530273,0.0,-0.7281698989868164
2ppo_2hybrid,2,2,hybrid,8,352.82000732421875,2.609999895095825,0.0,-0.9182001781463622
2ppo_2hybrid,2,2,hybrid,9,381.8110046386719,2.5999999046325684,0.0,-1.2181101417541504
2ppo_2hybrid,2,2,hybrid,10,414.2560119628906,2.609999895095825,0.0,-1.5325602245330812
2ppo_2hybrid,2,2,hybrid,11,464.59600830078125,2.640000104904175,0.0,-2.005959978103638
2ppo_2hybrid,2,2,hybrid,12,529.4089965820312,2.6700000762939453,0.0,-2.624089889526367
2ppo_2hybrid,2,2,hybrid,13,607.4219970703125,2.7699999809265137,0.0,-3.3042199897766116
2ppo_2hybrid,2,2,hybrid,14,692.7860107421875,2.7799999713897705,0.0,-4.147860136032104
2ppo_2hybrid,2,2,hybrid,15,776.2559814453125,2.890000104904175,0.0,-4.87255970954895
2ppo_2hybrid,2,2,hybrid,16,875.9949951171875,2.859999895095825,0.08565310492505353,-6.071256265926156
2ppo_2hybrid,2,2,hybrid,17,968.573974609375,2.880000114440918,0.08227067050596462,-6.970280972664762
2ppo_2hybrid,2,2,hybrid,18,1072.8199462890625,2.7799999713897705,0.0791765637371338,-8.106552618975122
2ppo_2hybrid,2,2,hybrid,19,1099.18994140625,2.25,0.076103500761035,-8.89410641558457
2ppo_2hybrid,2,2,hybrid,20,1150.3900146484375,1.909999966621399,0.0730727073438071,-9.74004559455059
2ppo_2hybrid,2,2,hybrid,21,1125.4599609375,2.0299999713897705,0.070298769771529,-9.365197177528287
2ppo_2hybrid,2,2,hybrid,22,1202.1600341796875,1.9500000476837158,0.06777363605557438,-10.207147566224307
2ppo_2hybrid,2,2,hybrid,23,1282.1099853515625,1.9800000190734863,0.06480881399870382,-10.970717462439547
2ppo_2hybrid,2,2,hybrid,24,1334.0799560546875,2.0199999809265137,0.06271558482282848,-11.446230749266018
2ppo_2hybrid,2,2,hybrid,25,1274.699951171875,2.200000047683716,0.05995203836930456,-10.666903540773642
2ppo_2hybrid,2,2,hybrid,26,1181.989990234375,2.1700000762939453,0.05841121495327103,-9.766722255956346
2ppo_2hybrid,2,2,hybrid,27,1189.8199462890625,2.3399999141693115,0.05605381165919283,-9.6703071720397
2ppo_2hybrid,2,2,hybrid,28,1214.68994140625,2.450000047683716,0.054990376684080286,-9.806880119746944
2ppo_2hybrid,2,2,hybrid,29,1264.56005859375,2.4000000953674316,0.05320563979781857,-10.352011770165705
2ppo_2hybrid,2,2,hybrid,30,1316.6099853515625,2.319999933242798,0.05136106831022085,-10.948822056893269
2ppo_2hybrid,2,2,hybrid,31,1393.97998046875,2.2200000286102295,0.05,-11.81979977607727
2ppo_2hybrid,2,2,hybrid,32,1474.2900390625,2.119999885559082,0.048484848484848485,-12.719870202035615
2ppo_2hybrid,2,2,hybrid,33,1501.47998046875,2.049999952316284,0.04793863854266539,-13.060677129456547
2ppo_2hybrid,2,2,hybrid,34,1645.3699951171875,1.8799999952316284,0.046739892498247254,-14.66717974093674
2ppo_2hybrid,2,2,hybrid,35,1743.1600341796875,1.809999942779541,0.04552697473252902,-15.712654348482394
2ppo_2hybrid,2,2,hybrid,36,1772.25,1.7799999713897705,0.04485310607759587,-16.032206240765422
2ppo_2hybrid,2,2,hybrid,37,1841.81005859375,1.75,0.04379242391066346,-16.755685433758824
2ppo_2hybrid,2,2,hybrid,38,1762.260009765625,1.8600000143051147,0.042826552462526764,-15.848253188276189
2ppo_2hybrid,2,2,hybrid,39,1689.469970703125,1.8600000143051147,0.08401596303297626,-15.202731618792088
2ppo_2hybrid,2,3,hybrid,0,166.24200439453125,2.3399999141693115,0.0,0.677579870223999
2ppo_2hybrid,2,3,hybrid,1,194.7469940185547,2.3299999237060547,0.0,0.3825299835205078
2ppo_2hybrid,2,3,hybrid,2,221.99000549316406,2.390000104904175,0.0,0.17010004997253425
2ppo_2hybrid,2,3,hybrid,3,247.5709991455078,2.380000114440918,0.0,-0.09570987701416023
2ppo_2hybrid,2,3,hybrid,4,273.8500061035156,2.3399999141693115,0.0,-0.3985001468658447
2ppo_2hybrid,2,3,hybrid,5,297.1000061035156,2.3399999141693115,0.0,-0.6310001468658446
2ppo_2hybrid,2,3,hybrid,6,327.05999755859375,2.390000104904175,0.0,-0.8805998706817628
2ppo_2hybrid,2,3,hybrid,7,328.61700439453125,2.5399999618530273,0.0,-0.7461700820922852
2ppo_2hybrid,2,3,hybrid,8,349.8399963378906,2.549999952316284,0.0,-0.9484000110626223
2ppo_2hybrid,2,3,hybrid,9,384.30499267578125,2.5799999237060547,0.0,-1.2630500030517577
2ppo_2hybrid,2,3,hybrid,10,408.6969909667969,2.559999942779541,0.0,-1.5269699668884273
2ppo_2hybrid,2,3,hybrid,11,455.0830078125,2.559999942779541,0.0,-1.9908301353454592
2ppo_2hybrid,2,3,hybrid,12,531.635009765625,2.640000104904175,0.0,-2.6763499927520753
2ppo_2hybrid,2,3,hybrid,13,590.9500122070312,2.6700000762939453,0.0,-3.239500045776367
2ppo_2hybrid,2,3,hybrid,14,684.6900024414062,2.799999952316284,0.0,-4.046900072097778
2ppo_2hybrid,2,3,hybrid,15,788.5999755859375,2.8499999046325684,0.0,-5.035999851226807
2ppo_2hybrid,2,3,hybrid,16,875.7230224609375,2.799999952316284,0.0,-5.95723027229309
2ppo_2hybrid,2,3,hybrid,17,979.7030029296875,2.9800000190734863,0.07849293563579278,-6.974015881494974
2ppo_2hybrid,2,3,hybrid,18,1085.0400390625,2.9200000762939453,0.0764525993883792,-8.083305513107813
2ppo_2hybrid,2,3,hybrid,19,1120.9200439453125,3.2899999618530273,0.2159827213822894,-8.351165920364677
2ppo_2hybrid,2,3,hybrid,20,1153.81005859375,2.9800000190734863,0.21216407355021216,-8.982428713964438
2ppo_2hybrid,2,3,hybrid,21,1113.9300537109375,2.380000114440918,0.1989389920424403,-9.157178406753337
2ppo_2hybrid,2,3,hybrid,22,1193.5899658203125,2.1700000762939453,0.19678583142013775,-10.159471244749454
2ppo_2hybrid,2,3,hybrid,23,1300.1700439453125,2.0399999618530273,0.28391167192429023,-11.529523821448677
2ppo_2hybrid,2,3,hybrid,24,1335.1600341796875,2.049999952316284,0.27837921435199503,-11.85835881818458
2ppo_2hybrid,2,3,hybrid,25,1276.52001953125,2.130000114440918,0.27157513578756787,-11.178350352446719
2ppo_2hybrid,2,3,hybrid,26,1180.3699951171875,1.7000000476837158,0.2637749120750293,-10.631249727638219
2ppo_2hybrid,2,3,hybrid,27,1185.239990234375,1.5800000429153442,0.25817555938037867,-10.788750978189164
2ppo_2hybrid,2,3,hybrid,28,1208.6800537109375,1.7000000476837158,0.25020850708924103,-10.887217503604141
2ppo_2hybrid,2,3,hybrid,29,1278.02001953125,1.659999966621399,0.2457002457002457,-11.611600720091591
2ppo_2hybrid,2,3,hybrid,30,1328.4300537109375,1.659999966621399,0.23765513599155003,-12.099610842471076
2ppo_2hybrid,2,3,hybrid,31,1362.6800537109375,1.6100000143051147,0.23634453781512604,-12.489489598434513
2ppo_2hybrid,2,3,hybrid,32,1470.9300537109375,1.5499999523162842,0.23076923076923078,-13.620839046331552
2ppo_2hybrid,2,3,hybrid,33,1527.52001953125,1.4900000095367432,0.2245508982035928,-14.234301982182943
2ppo_2hybrid,2,3,hybrid,34,1576.93994140625,1.440000057220459,0.2241035856573705,-14.777606528156781
2ppo_2hybrid,2,3,hybrid,35,1727.9300537109375,1.3600000143051147,0.21961932650073207,-16.358539175805724
2ppo_2hybrid,2,3,hybrid,36,1781.8399658203125,1.350000023841858,0.21357380161366873,-16.8955472375886
2ppo_2hybrid,2,3,hybrid,37,1804.8599853515625,1.309999942779541,0.2129673450070989,-17.164534600750283
2ppo_2hybrid,2,3,hybrid,38,1761.489990234375,1.3799999952316284,0.20891364902506965,-16.65272720516226
2ppo_2hybrid,2,3,hybrid,39,1662.9000244140625,1.399999976158142,0.20274836674926786,-15.634497001481018
2ppo_2hybrid,3,0,ppo,0,163.9219970703125,2.430000066757202,0.0,0.7907800960540772
2ppo_2hybrid,3,0,ppo,1,195.08700561523438,2.4200000762939453,0.0,0.46913002014160154
2ppo_2hybrid,3,0,ppo,2,222.093994140625,2.4700000286102295,0.0,0.24906008720397965
2ppo_2hybrid,3,0,ppo,3,249.4669952392578,2.440000057220459,0.0,-0.054669895172119176
2ppo_2hybrid,3,0,ppo,4,272.4070129394531,2.4700000286102295,0.0,-0.2540701007843018
2ppo_2hybrid,3,0,ppo,5,301.18798828125,2.4000000953674316,0.0,-0.6118797874450683
2ppo_2hybrid,3,0,ppo,6,329.0220031738281,2.4100000858306885,0.0,-0.8802199459075926
2ppo_2hybrid,3,0,ppo,7,354.0409851074219,2.4100000858306885,0.0,-1.13040976524353
2ppo_2hybrid,3,0,ppo,8,380.5409851074219,2.4200000762939453,0.0,-1.3854097747802734
2ppo_2hybrid,3,0,ppo,9,407.07000732421875,2.430000066757202,0.0,-1.6407000064849857
2ppo_2hybrid,3,0,ppo,10,435.4309997558594,2.4000000953674316,0.0,-1.954309902191162
2ppo_2hybrid,3,0,ppo,11,489.23199462890625,2.4000000953674316,0.0,-2.492319850921631
2ppo_2hybrid,3,0,ppo,12,569.2639770507812,2.4100000858306885,0.0,-3.2826396846771244
2ppo_2hybrid,3,0,ppo,13,610.7310180664062,2.6600000858306885,0.0,-3.447310094833374
2ppo_2hybrid,3,0,ppo,14,693.2459716796875,2.809999942779541,0.0,-4.122459774017334
2ppo_2hybrid,3,0,ppo,15,788.64501953125,2.7899999618530273,0.0,-5.096450233459473
2ppo_2hybrid,3,0,ppo,16,924.7979736328125,2.619999885559082,0.0,-6.627979850769043
2ppo_2hybrid,3,0,ppo,17,1052.3699951171875,2.7300000190734863,0.16038492381716118,-8.11446977973271
2ppo_2hybrid,3,0,ppo,18,1085.47998046875,2.9100000858306885,0.15552099533437014,-8.255841709525551
2ppo_2hybrid,3,0,ppo,19,1147.52001953125,3.180000066757202,0.1477650535648319,-8.590730235684962
2ppo_2hybrid,3,0,ppo,20,1142.56005859375,2.819999933242798,0.14316392269148176,-8.891928498077666
2ppo_2hybrid,3,0,ppo,21,1057.31005859375,2.299999952316284,0.1343183344526528,-8.54173730252652
2ppo_2hybrid,3,0,ppo,22,1005.72998046875,2.3499999046325684,0.1304631441617743,-7.9682261883784795
2ppo_2hybrid,3,0,ppo,23,1036.030029296875,2.740000009536743,0.12243648607284971,-7.865173255577707
2ppo_2hybrid,3,0,ppo,24,1075.4000244140625,2.740000009536743,0.11947431302270012,-8.252948860649283
2ppo_2hybrid,3,0,ppo,25,1125.1500244140625,2.809999942779541,0.11226494527083918,-8.666030191902761
2ppo_2hybrid,3,0,ppo,26,1168.22998046875,2.7799999713897705,0.10961907371882708,-9.121537980735383
2ppo_2hybrid,3,0,ppo,27,1206.949951171875,2.8299999237060547,0.1037344398340249,-9.446968467680744
2ppo_2hybrid,3,0,ppo,28,1223.969970703125,2.8299999237060547,0.10154861640010154,-9.612797016125398
2ppo_2hybrid,3,0,ppo,29,1229.4100341796875,2.9000000953674316,0.09758477677482313,-9.589269799979089
2ppo_2hybrid,3,0,ppo,30,1227.3699951171875,2.930000066757202,0.09436187780136825,-9.53242364001741
2ppo_2hybrid,3,0,ppo,31,1233.81005859375,2.9600000381469727,0.09076469253460404,-9.559629932859735
2ppo_2hybrid,3,0,ppo,32,1225.8599853515625,3.0,0.08787346221441125,-9.434346777944448
2ppo_2hybrid,3,0,ppo,33,1235.02001953125,2.990000009536743,0.08521516829995739,-9.53063052237567
2ppo_2hybrid,3,0,ppo,34,1245.3699951171875,2.9800000190734863,0.08218615163344976,-9.63807223536529
2ppo_2hybrid,3,0,ppo,35,1253.5899658203125,2.9600000381469727,0.08115236356258876,-9.73820434718133
2ppo_2hybrid,3,0,ppo,36,1260.81005859375,2.9600000381469727,0.07757951900698215,-9.803259585804492
2ppo_2hybrid,3,0,ppo,37,1272.300048828125,2.940000057220459,0.07627765064836003,-9.935555732357512
2ppo_2hybrid,3,0,ppo,38,1233.0400390625,3.0199999809265137,0.07321984257733846,-9.456840094853163
2ppo_2hybrid,3,0,ppo,39,1194.969970703125,3.0,0.09005763688760807,-9.129814980806467
2ppo_2hybrid,3,1,ppo,0,165.75799560546875,2.4100000858306885,0.0,0.7524201297760009
2ppo_2hybrid,3,1,ppo,1,195.24099731445312,2.4200000762939453,0.0,0.46759010314941407
2ppo_2hybrid,3,1,ppo,2,221.56900024414062,2.390000104904175,0.0,0.17431010246276868
2ppo_2hybrid,3,1,ppo,3,250.1179962158203,2.440000057220459,0.0,-0.061179904937743945
2ppo_2hybrid,3,1,ppo,4,274.25799560546875,2.430000066757202,0.0,-0.31257988929748537
2ppo_2hybrid,3,1,ppo,5,301.67401123046875,2.450000047683716,0.0,-0.5667400646209715
2ppo_2hybrid,3,1,ppo,6,329.5559997558594,2.4100000858306885,0.0,-0.8855599117279054
2ppo_2hybrid,3,1,ppo,7,354.3479919433594,2.4100000858306885,0.0,-1.1334798336029053
2ppo_2hybrid,3,1,ppo,8,381.3330078125,2.4200000762939453,0.0,-1.3933300018310546
2ppo_2hybrid,3,1,ppo,9,407.8030090332031,2.430000066757202,0.0,-1.6480300235748295
2ppo_2hybrid,3,1,ppo,10,434.57000732421875,2.4000000953674316,0.0,-1.9456999778747557
2ppo_2hybrid,3,1,ppo,11,489.1549987792969,2.380000114440918,0.0,-2.5115498733520507
2ppo_2hybrid,3,1,ppo,12,562.9539794921875,2.309999942779541,0.12845215157353887,-3.576444155289412
2ppo_2hybrid,3,1,ppo,13,610.8300170898438,1.4800000190734863,0.12172854534388314,-4.871757242512717
2ppo_2hybrid,3,1,ppo,14,689.4249877929688,1.4199999570846558,0.11547344110854503,-5.705196803062122
2ppo_2hybrid,3,1,ppo,15,791.9180297851562,1.340000033378601,0.11148272017837235,-6.802145704829707
2ppo_2hybrid,3,1,ppo,16,892.052001953125,1.1799999475479126,0.10828370330265295,-7.957087478588643
2ppo_2hybrid,3,1,ppo,17,1021.969970703125,1.1399999856948853,0.10498687664041995,-9.289673474617205
2ppo_2hybrid,3,1,ppo,18,1066.1099853515625,1.149999976158142,0.10198878123406425,-9.715077439825611
2ppo_2hybrid,3,1,ppo,19,1154.2900390625,1.1200000047683716,0.09891196834817013,-10.620724322552968
2ppo_2hybrid,3,1,ppo,20,1130.3299560546875,1.149999976158142,0.09615384615384616,-10.345607276696425
2ppo_2hybrid,3,1,ppo,21,1059.8800048828125,1.2000000476837158,0.09250693802035152,-9.583813877185111
2ppo_2hybrid,3,1,ppo,22,1035.27001953125,1.2000000476837158,0.09095043201455207,-9.33460101165789
2ppo_2hybrid,3,1,ppo,23,1033.030029296875,1.309999942779541,0.08722197993894461,-9.1947443100671
2ppo_2hybrid,3,1,ppo,24,1070.3199462890625,1.2799999713897705,0.08576329331046312,-9.59472607812178
2ppo_2hybrid,3,1,ppo,25,1124.06005859375,1.25,0.0827129859387924,-10.156026557815085
2ppo_2hybrid,3,1,ppo,26,1142.0799560546875,1.2100000381469727,0.08203445447087777,-10.374868431341659
2ppo_2hybrid,3,1,ppo,27,1202.8499755859375,1.1799999475479126,0.08028904054596547,-11.009077889403393
2ppo_2hybrid,3,1,ppo,28,1217.5699462890625,1.0800000429153442,0.15866719555731854,-11.413033811089917
2ppo_2hybrid,3,1,ppo,29,1231.9000244140625,0.8949999809265137,0.15673981191222572,-11.737479887038562
2ppo_2hybrid,3,1,ppo,30,1226.1500244140625,0.7910000085830688,0.15503875968992248,-11.780577754937402
2ppo_2hybrid,3,1,ppo,31,1238.9200439453125,0.6859999895095825,0.15337423312883436,-12.00994891620121
2ppo_2hybrid,3,1,ppo,32,1237.0899658203125,0.5659999847412109,0.15122873345935728,-12.107357140380628
2ppo_2hybrid,3,1,ppo,33,1240.8499755859375,0.5709999799728394,0.1504890895410083,-12.138477954968552
2ppo_2hybrid,3,1,ppo,34,1243.010009765625,0.6039999723434448,0.14749262536873156,-12.121085376050269
2ppo_2hybrid,3,1,ppo,35,1255.8499755859375,0.6190000176429749,0.14678899082568808,-12.233077719867776
2ppo_2hybrid,3,1,ppo,36,1260.1199951171875,0.6420000195503235,0.144248106743599,-12.24769614510875
2ppo_2hybrid,3,1,ppo,37,1264.989990234375,0.6470000147819519,0.14336917562724014,-12.289638238816277
2ppo_2hybrid,3,1,ppo,38,1256.989990234375,0.652999997138977,0.14149274849663954,-12.199885402198051
2ppo_2hybrid,3,1,ppo,39,1220.6800537109375,0.656000018119812,0.13971358714635,-11.830227693282263
2ppo_2hybrid,3,2,hybrid,0,166.60000610351562,2.4100000858306885,0.0,0.7440000247955323
2ppo_2hybrid,3,2,hybrid,1,194.59500122070312,2.359999895095825,0.0,0.41404988288879396
2ppo_2hybrid,3,2,hybrid,2,222.37100219726562,2.369999885559082,0.0,0.14628986358642582
2ppo_2hybrid,3,2,hybrid,3,248.28900146484375,2.390000104904175,0.0,-0.09288990974426259
2ppo_2hybrid,3,2,hybrid,4,272.6189880371094,2.369999885559082,0.0,-0.3561899948120115
2ppo_2hybrid,3,2,hybrid,5,299.95599365234375,2.369999885559082,0.0,-0.6295600509643555
2ppo_2hybrid,3,2,hybrid,6,326.1629943847656,2.369999885559082,0.0,-0.8916300582885741
2ppo_2hybrid,3,2,hybrid,7,354.9429931640625,2.4100000858306885,0.0,-1.1394298458099366
2ppo_2hybrid,3,2,hybrid,8,379.68499755859375,2.359999895095825,0.0,-1.436850080490112
2ppo_2hybrid,3,2,hybrid,9,405.6470031738281,2.380000114440918,0.0,-1.6764699172973634
2ppo_2hybrid,3,2,hybrid,10,441.2850036621094,2.4000000953674316,0.0,-2.012849941253662
2ppo_2hybrid,3,2,hybrid,11,494.77801513671875,2.4200000762939453,0.0,-2.5277800750732418
2ppo_2hybrid,3,2,hybrid,12,574.6300048828125,2.430000066757202,0.0,-3.316299982070923
2ppo_2hybrid,3,2,hybrid,13,618.18798828125,2.740000009536743,0.0,-3.4418798732757567
2ppo_2hybrid,3,2,hybrid,14,690.9569702148438,2.700000047683716,0.0,-4.209569654464722
2ppo_2hybrid,3,2,hybrid,15,803.8699951171875,2.7699999809265137,0.0,-5.268699970245361
2ppo_2hybrid,3,2,hybrid,16,944.0139770507812,2.700000047683716,0.08814455707360071,-6.916428836971298
2ppo_2hybrid,3,2,hybrid,17,1044.010009765625,2.700000047683716,0.08536064874093043,-7.910821347454395
2ppo_2hybrid,3,2,hybrid,18,1090.06005859375,2.5999999046325684,0.08130081300813008,-8.463202307321191
2ppo_2hybrid,3,2,hybrid,19,1149.0899658203125,2.1600000858306885,0.07880220646178093,-9.488503985296
2ppo_2hybrid,3,2,hybrid,20,1144.510009765625,1.8899999856948853,0.075046904315197,-9.705193920591759
2ppo_2hybrid,3,2,hybrid,21,1062.1800537109375,1.909999966621399,0.07249003262051468,-8.856780635729004
2ppo_2hybrid,3,2,hybrid,22,1004.3099975585938,2.119999885559082,0.06887052341597796,-8.06084113685881
2ppo_2hybrid,3,2,hybrid,23,1035.8800048828125,2.450000047683716,0.06613756613756613,-8.04107513341954
2ppo_2hybrid,3,2,hybrid,24,1071.219970703125,2.5,0.06341154090044387,-8.339022788832137
2ppo_2hybrid,3,2,hybrid,25,1124.6800537109375,2.490000009536743,0.06101281269066504,-8.87882615295396
2ppo_2hybrid,3,2,hybrid,26,1163.510009765625,2.4800000190734863,0.05858230814294083,-9.272264694868646
2ppo_2hybrid,3,2,hybrid,27,1202.27001953125,2.450000047683716,0.05688282138794084,-9.686465790404666
2ppo_2hybrid,3,2,hybrid,28,1225.6700439453125,2.450000047683716,0.05448106782892945,-9.915662527427267
2ppo_2hybrid,3,2,hybrid,29,1227.6300048828125,2.4700000286102295,0.05296610169491525,-9.912232223607726
2ppo_2hybrid,3,2,hybrid,30,1231.43994140625,2.490000009536743,0.051308363263211906,-9.92701613105218
2ppo_2hybrid,3,2,hybrid,31,1234.3699951171875,2.5,0.050226017076845805,-9.944151985325567
2ppo_2hybrid,3,2,hybrid,32,1228.030029296875,2.509999990463257,0.048484848484848485,-9.867269999475191
2ppo_2hybrid,3,2,hybrid,33,1232.219970703125,2.4800000190734863,0.047326076668244205,-9.936851841294253
2ppo_2hybrid,3,2,hybrid,34,1244.6700439453125,2.490000009536743,0.045840018336007336,-10.048380466588396
2ppo_2hybrid,3,2,hybrid,35,1250.9000244140625,2.5,0.04452359750667854,-10.098047439153982
2ppo_2hybrid,3,2,hybrid,36,1261.239990234375,2.5,0.04363001745200698,-10.199659937247764
2ppo_2hybrid,3,2,hybrid,37,1272.9599609375,2.5199999809265137,0.04269854824935952,-10.294996724947206
2ppo_2hybrid,3,2,hybrid,38,1239.3299560546875,2.2100000381469727,0.1266089892382359,-10.436517500876375
2ppo_2hybrid,3,2,hybrid,39,1184.989990234375,1.7400000095367432,0.12448132780082988,-10.358862548408666
2ppo_2hybrid,3,3,hybrid,0,166.5749969482422,2.3399999141693115,0.0,0.6742499446868897
2ppo_2hybrid,3,3,hybrid,1,194.51600646972656,2.359999895095825,0.0,0.41483983039855965
2ppo_2hybrid,3,3,hybrid,2,221.78399658203125,2.390000104904175,0.0,0.17216013908386252
2ppo_2hybrid,3,3,hybrid,3,245.5449981689453,2.299999952316284,0.0,-0.15545002937316887
2ppo_2hybrid,3,3,hybrid,4,274.8160095214844,2.319999933242798,0.0,-0.4281601619720461
2ppo_2hybrid,3,3,hybrid,5,297.2829895019531,2.3299999237060547,0.0,-0.6428299713134766
2ppo_2hybrid,3,3,hybrid,6,328.5199890136719,2.369999885559082,0.0,-0.9152000045776365
2ppo_2hybrid,3,3,hybrid,7,354.8909912109375,2.369999885559082,0.0,-1.1789100265502928
2ppo_2hybrid,3,3,hybrid,8,378.99200439453125,2.359999895095825,0.0,-1.4299201488494875
2ppo_2hybrid,3,3,hybrid,9,407.4410095214844,2.3399999141693115,0.0,-1.734410181045532
2ppo_2hybrid,3,3,hybrid,10,442.1260070800781,2.390000104904175,0.0,-2.0312599658966066
2ppo_2hybrid,3,3,hybrid,11,503.80999755859375,2.450000047683716,0.0,-2.5880999279022214
2ppo_2hybrid,3,3,hybrid,12,583.0050048828125,2.450000047683716,0.0,-3.380050001144409
2ppo_2hybrid,3,3,hybrid,13,616.6430053710938,2.630000114440918,0.0,-3.536429939270019
2ppo_2hybrid,3,3,hybrid,14,704.9039916992188,2.680000066757202,0.0,-4.369039850234985
2ppo_2hybrid,3,3,hybrid,15,782.8330078125,2.75,0.0,-5.078330078125
2ppo_2hybrid,3,3,hybrid,16,934.6530151367188,2.630000114440918,0.0,-6.716530036926269
2ppo_2hybrid,3,3,hybrid,17,1010.1799926757812,2.6700000762939453,0.0,-7.431799850463868
2ppo_2hybrid,3,3,hybrid,18,1089.02001953125,2.940000057220459,0.0,-7.9502001380920415
2ppo_2hybrid,3,3,hybrid,19,1154.6099853515625,3.049999952316284,0.14700477765527378,-8.790109456509889
2ppo_2hybrid,3,3,hybrid,20,1144.3399658203125,3.690000057220459,0.13951866062085805,-8.032436922224383
2ppo_2hybrid,3,3,hybrid,21,1089.0899658203125,3.3399999141693115,0.13382402141184344,-7.818547786857501
2ppo_2hybrid,3,3,hybrid,22,997.4619750976562,2.7200000286102295,0.12410797393732548,-7.502835670240985
2ppo_2hybrid,3,3,hybrid,23,1033.2099609375,2.9700000286102295,0.12088244182532487,-7.60386446441542
2ppo_2hybrid,3,3,hybrid,24,1087.1099853515625,3.0899999141693115,0.1122334455667789,-8.005566830479871
2ppo_2hybrid,3,3,hybrid,25,1123.8199462890625,3.0299999713897705,0.11010184420589045,-8.428403179912635
2ppo_2hybrid,3,3,hybrid,26,1173.9300537109375,3.130000114440918,0.10338588782631171,-8.81607219832108
2ppo_2hybrid,3,3,hybrid,27,1192.43994140625,3.140000104904175,0.10111223458038422,-8.986623778319093
2ppo_2hybrid,3,3,hybrid,28,1225.6400146484375,3.200000047683716,0.09615384615384616,-9.248707791108352
2ppo_2hybrid,3,3,hybrid,29,40.05400085449219,3.2899999618530273,0.09254974548819991,2.7043604623317057
2ppo_2hybrid,3,3,hybrid,30,1231.52001953125,3.359999895095825,0.08904719501335707,-9.133294690243389
2ppo_2hybrid,3,3,hybrid,31,1236.6099853515625,3.430000066757202,0.08536064874093043,-9.106821084240284
2ppo_2hybrid,3,3,hybrid,32,1226.8900146484375,3.490000009536743,0.08276432857438444,-8.944428794096401
2ppo_2hybrid,3,3,hybrid,33,1235.199951171875,3.490000009536743,0.07927070947284978,-9.020540921127706
2ppo_2hybrid,3,3,hybrid,34,1246.4000244140625,3.490000009536743,0.07763975155279502,-9.12927973770947
2ppo_2hybrid,3,3,hybrid,35,1254.8800048828125,3.4700000286102295,0.07386888273314866,-9.226537785684194
2ppo_2hybrid,3,3,hybrid,36,1262.550048828125,3.450000047683716,0.0730727073438071,-9.32164585528515
2ppo_2hybrid,3,3,hybrid,37,1271.4200439453125,3.440000057220459,0.07023705004389816,-9.414674482320462
2ppo_2hybrid,3,3,hybrid,38,1260.699951171875,3.490000009536743,0.06855184233076264,-9.254103186843532
2ppo_2hybrid,3,3,hybrid,39,1187.989990234375,3.4700000286102295,0.06611570247933884,-8.542131278692198
2ppo_2hybrid,4,0,ppo,0,164.21800231933594,2.4200000762939453,0.0,0.7778200531005859
2ppo_2hybrid,4,0,ppo,1,194.9949951171875,2.4200000762939453,0.0,0.47005012512207034
2ppo_2hybrid,4,0,ppo,2,223.32400512695312,2.450000047683716,0.0,0.21675999641418464
2ppo_2hybrid,4,0,ppo,3,249.48899841308594,2.440000057220459,0.0,-0.05488992691040018
2ppo_2hybrid,4,0,ppo,4,272.6719970703125,2.4700000286102295,0.0,-0.2567199420928956
2ppo_2hybrid,4,0,ppo,5,301.1189880371094,2.4100000858306885,0.0,-0.6011897945404052
2ppo_2hybrid,4,0,ppo,6,328.6659851074219,2.4100000858306885,0.0,-0.8766597652435304
2ppo_2hybrid,4,0,ppo,7,352.802001953125,2.380000114440918,0.20366598778004075,-1.5553518806504136
2ppo_2hybrid,4,0,ppo,8,356.0369873046875,1.690000057220459,0.18535681186283595,-2.2410834395520878
2ppo_2hybrid,4,0,ppo,9,375.2080078125,1.7699999809265137,0.1724137931034483,-2.3269076834053832
2ppo_2hybrid,4,0,ppo,10,413.6210021972656,1.7799999713897705,0.15822784810126583,-2.672665746785417
2ppo_2hybrid,4,0,ppo,11,473.3789978027344,1.690000057220459,0.14716703458425312,-3.3381239899753905
2ppo_2hybrid,4,0,ppo,12,538.5910034179688,1.5399999618530273,0.1394700139470014,-4.124850100220663
2ppo_2hybrid,4,0,ppo,13,617.3270263671875,1.3700000047683716,0.133422281521014,-5.070114821945531
2ppo_2hybrid,4,0,ppo,14,687.7269897460938,1.2300000190734863,0.12953367875647667,-5.906337235900405
2ppo_2hybrid,4,0,ppo,15,765.718017578125,1.090000033378601,0.12523481527864747,-6.817649772959944
2ppo_2hybrid,4,0,ppo,16,881.9240112304688,0.9760000109672546,0.12070006035003017,-8.084640222037493
2ppo_2hybrid,4,0,ppo,17,922.8280029296875,0.9399999976158142,0.11848341232227488,-8.525246856325612
2ppo_2hybrid,4,0,ppo,18,40.06999969482422,0.9020000100135803,0.11494252873563218,0.2714149555940738
2ppo_2hybrid,4,0,ppo,19,1039.56005859375,0.8500000238418579,0.11267605633802817,-9.770952674771697
2ppo_2hybrid,4,0,ppo,20,1100.06005859375,0.8360000252723694,0.10952902519167579,-10.383658611048482
2ppo_2hybrid,4,0,ppo,21,1087.2099609375,0.8669999837875366,0.10712372790573112,-10.219347081398926
2ppo_2hybrid,4,0,ppo,22,1033.1700439453125,0.8859999775886536,0.10378827192527244,-9.653277005715015
2ppo_2hybrid,4,0,ppo,23,1002.5599975585938,0.9549999833106995,0.10121457489878542,-9.273029142072808
2ppo_2hybrid,4,0,ppo,24,1021.469970703125,1.0700000524520874,0.097799511002445,-9.340298676584053
2ppo_2hybrid,4,0,ppo,25,1085.030029296875,1.149999976158142,0.09394081728511038,-9.88818195138083
2ppo_2hybrid,4,0,ppo,26,1121.1800537109375,1.159999966621399,0.18484288354898337,-10.421486337585943
2ppo_2hybrid,4,0,ppo,27,1176.300048828125,1.2300000190734863,0.18173557473875512,-10.896471618685274
2ppo_2hybrid,4,0,ppo,28,1219.760009765625,1.1299999952316284,0.1771479185119575,-11.421895939448538
2ppo_2hybrid,4,0,ppo,29,1230.72998046875,0.9700000286102295,0.1738374619730552,-11.68497470002338
2ppo_2hybrid,4,0,ppo,30,1238.489990234375,0.8880000114440918,0.16941973739940702,-11.835739365698473
2ppo_2hybrid,4,0,ppo,31,1261.739990234375,0.9129999876022339,0.1665972511453561,-12.03759441703223
2ppo_2hybrid,4,0,ppo,32,1290.25,0.9739999771118164,0.16200891049007696,-12.252517843868338
2ppo_2hybrid,4,0,ppo,33,1306.2099609375,0.996999979019165,0.15987210231814547,-12.384843834992125
2ppo_2hybrid,4,0,ppo,34,40.06999969482422,1.0299999713897705,0.15582391897156214,0.31765213649840407
2ppo_2hybrid,4,0,ppo,35,1341.31005859375,1.0800000429153442,0.15232292460015232,-12.63774639222246
2ppo_2hybrid,4,0,ppo,36,1306.6199951171875,1.1200000047683716,0.14908684308609765,-12.244373632575698
2ppo_2hybrid,4,0,ppo,37,1246.25,1.1200000047683716,0.1456133964324718,-11.633726788096572
2ppo_2hybrid,4,0,ppo,38,1230.1800537109375,1.159999966621399,0.1430615164520744,-11.427923603392125
2ppo_2hybrid,4,0,ppo,39,1256.0699462890625,1.2200000286102295,0.1388888888888889,-11.618477212058174
2ppo_2hybrid,4,1,ppo,0,166.01600646972656,2.4000000953674316,0.0,0.739840030670166
2ppo_2hybrid,4,1,ppo,1,195.33299255371094,2.4200000762939453,0.0,0.46667015075683604
2ppo_2hybrid,4,1,ppo,2,222.9250030517578,2.369999885559082,0.0,0.14074985504150384
2ppo_2hybrid,4,1,ppo,3,250.01499938964844,2.440000057220459,0.0,-0.060149936676025195
2ppo_2hybrid,4,1,ppo,4,273.9779968261719,2.440000057220459,0.0,-0.2997799110412598
2ppo_2hybrid,4,1,ppo,5,301.25201416015625,2.4200000762939453,0.0,-0.592520065307617
2ppo_2hybrid,4,1,ppo,6,328.83599853515625,2.4100000858306885,0.0,-0.8783598995208739
2ppo_2hybrid,4,1,ppo,7,352.6629943847656,2.4100000858306885,0.0,-1.1166298580169678
2ppo_2hybrid,4,1,ppo,8,353.2860107421875,2.559999942779541,0.0,-0.9728601646423338
2ppo_2hybrid,4,1,ppo,9,375.5159912109375,2.619999885559082,0.0,-1.135160026550293
2ppo_2hybrid,4,1,ppo,10,414.41400146484375,2.6500000953674316,0.0,-1.4941399192810056
2ppo_2hybrid,4,1,ppo,11,474.35198974609375,2.690000057220459,0.0,-2.0535198402404786
2ppo_2hybrid,4,1,ppo,12,542.3519897460938,2.740000009536743,0.0,-2.683519887924194
2ppo_2hybrid,4,1,ppo,13,621.0250244140625,2.7699999809265137,0.0,-3.4402502632141116
2ppo_2hybrid,4,1,ppo,14,709.1829833984375,2.8399999141693115,0.0,-4.251829919815063
2ppo_2hybrid,4,1,ppo,15,773.3280029296875,2.8299999237060547,0.0,-4.90328010559082
2ppo_2hybrid,4,1,ppo,16,898.2150268554688,2.990000009536743,0.0,-5.992150259017944
2ppo_2hybrid,4,1,ppo,17,935.072021484375,3.130000114440918,0.0,-6.220720100402833
2ppo_2hybrid,4,1,ppo,18,990.9149780273438,3.490000009536743,0.0,-6.419149770736695
2ppo_2hybrid,4,1,ppo,19,1062.4100341796875,3.6500000953674316,0.1315356790529431,-7.23717160453533
2ppo_2hybrid,4,1,ppo,20,1097.06005859375,4.150000095367432,0.12426219322771047,-7.069124877025489
2ppo_2hybrid,4,1,ppo,21,1087.6400146484375,4.440000057220459,0.23781212841854935,-6.912024346101015
2ppo_2hybrid,4,1,ppo,22,1007.2899780273438,3.5299999713897705,0.22541561003099464,-6.993731028945657
2ppo_2hybrid,4,1,ppo,23,996.9229736328125,3.3299999237060547,0.21493820526598603,-7.069106223154042
2ppo_2hybrid,4,1,ppo,24,1033.9100341796875,3.4000000953674316,0.2059202059202059,-7.350940658269856
2ppo_2hybrid,4,1,ppo,25,1082.1700439453125,3.390000104904175,0.19646365422396855,-7.824627642996887
2ppo_2hybrid,4,1,ppo,26,1131.4000244140625,3.369999885559082,0.18827959519887033,-8.320559548979283
2ppo_2hybrid,4,1,ppo,27,1192.8299560546875,3.390000104904175,0.17957351290684623,-8.897446481456393
2ppo_2hybrid,4,1,ppo,28,1218.2900390625,3.4600000381469727,0.17274886633556466,-9.068398085149157
2ppo_2hybrid,4,1,ppo,29,1230.6199951171875,3.559999942779541,0.16673614005835766,-9.079672288509048
2ppo_2hybrid,4,1,ppo,30,1243.780029296875,3.6600000858306885,0.1597125174685566,-9.097225242075176
2ppo_2hybrid,4,1,ppo,31,1265.8699951171875,3.6600000858306885,0.15615850087839156,-9.31101686709797
2ppo_2hybrid,4,1,ppo,32,1298.4300537109375,3.700000047683716,0.14814814814814814,-9.580596785721955
2ppo_2hybrid,4,1,ppo,33,1311.6400146484375,3.690000057220459,0.16357688113413305,-9.753553851532182
2ppo_2hybrid,4,1,ppo,34,1327.3499755859375,3.700000047683716,0.15943312666076173,-9.892365961497182
2ppo_2hybrid,4,1,ppo,35,1343.0400390625,3.690000057220459,0.1557632398753894,-10.051926813155319
2ppo_2hybrid,4,1,ppo,36,1291.4000244140625,3.25,0.15212981744421908,-9.968259879029064
2ppo_2hybrid,4,1,ppo,37,1221.300048828125,2.5999999046325684,0.14768624876928127,-9.908373081187243
2ppo_2hybrid,4,1,ppo,38,1232.510009765625,2.6600000858306885,0.14591439688715954,-9.95692880559988
2ppo_2hybrid,4,1,ppo,39,1259.199951171875,2.880000114440918,0.14091122592766558,-9.993821849133163
2ppo_2hybrid,4,2,hybrid,0,167.5970001220703,2.4000000953674316,0.0,0.7240300941467286
2ppo_2hybrid,4,2,hybrid,1,195.65499877929688,2.4200000762939453,0.0,0.46345008850097646
2ppo_2hybrid,4,2,hybrid,2,223.19900512695312,2.3499999046325684,0.0,0.11800985336303693
2ppo_2hybrid,4,2,hybrid,3,248.2949981689453,2.390000104904175,0.0,-0.09294987678527811
2ppo_2hybrid,4,2,hybrid,4,272.5989990234375,2.369999885559082,0.0,-0.35599010467529313
2ppo_2hybrid,4,2,hybrid,5,299.92401123046875,2.380000114440918,0.0,-0.6192399978637697
2ppo_2hybrid,4,2,hybrid,6,327.3760070800781,2.359999895095825,0.0,-0.9137601757049563
2ppo_2hybrid,4,2,hybrid,7,354.4620056152344,2.4100000858306885,0.0,-1.1346199703216553
2ppo_2hybrid,4,2,hybrid,8,353.6549987792969,2.549999952316284,0.0,-0.9865500354766845
2ppo_2hybrid,4,2,hybrid,9,379.28399658203125,2.619999885559082,0.0,-1.1728400802612304
2ppo_2hybrid,4,2,hybrid,10,415.4580078125,2.5999999046325684,0.0,-1.5545801734924316
2ppo_2hybrid,4,2,hybrid,11,470.489013671875,2.609999895095825,0.0,-2.0948902416229247
2ppo_2hybrid,4,2,hybrid,12,539.9349975585938,2.690000057220459,0.0,-2.7093499183654783
2ppo_2hybrid,4,2,hybrid,13,618.3880004882812,2.759999990463257,0.0,-3.423880014419556
2ppo_2hybrid,4,2,hybrid,14,699.1890258789062,2.7699999809265137,0.0,-4.221890277862549
2ppo_2hybrid,4,2,hybrid,15,801.2020263671875,2.859999895095825,0.09254974548819991,-5.33711985955245
2ppo_2hybrid,4,2,hybrid,16,885.3980102539062,2.7899999618530273,0.2684563758389262,-6.600892892363887
2ppo_2hybrid,4,2,hybrid,17,927.9310302734375,2.25,0.25762129669386,-7.544552896122095
2ppo_2hybrid,4,2,hybrid,18,970.4520263671875,1.850000023841858,0.24937655860349128,-8.353273357036999
2ppo_2hybrid,4,2,hybrid,19,1046.3199462890625,1.7300000190734863,0.24048096192384769,-9.214161367664834
2ppo_2hybrid,4,2,hybrid,20,1107.3199462890625,1.659999966621399,0.23237800154918667,-9.877955499367598
2ppo_2hybrid,4,2,hybrid,21,1082.6700439453125,1.7799999713897705,0.22371364653243847,-9.494127761128231
2ppo_2hybrid,4,2,hybrid,22,1008.2999877929688,1.909999966621399,0.21231422505307856,-8.597628361414445
2ppo_2hybrid,4,2,hybrid,23,1001.219970703125,2.0899999141693115,0.20380434782608695,-8.329808488514113
2ppo_2hybrid,4,2,hybrid,24,1040.1099853515625,2.259999990463257,0.1949317738791423,-8.530963410810653
2ppo_2hybrid,4,2,hybrid,25,1087.4599609375,2.2100000381469727,0.1894537417113988,-9.043507054650824
2ppo_2hybrid,4,2,hybrid,26,1136.8699951171875,2.190000057220459,0.18242626938279113,-9.543552432716998
2ppo_2hybrid,4,2,hybrid,27,1187.22998046875,2.0999999046325684,0.17915795759928338,-10.130615815253499
2ppo_2hybrid,4,2,hybrid,28,1219.030029296875,2.0899999141693115,0.17306028266512835,-10.446420944129695
2ppo_2hybrid,4,2,hybrid,29,1230.050048828125,2.0899999141693115,0.16915703411333521,-10.548814642338609
2ppo_2hybrid,4,2,hybrid,30,1241.68994140625,2.0799999237060547,0.16415868673050615,-10.665216863817458
2ppo_2hybrid,4,2,hybrid,31,1266.8900146484375,2.0399999618530273,0.15906680805938495,-10.947033800750118
2ppo_2hybrid,4,2,hybrid,32,1291.2099609375,1.9900000095367432,0.155561317085818,-11.233222234009892
2ppo_2hybrid,4,2,hybrid,33,1309.9100341796875,1.9900000095367432,0.15045135406218657,-11.410003040384506
2ppo_2hybrid,4,2,hybrid,34,1330.7099609375,1.9700000286102295,0.14738393515106854,-11.631867451066906
2ppo_2hybrid,4,2,hybrid,35,1344.3499755859375,1.9700000286102295,0.1440922190201729,-11.761684165289491
2ppo_2hybrid,4,2,hybrid,36,1336.989990234375,1.9700000286102295,0.14111006585136407,-11.682120005436248
2ppo_2hybrid,4,2,hybrid,37,1229.050048828125,2.059999942779541,0.1367677228174151,-10.50403599113654
2ppo_2hybrid,4,2,hybrid,38,1228.52001953125,2.0999999046325684,0.13253810470510272,-10.450276500090137
2ppo_2hybrid,4,2,hybrid,39,1259.199951171875,2.369999885559082,0.128562245553889,-10.479124117267446
2ppo_2hybrid,4,3,hybrid,0,166.45899963378906,2.3399999141693115,0.0,0.6754099178314208
2ppo_2hybrid,4,3,hybrid,1,194.82899475097656,2.3299999237060547,0.0,0.381709976196289
2ppo_2hybrid,4,3,hybrid,2,222.99000549316406,2.369999885559082,0.0,0.14009983062744125
2ppo_2hybrid,4,3,hybrid,3,245.61599731445312,2.299999952316284,0.0,-0.15616002082824698
2ppo_2hybrid,4,3,hybrid,4,273.8489990234375,2.3399999141693115,0.0,-0.39849007606506337
2ppo_2hybrid,4,3,hybrid,5,297.0849914550781,2.3399999141693115,0.0,-0.6308500003814697
2ppo_2hybrid,4,3,hybrid,6,328.41400146484375,2.380000114440918,0.0,-0.9041399002075194
2ppo_2hybrid,4,3,hybrid,7,353.87298583984375,2.380000114440918,0.0,-1.1587297439575197
2ppo_2hybrid,4,3,hybrid,8,356.47601318359375,2.490000009536743,0.0,-1.0747601222991943
2ppo_2hybrid,4,3,hybrid,9,380.9230041503906,2.5999999046325684,0.0,-1.209230136871338
2ppo_2hybrid,4,3,hybrid,10,409.8710021972656,2.559999942779541,0.0,-1.5387100791931152
2ppo_2hybrid,4,3,hybrid,11,465.260009765625,2.569999933242798,0.0,-2.082600164413452
2ppo_2hybrid,4,3,hybrid,12,539.823974609375,2.630000114440918,0.0,-2.7682396316528317
2ppo_2hybrid,4,3,hybrid,13,607.781982421875,2.6700000762939453,0.0,-3.4078197479248047
2ppo_2hybrid,4,3,hybrid,14,701.583984375,2.7799999713897705,0.0,-4.23583987236023
2ppo_2hybrid,4,3,hybrid,15,805.4450073242188,2.809999942779541,0.0,-5.244450130462646
2ppo_2hybrid,4,3,hybrid,16,880.885986328125,2.809999942779541,0.0,-5.998859920501708
2ppo_2hybrid,4,3,hybrid,17,940.7319946289062,3.2699999809265137,0.07760962359332557,-6.2925392125492
2ppo_2hybrid,4,3,hybrid,18,997.7570190429688,3.380000114440918,0.1505457282649605,-6.898661532518691
2ppo_2hybrid,4,3,hybrid,19,1057.8800048828125,3.390000104904175,0.1423994304022784,-7.473598804728507
2ppo_2hybrid,4,3,hybrid,20,1097.489990234375,2.9100000858306885,0.13850415512465375,-8.34190812676237
2ppo_2hybrid,4,3,hybrid,21,1081.6500244140625,2.4700000286102295,0.13110455588331696,-8.60870932729703
2ppo_2hybrid,4,3,hybrid,22,1013.1199951171875,2.4700000286102295,0.12662234884457108,-7.914444620250787
2ppo_2hybrid,4,3,hybrid,23,999.219970703125,2.630000114440918,0.12022843402464684,-7.6026564606396265
2ppo_2hybrid,4,3,hybrid,24,1039.6700439453125,2.8399999141693115,0.11527377521613832,-7.787248075716091
2ppo_2hybrid,4,3,hybrid,25,1073.6500244140625,2.869999885559082,0.11046672190002761,-8.087433802381598
2ppo_2hybrid,4,3,hybrid,26,1135.18994140625,2.859999895095825,0.1063264221158958,-8.704552363198466
2ppo_2hybrid,4,3,hybrid,27,1180.3800048828125,2.8499999046325684,0.10167768174885612,-9.157155507693268
2ppo_2hybrid,4,3,hybrid,28,1216.949951171875,2.880000114440918,0.09859502095144196,-9.486689439180715
2ppo_2hybrid,4,3,hybrid,29,1229.6400146484375,2.940000057220459,0.09416195856873823,-9.544724006401392
2ppo_2hybrid,4,3,hybrid,30,1244.5,2.940000057220459,0.09178522257916476,-9.68857038793787
2ppo_2hybrid,4,3,hybrid,31,1267.800048828125,2.9600000381469727,0.08762322015334063,-9.893246890440958
2ppo_2hybrid,4,3,hybrid,32,1294.7099609375,2.9000000953674316,0.08671146759158899,-10.220522449190746
2ppo_2hybrid,4,3,hybrid,33,1312.739990234375,2.890000104904175,0.08324661810613944,-10.403893033651855
2ppo_2hybrid,4,3,hybrid,34,1323.93994140625,2.869999885559082,0.08133387555917039,-10.53206727962176
2ppo_2hybrid,4,3,hybrid,35,1345.3299560546875,2.8399999141693115,0.07919223916056227,-10.771684124698687
2ppo_2hybrid,4,3,hybrid,36,1322.219970703125,2.9000000953674316,0.07629219912263971,-10.474784009909097
2ppo_2hybrid,4,3,hybrid,37,1230.0699462890625,2.869999885559082,0.07468259895444361,-9.58006477524043
2ppo_2hybrid,4,3,hybrid,38,1231.18994140625,2.940000057220459,0.07164606842199535,-9.515191493686032
2ppo_2hybrid,4,3,hybrid,39,1253.8299560546875,3.0899999141693115,0.07099751508697195,-9.590294676551508
2ppo_2hybrid,5,0,ppo,0,164.19400024414062,2.4200000762939453,0.0,0.7780600738525392
2ppo_2hybrid,5,0,ppo,1,194.9340057373047,2.4200000762939453,0.0,0.4706600189208985
2ppo_2hybrid,5,0,ppo,2,222.05099487304688,2.4700000286102295,0.0,0.2494900798797608
2ppo_2hybrid,5,0,ppo,3,249.4759979248047,2.440000057220459,0.0,-0.05475992202758784
2ppo_2hybrid,5,0,ppo,4,272.6789855957031,2.4700000286102295,0.0,-0.25678982734680167
2ppo_2hybrid,5,0,ppo,5,301.8689880371094,2.4800000190734863,0.0,-0.5386898612976072
2ppo_2hybrid,5,0,ppo,6,329.3940124511719,2.4100000858306885,0.0,-0.8839400386810303
2ppo_2hybrid,5,0,ppo,7,352.9830017089844,2.380000114440918,0.20366598778004075,-1.5571618782090073
2ppo_2hybrid,5,0,ppo,8,358.6180114746094,1.6799999475479126,0.186219739292365,-2.278619645782911
2ppo_2hybrid,5,0,ppo,9,374.4930114746094,1.7699999809265137,0.17271157167530224,-2.3203532771701845
2ppo_2hybrid,5,0,ppo,10,407.0690002441406,1.7999999523162842,0.16025641025641027,-2.591202870637942
2ppo_2hybrid,5,0,ppo,11,462.47198486328125,1.7400000095367432,0.14814814814814814,-3.181016135392366
2ppo_2hybrid,5,0,ppo,12,477.8659973144531,1.75,0.1394700139470014,-3.3076000010385345
2ppo_2hybrid,5,0,ppo,13,539.0830078125,1.590000033378601,0.13253810470510272,-4.065906254156604
2ppo_2hybrid,5,0,ppo,14,606.7869873046875,1.399999976158142,0.1265022137887413,-4.920874324466215
2ppo_2hybrid,5,0,ppo,15,625.10302734375,1.399999976158142,0.12135922330097088,-5.093748743881299
2ppo_2hybrid,5,0,ppo,16,641.5780029296875,1.340000033378601,0.11778563015312132,-5.311351256224516
2ppo_2hybrid,5,0,ppo,17,656.4990234375,1.3700000047683716,0.11267605633802817,-5.420342342282685
2ppo_2hybrid,5,0,ppo,18,610.93701171875,1.3700000047683716,0.10828370330265295,-4.955937519024435
2ppo_2hybrid,5,0,ppo,19,624.1119995117188,1.440000057220459,0.10460251046025104,-5.010324958817231
2ppo_2hybrid,5,0,ppo,20,644.89599609375,1.4199999570846558,0.10080645161290322,-5.230572907078651
2ppo_2hybrid,5,0,ppo,21,681.5709838867188,1.4199999570846558,0.0966183574879227,-5.588946596758377
2ppo_2hybrid,5,0,ppo,22,710.4569702148438,1.4299999475479126,0.09293680297397769,-5.86044336054848
2ppo_2hybrid,5,0,ppo,23,733.8690185546875,1.4700000286102295,0.0899685110211426,-6.048627178978931
2ppo_2hybrid,5,0,ppo,24,762.5139770507812,1.5700000524520874,0.08654262224145391,-6.228224962538633
2ppo_2hybrid,5,0,ppo,25,792.2440185546875,1.7000000476837158,0.08244023083264633,-6.387320599528452
2ppo_2hybrid,5,0,ppo,26,814.655029296875,1.7999999523162842,0.07987220447284345,-6.506294749598152
2ppo_2hybrid,5,0,ppo,27,850.6430053710938,1.9600000381469727,0.07587253414264036,-6.698175083849246
2ppo_2hybrid,5,0,ppo,28,884.5339965820312,2.1700000762939453,0.14513788098693758,-6.965615651500242
2ppo_2hybrid,5,0,ppo,29,932.5850219726562,2.319999933242798,0.1413427561837456,-7.288535798851257
2ppo_2hybrid,5,0,ppo,30,937.4459838867188,2.009999990463257,0.137221269296741,-7.638902386997412
2ppo_2hybrid,5,0,ppo,31,912.4539794921875,1.6699999570846558,0.1996007984031936,-7.853741434643606
2ppo_2hybrid,5,0,ppo,32,940.4639892578125,1.7100000381469727,0.1965923984272608,-8.087824651285674
2ppo_2hybrid,5,0,ppo,33,960.9569702148438,1.5399999618530273,0.19206145966709348,-8.453692659629597
2ppo_2hybrid,5,0,ppo,34,996.3040161132812,1.2400000095367432,0.1890359168241966,-9.101111985244463
2ppo_2hybrid,5,0,ppo,35,1016.6400146484375,1.1699999570846558,0.1847859562673237,-9.365972101934366
2ppo_2hybrid,5,0,ppo,36,1096.6099853515625,1.1200000047683716,0.18242626938279113,-10.210952387512835
2ppo_2hybrid,5,0,ppo,37,1148.6099853515625,1.1200000047683716,0.178359096313912,-10.722818041375078
2ppo_2hybrid,5,0,ppo,38,1215.5899658203125,1.0700000524520874,0.17688679245283018,-11.439673190656698
2ppo_2hybrid,5,0,ppo,39,1314.3800048828125,1.0399999618530273,0.17301038062283736,-12.44982084822077
2ppo_2hybrid,5,1,ppo,0,165.8459930419922,2.4000000953674316,0.0,0.7415401649475097
2ppo_2hybrid,5,1,ppo,1,195.17999267578125,2.4200000762939453,0.0,0.46820014953613276
2ppo_2hybrid,5,1,ppo,2,221.55799865722656,2.390000104904175,0.0,0.17442011833190918
2ppo_2hybrid,5,1,ppo,3,250.00999450683594,2.440000057220459,0.0,-0.06009988784790021
2ppo_2hybrid,5,1,ppo,4,274.2720031738281,2.430000066757202,0.0,-0.312719964981079
2ppo_2hybrid,5,1,ppo,5,301.59100341796875,2.4000000953674316,0.0,-0.6159099388122558
2ppo_2hybrid,5,1,ppo,6,330.01300048828125,2.4000000953674316,0.0,-0.900129909515381
2ppo_2hybrid,5,1,ppo,7,352.6990051269531,2.4200000762939453,0.0,-1.106989974975586
2ppo_2hybrid,5,1,ppo,8,354.0450134277344,2.5399999618530273,0.0,-1.0004501724243164
2ppo_2hybrid,5,1,ppo,9,374.4809875488281,2.630000114440918,0.0,-1.114809761047363
2ppo_2hybrid,5,1,ppo,10,411.0509948730469,2.6600000858306885,0.0,-1.4505098628997803
2ppo_2hybrid,5,1,ppo,11,462.9809875488281,2.680000066757202,0.0,-1.9498098087310787
2ppo_2hybrid,5,1,ppo,12,485.82501220703125,3.0999999046325684,0.0,-1.7582502174377446
2ppo_2hybrid,5,1,ppo,13,548.7440185546875,3.2100000381469727,0.0,-2.2774401473999024
2ppo_2hybrid,5,1,ppo,14,614.4030151367188,3.369999885559082,0.0,-2.774030265808105
2ppo_2hybrid,5,1,ppo,15,628.3670043945312,3.880000114440918,0.0,-2.403669929504394
2ppo_2hybrid,5,1,ppo,16,658.0150146484375,4.300000190734863,0.07990411506192568,-2.4399581858733628
2ppo_2hybrid,5,1,ppo,17,641.5380249023438,3.890000104904175,0.1497566454511419,-2.824893435021546
2ppo_2hybrid,5,1,ppo,18,609.218994140625,3.2799999713897705,0.14139271827500885,-3.094975406566497
2ppo_2hybrid,5,1,ppo,19,626.0819702148438,3.4600000381469727,0.13315579227696406,-3.067131248555393
2ppo_2hybrid,5,1,ppo,20,652.4990234375,3.5399999618530273,0.12484394506866417,-3.2346781626593013
2ppo_2hybrid,5,1,ppo,21,686.7230224609375,3.619999885559082,0.11702750146284377,-3.48128534197598
2ppo_2hybrid,5,1,ppo,22,713.7160034179688,3.680000066757202,0.11126564673157163,-3.6796912608856283
2ppo_2hybrid,5,1,ppo,23,738.427978515625,3.7200000286102295,0.10584810796507012,-3.8759759724761604
2ppo_2hybrid,5,1,ppo,24,760.7550048828125,3.700000047683716,0.10167768174885612,-4.110905364642122
2ppo_2hybrid,5,1,ppo,25,794.77001953125,3.680000066757202,0.09626955475330927,-4.4602392380619165
2ppo_2hybrid,5,1,ppo,26,819.8569946289062,3.630000114440918,0.09259259259259259,-4.753755017033329
2ppo_2hybrid,5,1,ppo,27,852.7030029296875,3.509999990463257,0.08966599417171038,-5.196362027177038
2ppo_2hybrid,5,1,ppo,28,889.3330078125,3.4200000762939453,0.08572653236176597,-5.644783066554587
2ppo_2hybrid,5,1,ppo,29,933.77099609375,3.259999990463257,0.08343763037129745,-6.244585231216838
2ppo_2hybrid,5,1,ppo,30,923.4710083007812,3.309999942779541,0.08045052292839903,-6.085611186085069
2ppo_2hybrid,5,1,ppo,31,915.031005859375,3.259999990463257,0.07820136852394917,-6.046712805178391
2ppo_2hybrid,5,1,ppo,32,938.9929809570312,3.2100000381469727,0.07608902415826517,-6.3321078197398695
2ppo_2hybrid,5,1,ppo,33,963.0859985351562,3.200000047683716,0.07319304666056725,-6.577246030988982
2ppo_2hybrid,5,1,ppo,34,993.8809814453125,3.0999999046325684,0.07208506037123806,-6.9829800305630325
2ppo_2hybrid,5,1,ppo,35,1025.969970703125,3.049999952316284,0.06918021445866482,-7.348060183632296
2ppo_2hybrid,5,1,ppo,36,1100.239990234375,2.8399999141693115,0.06839945280437756,-8.299198893783194
2ppo_2hybrid,5,1,ppo,37,1157.1700439453125,2.7899999618530273,0.06602839220864971,-8.913757262017397
2ppo_2hybrid,5,1,ppo,38,1213.5,2.619999885559082,0.06540222367560497,-9.645804561792128
2ppo_2hybrid,5,1,ppo,39,1318.9100341796875,2.569999933242798,0.0957090445047057,-10.81051849756349
2ppo_2hybrid,5,2,hybrid,0,165.74600219726562,2.4000000953674316,0.0,0.7425400733947753
2ppo_2hybrid,5,2,hybrid,1,194.81199645996094,2.359999895095825,0.0,0.41187993049621574
2ppo_2hybrid,5,2,hybrid,2,222.3780059814453,2.369999885559082,0.0,0.146219825744629
2ppo_2hybrid,5,2,hybrid,3,248.2550048828125,2.390000104904175,0.0,-0.0925499439239501
2ppo_2hybrid,5,2,hybrid,4,272.614990234375,2.369999885559082,0.0,-0.35615001678466784
2ppo_2hybrid,5,2,hybrid,5,299.92401123046875,2.380000114440918,0.0,-0.6192399978637697
2ppo_2hybrid,5,2,hybrid,6,329.00299072265625,2.4000000953674316,0.0,-0.8900298118591308
2ppo_2hybrid,5,2,hybrid,7,354.2439880371094,2.4100000858306885,0.0,-1.1324397945404052
2ppo_2hybrid,5,2,hybrid,8,353.8389892578125,2.5399999618530273,0.0,-0.9983899307250979
2ppo_2hybrid,5,2,hybrid,9,379.1239929199219,2.619999885559082,0.0,-1.171240043640137
2ppo_2hybrid,5,2,hybrid,10,406.7300109863281,2.5799999237060547,0.0,-1.4873001861572268
2ppo_2hybrid,5,2,hybrid,11,460.32501220703125,2.6600000858306885,0.0,-1.9432500362396237
2ppo_2hybrid,5,2,hybrid,12,480.8630065917969,3.0199999809265137,0.0,-1.7886300849914551
2ppo_2hybrid,5,2,hybrid,13,542.3820190429688,3.140000104904175,0.0,-2.2838200855255124
2ppo_2hybrid,5,2,hybrid,14,610.6719970703125,3.180000066757202,0.20151133501259447,-3.329742573971112
2ppo_2hybrid,5,2,hybrid,15,627.3839721679688,2.569999933242798,0.285442435775452,-4.274724659987793
2ppo_2hybrid,5,2,hybrid,16,655.8880004882812,2.240000009536743,0.2702702702702703,-4.85942053588661
2ppo_2hybrid,5,2,hybrid,17,659.468017578125,2.2899999618530273,0.25728987993138935,-4.819259973791002
2ppo_2hybrid,5,2,hybrid,18,613.3499755859375,2.430000066757202,0.24193548387096775,-4.187370656844108
2ppo_2hybrid,5,2,hybrid,19,628.5430297851562,2.7899999618530273,0.2276176024279211,-3.9506655408543776
2ppo_2hybrid,5,2,hybrid,20,655.447998046875,2.8399999141693115,0.2145922746781116,-4.143664615655662
2ppo_2hybrid,5,2,hybrid,21,683.0750122070312,2.799999952316284,0.2073255010366275,-4.4454011718272834
2ppo_2hybrid,5,2,hybrid,22,709.551025390625,2.809999942779541,0.1969149983590417,-4.679340307844792
2ppo_2hybrid,5,2,hybrid,23,732.9140014648438,2.759999990463257,0.18915510718789408,-4.947450238560969
2ppo_2hybrid,5,2,hybrid,24,764.0189819335938,2.7200000286102295,0.17974835230677053,-5.279686495339249
2ppo_2hybrid,5,2,hybrid,25,792.7969970703125,2.619999885559082,0.1749271137026239,-5.657824312549291
2ppo_2hybrid,5,2,hybrid,26,818.3699951171875,2.549999952316284,0.16820857863751051,-5.970117156130611
2ppo_2hybrid,5,2,hybrid,27,850.3040161132812,2.4700000286102295,0.16189962223421478,-6.3568393769910125
2ppo_2hybrid,5,2,hybrid,28,888.375,2.369999885559082,0.15843675732770002,-6.830623629096317
2ppo_2hybrid,5,2,hybrid,29,911.9769897460938,2.2699999809265137,0.15408320493066255,-7.157936326395749
2ppo_2hybrid,5,2,hybrid,30,926.3989868164062,2.2899999618530273,0.14906832298136646,-7.272126552273768
2ppo_2hybrid,5,2,hybrid,31,912.9979858398438,2.2899999618530273,0.1447178002894356,-7.129415497124281
2ppo_2hybrid,5,2,hybrid,32,941.93798828125,2.309999942779541,0.14021967749474176,-7.389819295022442
2ppo_2hybrid,5,2,hybrid,33,965.9819946289062,2.309999942779541,0.137520055008022,-7.624860113525565
2ppo_2hybrid,5,2,hybrid,34,991.656005859375,2.319999933242798,0.13321492007104796,-7.862989965493049
2ppo_2hybrid,5,2,hybrid,35,1020.0900268554688,2.359999895095825,0.12998266897746968,-8.100865711413801
2ppo_2hybrid,5,2,hybrid,36,1087.3599853515625,2.2899999618530273,0.12623606143488322,-8.836072014532364
2ppo_2hybrid,5,2,hybrid,37,1155.8299560546875,2.299999952316284,0.12279983626688498,-9.50389928076436
2ppo_2hybrid,5,2,hybrid,38,1226.3699951171875,2.299999952316284,0.11909487892020643,-10.201889756696003
2ppo_2hybrid,5,2,hybrid,39,1312.3299560546875,2.299999952316284,0.11614401858304298,-11.055587645396677
2ppo_2hybrid,5,3,hybrid,0,165.4739990234375,2.3399999141693115,0.0,0.6852599239349366
2ppo_2hybrid,5,3,hybrid,1,194.1790008544922,2.359999895095825,0.0,0.4182098865509034
2ppo_2hybrid,5,3,hybrid,2,221.9739990234375,2.390000104904175,0.0,0.17026011466979973
2ppo_2hybrid,5,3,hybrid,3,245.5679931640625,2.299999952316284,0.0,-0.15567997932434086
2ppo_2hybrid,5,3,hybrid,4,274.8659973144531,2.319999933242798,0.0,-0.4286600399017333
2ppo_2hybrid,5,3,hybrid,5,297.1000061035156,2.3399999141693115,0.0,-0.6310001468658446
2ppo_2hybrid,5,3,hybrid,6,328.9859924316406,2.380000114440918,0.0,-0.9098598098754884
2ppo_2hybrid,5,3,hybrid,7,353.60101318359375,2.380000114440918,0.0,-1.1560100173950194
2ppo_2hybrid,5,3,hybrid,8,357.81298828125,2.4800000190734863,0.0,-1.0981298637390138
2ppo_2hybrid,5,3,hybrid,9,378.9410095214844,2.559999942779541,0.0,-1.2294101524353027
2ppo_2hybrid,5,3,hybrid,10,408.4700012207031,2.5299999713897705,0.14792899408284024,-1.8505580289829417
2ppo_2hybrid,5,3,hybrid,11,454.8070068359375,2.4100000858306885,0.1401541695865452,-2.418378321701777
2ppo_2hybrid,5,3,hybrid,12,476.8389892578125,1.7300000190734863,0.13192612137203166,-3.302242116248702
2ppo_2hybrid,5,3,hybrid,13,544.822998046875,1.6699999570846558,0.12406947890818859,-4.026368981200472
2ppo_2hybrid,5,3,hybrid,14,586.8499755859375,1.6299999952316284,0.11869436201780416,-4.475888484663355
2ppo_2hybrid,5,3,hybrid,15,624.802001953125,1.6799999475479126,0.11267605633802817,-4.793372184659393
2ppo_2hybrid,5,3,hybrid,16,641.3270263671875,1.690000057220459,0.10672358591248667,-4.93671737827639
2ppo_2hybrid,5,3,hybrid,17,663.6749877929688,1.7400000095367432,0.10141987829614604,-5.099589624985236
2ppo_2hybrid,5,3,hybrid,18,610.2650146484375,1.7999999523162842,0.09643201542912247,-4.495514225026336
2ppo_2hybrid,5,3,hybrid,19,627.2550048828125,1.8799999952316284,0.09212344541685859,-4.576796944430214
2ppo_2hybrid,5,3,hybrid,20,652.9580078125,1.7999999523162842,0.0898069151324652,-4.909193956073646
2ppo_2hybrid,5,3,hybrid,21,683.406005859375,1.7200000286102295,0.08646779074794639,-5.286995611479414
2ppo_2hybrid,5,3,hybrid,22,698.7630004882812,1.6699999570846558,0.08375209380234507,-5.485134235402847
2ppo_2hybrid,5,3,hybrid,23,732.718017578125,1.6200000047683716,0.08035355564483729,-5.867887282302553
2ppo_2hybrid,5,3,hybrid,24,765.3359985351562,1.600000023841858,0.07803355442840422,-6.209427070366512
2ppo_2hybrid,5,3,hybrid,25,787.9520263671875,1.5700000524520874,0.07621951219512195,-6.461959235610031
2ppo_2hybrid,5,3,hybrid,26,814.47900390625,1.600000023841858,0.07320644216691069,-6.6912028995544635
2ppo_2hybrid,5,3,hybrid,27,853.06201171875,1.6299999952316284,0.07087172218284904,-7.042363566321569
2ppo_2hybrid,5,3,hybrid,28,878.3330078125,1.6299999952316284,0.06925207756232687,-7.2918342380180245
2ppo_2hybrid,5,3,hybrid,29,923.0800170898438,1.7300000190734863,0.06607201850016518,-7.632944188825281
2ppo_2hybrid,5,3,hybrid,30,926.9639892578125,1.8799999952316284,0.06424670735624799,-7.518133312058993
2ppo_2hybrid,5,3,hybrid,31,918.7529907226562,2.049999952316284,0.061614294516327786,-7.260758543942933
2ppo_2hybrid,5,3,hybrid,32,950.0269775390625,2.359999895095825,0.058513750731421885,-7.2572973817576445
2ppo_2hybrid,5,3,hybrid,33,961.9290161132812,2.5299999713897705,0.056657223796033995,-7.202604637335111
2ppo_2hybrid,5,3,hybrid,34,1001.8099975585938,2.890000104904175,0.052770448548812667,-7.233640767779388
2ppo_2hybrid,5,3,hybrid,35,1021.219970703125,3.0,0.05149330587023687,-7.315186318771723
2ppo_2hybrid,5,3,hybrid,36,1101.949951171875,3.309999942779541,0.047607712449416806,-7.804714993838044
2ppo_2hybrid,5,3,hybrid,37,1154.5999755859375,3.359999895095825,0.04633920296570899,-8.278678266694968
2ppo_2hybrid,5,3,hybrid,38,1252.449951171875,3.619999885559082,0.1323918799646955,-9.16928338608906
2ppo_2hybrid,5,3,hybrid,39,1302.3800048828125,3.6700000762939453,0.13023659648361188,-9.614273165501404
2ppo_2hybrid,6,0,ppo,0,164.14199829101562,2.4200000762939453,0.0,0.778580093383789
2ppo_2hybrid,6,0,ppo,1,194.92999267578125,2.4200000762939453,0.0,0.4707001495361327
2ppo_2hybrid,6,0,ppo,2,222.05799865722656,2.4700000286102295,0.0,0.24942004203796397
2ppo_2hybrid,6,0,ppo,3,249.46400451660156,2.440000057220459,0.0,-0.0546399879455568
2ppo_2hybrid,6,0,ppo,4,272.60101318359375,2.4700000286102295,0.0,-0.25601010322570783
2ppo_2hybrid,6,0,ppo,5,301.5950012207031,2.4800000190734863,0.0,-0.5359499931335447
2ppo_2hybrid,6,0,ppo,6,329.62298583984375,2.4200000762939453,0.0,-0.8762297821044922
2ppo_2hybrid,6,0,ppo,7,353.95599365234375,2.4100000858306885,0.0,-1.1295598506927491
2ppo_2hybrid,6,0,ppo,8,380.489990234375,2.4200000762939453,0.0,-1.3848998260498049
2ppo_2hybrid,6,0,ppo,9,407.4880065917969,2.430000066757202,0.0,-1.644879999160767
2ppo_2hybrid,6,0,ppo,10,436.9679870605469,2.390000104904175,0.0,-1.9796797657012943
2ppo_2hybrid,6,0,ppo,11,505.1180114746094,2.4200000762939453,0.0,-2.6311800384521487
2ppo_2hybrid,6,0,ppo,12,573.281982421875,2.380000114440918,0.0,-3.3528197097778323
2ppo_2hybrid,6,0,ppo,13,659.6489868164062,2.4100000858306885,0.0,-4.186489782333374
2ppo_2hybrid,6,0,ppo,14,774.0189819335938,2.430000066757202,0.10515247108307045,-5.520494694744876
2ppo_2hybrid,6,0,ppo,15,882.3980102539062,2.2899999618530273,0.10136847440446022,-6.736717089494956
2ppo_2hybrid,6,0,ppo,16,923.1630249023438,1.7400000095367432,0.09722897423432182,-7.686088187955338
2ppo_2hybrid,6,0,ppo,17,1022.8200073242188,1.440000057220459,0.09398496240601503,-8.976169940833758
2ppo_2hybrid,6,0,ppo,18,1113.530029296875,1.3700000047683716,0.09078529278256922,-9.946870873765517
2ppo_2hybrid,6,0,ppo,19,1241.8599853515625,1.25,0.0892458723784025,-11.34709159827243
2ppo_2hybrid,6,0,ppo,20,1326.510009765625,1.2899999618530273,0.08525149190110827,-12.14560311960544
2ppo_2hybrid,6,0,ppo,21,1358.0400390625,1.2699999809265137,0.08396305625524769,-12.478326522208981
2ppo_2hybrid,6,0,ppo,22,1421.260009765625,1.3200000524520874,0.08107012565869477,-13.054740296521551
2ppo_2hybrid,6,0,ppo,23,1399.969970703125,1.3899999856948853,0.07849293563579278,-12.76668559260795
2ppo_2hybrid,6,0,ppo,24,1468.2099609375,1.309999942779541,0.07763975155279502,-13.527379169701048
2ppo_2hybrid,6,0,ppo,25,1587.489990234375,1.2599999904632568,0.07538635506973237,-14.765672622019958
2ppo_2hybrid,6,0,ppo,26,1643.1099853515625,1.25,0.07326007326007326,-15.327620000035772
2ppo_2hybrid,6,0,ppo,27,1752.4599609375,1.1299999952316284,0.07272727272727272,-16.540054159597915
2ppo_2hybrid,6,0,ppo,28,1755.81005859375,1.1799999475479126,0.07064641469445426,-16.519393467778496
2ppo_2hybrid,6,0,ppo,29,1756.0699462890625,1.2000000476837158,0.0686106346483705,-16.49792068450365
2ppo_2hybrid,6,0,ppo,30,1665.5899658203125,1.149999976158142,0.06791171477079797,-15.641723111586579
2ppo_2hybrid,6,0,ppo,31,1649.239990234375,1.2100000381469727,0.06615944426066821,-15.414718752718112
2ppo_2hybrid,6,0,ppo,32,1676.68994140625,1.2200000286102295,0.06424670735624799,-15.675392800164767
2ppo_2hybrid,6,0,ppo,33,1692.0999755859375,1.2699999809265137,0.06369426751592357,-15.778388309964708
2ppo_2hybrid,6,0,ppo,34,1732.31005859375,1.2799999713897705,0.06172839506172839,-16.166557404671185
2ppo_2hybrid,6,0,ppo,35,1762.3699951171875,1.2999999523162842,0.05977286312014345,-16.443245725095878
2ppo_2hybrid,6,0,ppo,36,1786.199951171875,1.2799999713897705,0.0594000594000594,-16.7007996591291
2ppo_2hybrid,6,0,ppo,37,1860.5899658203125,1.3200000524520874,0.057520851308599366,-17.400941308368235
2ppo_2hybrid,6,0,ppo,38,1893.5,1.3899999856948853,0.05543237250554324,-17.6558647593162
2ppo_2hybrid,6,0,ppo,39,1924.6400146484375,1.399999976158142,0.05451076587626056,-17.955421702078755
2ppo_2hybrid,6,1,ppo,0,165.96400451660156,2.4100000858306885,0.0,0.7503600406646729
2ppo_2hybrid,6,1,ppo,1,195.2689971923828,2.4200000762939453,0.0,0.4673101043701171
2ppo_2hybrid,6,1,ppo,2,221.7220001220703,2.390000104904175,0.0,0.17278010368347152
2ppo_2hybrid,6,1,ppo,3,249.9969940185547,2.440000057220459,0.0,-0.05996988296508787
2ppo_2hybrid,6,1,ppo,4,273.9670104980469,2.440000057220459,0.0,-0.2996700477600096
2ppo_2hybrid,6,1,ppo,5,301.34100341796875,2.4200000762939453,0.0,-0.5934099578857421
2ppo_2hybrid,6,1,ppo,6,330.39300537109375,2.4000000953674316,0.0,-0.9039299583435056
2ppo_2hybrid,6,1,ppo,7,354.3559875488281,2.4200000762939453,0.0,-1.1235597991943358
2ppo_2hybrid,6,1,ppo,8,381.8940124511719,2.4100000858306885,0.0,-1.4089400386810302
2ppo_2hybrid,6,1,ppo,9,408.5320129394531,2.430000066757202,0.0,-1.6553200626373288
2ppo_2hybrid,6,1,ppo,10,435.406005859375,2.390000104904175,0.0,-1.964059953689575
2ppo_2hybrid,6,1,ppo,11,492.8810119628906,2.380000114440918,0.0,-2.5488100051879883
2ppo_2hybrid,6,1,ppo,12,577.1920166015625,2.369999885559082,0.0,-3.401920280456543
2ppo_2hybrid,6,1,ppo,13,672.051025390625,2.4200000762939453,0.0,-4.3005101776123045
2ppo_2hybrid,6,1,ppo,14,780.5599975585938,2.440000057220459,0.0,-5.365599918365478
2ppo_2hybrid,6,1,ppo,15,868.9970092773438,2.380000114440918,0.0,-6.30996997833252
2ppo_2hybrid,6,1,ppo,16,941.2960205078125,2.680000066757202,0.0,-6.732960138320923
2ppo_2hybrid,6,1,ppo,17,1035.3299560546875,2.7300000190734863,0.16549441456350847,-7.9542883706004055
2ppo_2hybrid,6,1,ppo,18,1142.8499755859375,2.7699999809265137,0.15904572564612326,-8.976591226225109
2ppo_2hybrid,6,1,ppo,19,1254.97998046875,2.700000047683716,0.15570260801868432,-10.161204973041153
2ppo_2hybrid,6,1,ppo,20,1330.27001953125,2.3499999046325684,0.14781966001478197,-11.248339610709497
2ppo_2hybrid,6,1,ppo,21,1384.22998046875,1.9500000476837158,0.1438331535418914,-12.179966064087566
2ppo_2hybrid,6,1,ppo,22,1419.1500244140625,1.809999942779541,0.1381692573402418,-12.657838816041568
2ppo_2hybrid,6,1,ppo,23,1409.4000244140625,1.850000023841858,0.13328890369876709,-12.510578027696301
2ppo_2hybrid,6,1,ppo,24,1479.739990234375,1.7899999618530273,0.13080444735120994,-13.269008835193143
2ppo_2hybrid,6,1,ppo,25,1597.72998046875,1.7899999618530273,0.12550988390335738,-14.438319610641187
2ppo_2hybrid,6,1,ppo,26,1663.6199951171875,1.7799999713897705,0.12161751292186075,-15.099435005625827
2ppo_2hybrid,6,1,ppo,27,1769.6600341796875,1.690000057220459,0.1198681450404555,-16.246336574657327
2ppo_2hybrid,6,1,ppo,28,1759.2099609375,1.840000033378601,0.11507479861910241,-15.982249173234605
2ppo_2hybrid,6,1,ppo,29,1734.1199951171875,1.940000057220459,0.11142061281337047,-15.624041119578155
2ppo_2hybrid,6,1,ppo,30,1670.989990234375,1.8700000047683716,0.10973936899862825,-15.059378635572635
2ppo_2hybrid,6,1,ppo,31,1653.52001953125,1.9900000095367432,0.10562450488513335,-14.756449195546022
2ppo_2hybrid,6,1,ppo,32,1678.5699462890625,2.059999942779541,0.10251153254741159,-14.930722585205908
2ppo_2hybrid,6,1,ppo,33,1693.18994140625,2.0999999046325684,0.10106114199090449,-15.034021793411739
2ppo_2hybrid,6,1,ppo,34,1735.31005859375,2.0799999237060547,0.0975371860521824,-15.468175034335811
2ppo_2hybrid,6,1,ppo,35,1762.1400146484375,2.049999952316284,0.09507962918944617,-15.761559452546985
2ppo_2hybrid,6,1,ppo,36,1803.3199462890625,2.0,0.0935672514619883,-16.220333965814604
2ppo_2hybrid,6,1,ppo,37,1834.1700439453125,1.9600000381469727,0.09291521486643438,-16.56753083103902
2ppo_2hybrid,6,1,ppo,38,1893.6099853515625,1.940000057220459,0.08896797153024912,-17.174035739355663
2ppo_2hybrid,6,1,ppo,39,1930.3199462890625,1.899999976158142,0.08726003490401396,-17.57771955654051
2ppo_2hybrid,6,2,hybrid,0,166.63600158691406,2.4100000858306885,0.0,0.7436400699615477
2ppo_2hybrid,6,2,hybrid,1,195.56399536132812,2.4200000762939453,0.0,0.46436012268066396
2ppo_2hybrid,6,2,hybrid,2,222.35899353027344,2.369999885559082,0.0,0.14640995025634762
2ppo_2hybrid,6,2,hybrid,3,248.31700134277344,2.390000104904175,0.0,-0.09316990852355955
2ppo_2hybrid,6,2,hybrid,4,273.3710021972656,2.369999885559082,0.0,-0.3637101364135744
2ppo_2hybrid,6,2,hybrid,5,299.9519958496094,2.380000114440918,0.0,-0.6195198440551759
2ppo_2hybrid,6,2,hybrid,6,328.60699462890625,2.4000000953674316,0.0,-0.8860698509216309
2ppo_2hybrid,6,2,hybrid,7,354.802001953125,2.4200000762939453,0.0,-1.1280199432373048
2ppo_2hybrid,6,2,hybrid,8,382.427001953125,2.4100000858306885,0.0,-1.4142699337005613
2ppo_2hybrid,6,2,hybrid,9,408.89300537109375,2.369999885559082,0.0,-1.7189301681518554
2ppo_2hybrid,6,2,hybrid,10,441.864990234375,2.390000104904175,0.0,-2.0286497974395754
2ppo_2hybrid,6,2,hybrid,11,499.4570007324219,2.369999885559082,0.0,-2.624570121765137
2ppo_2hybrid,6,2,hybrid,12,577.8250122070312,2.4200000762939453,0.0,-3.3582500457763675
2ppo_2hybrid,6,2,hybrid,13,678.405029296875,2.4200000762939453,0.0,-4.364050216674805
2ppo_2hybrid,6,2,hybrid,14,768.1909790039062,2.4000000953674316,0.0,-5.281909694671631
2ppo_2hybrid,6,2,hybrid,15,866.8359985351562,2.4100000858306885,0.0,-6.258359899520874
2ppo_2hybrid,6,2,hybrid,16,939.0050048828125,2.5999999046325684,0.0,-6.790050144195556
2ppo_2hybrid,6,2,hybrid,17,1003.1799926757812,2.7100000381469727,0.0,-7.32179988861084
2ppo_2hybrid,6,2,hybrid,18,1127.260009765625,2.7699999809265137,0.0,-8.502600116729736
2ppo_2hybrid,6,2,hybrid,19,1232.7099609375,2.7899999618530273,0.14803849000740193,-9.833176627536776
2ppo_2hybrid,6,2,hybrid,20,1326.5699462890625,3.0,0.21314387211367672,-10.691987207117979
2ppo_2hybrid,6,2,hybrid,21,1382.2099609375,2.9700000286102295,0.20270270270270271,-11.257504986170176
2ppo_2hybrid,6,2,hybrid,22,1415.030029296875,2.75,0.1998001998001998,-11.79990069256915
2ppo_2hybrid,6,2,hybrid,23,1402.72998046875,2.369999885559082,0.1923693491503687,-12.042038617429155
2ppo_2hybrid,6,2,hybrid,24,1483.27001953125,2.059999942779541,0.18427518427518427,-13.141250621083326
2ppo_2hybrid,6,2,hybrid,25,1604.18994140625,1.940000057220459,0.17921146953405018,-14.46032229591014
2ppo_2hybrid,6,2,hybrid,26,1650.239990234375,1.899999976158142,0.1750291715285881,-14.952458269242785
2ppo_2hybrid,6,2,hybrid,27,1812.760009765625,1.8200000524520874,0.16750418760469013,-16.64260842041354
2ppo_2hybrid,6,2,hybrid,28,1760.93994140625,1.9299999475479126,0.1652892561983471,-16.009977978911284
2ppo_2hybrid,6,2,hybrid,29,1750.4300537109375,2.059999942779541,0.1589825119236884,-15.762265618177212
2ppo_2hybrid,6,2,hybrid,30,1647.530029296875,2.0799999237060547,0.15228426395939088,-14.699868897181478
2ppo_2hybrid,6,2,hybrid,31,1656.22998046875,2.200000047683716,0.15003750937734434,-14.66237477575847
2ppo_2hybrid,6,2,hybrid,32,1678.3399658203125,2.299999952316284,0.14482259232440262,-14.773044890535644
2ppo_2hybrid,6,2,hybrid,33,1703.050048828125,2.430000066757202,0.13908205841446453,-14.878664538352975
2ppo_2hybrid,6,2,hybrid,34,1731.4599609375,2.4000000953674316,0.13780431786862654,-15.190208149744823
2ppo_2hybrid,6,2,hybrid,35,1763.2099609375,2.4100000858306885,0.13303769401330376,-15.488174911570919
2ppo_2hybrid,6,2,hybrid,36,1808.1199951171875,2.390000104904175,0.1289490651192779,-15.949097976506255
2ppo_2hybrid,6,2,hybrid,37,1853.6600341796875,2.3299999237060547,0.12714558169103624,-16.460891581472893
2ppo_2hybrid,6,2,hybrid,38,1893.6800537109375,2.309999942779541,0.12353304508956146,-16.873866684508954
2ppo_2hybrid,6,2,hybrid,39,1936.2900390625,2.259999990463257,0.12153129430828438,-17.34596298877831
2ppo_2hybrid,6,3,hybrid,0,166.36900329589844,2.3399999141693115,0.0,0.6763098812103272
2ppo_2hybrid,6,3,hybrid,1,194.7729949951172,2.3299999237060547,0.0,0.3822699737548829
2ppo_2hybrid,6,3,hybrid,2,221.99000549316406,2.390000104904175,0.0,0.17010004997253425
2ppo_2hybrid,6,3,hybrid,3,247.5659942626953,2.380000114440918,0.0,-0.09565982818603525
2ppo_2hybrid,6,3,hybrid,4,273.84100341796875,2.3399999141693115,0.0,-0.398410120010376
2ppo_2hybrid,6,3,hybrid,5,297.0870056152344,2.3399999141693115,0.0,-0.6308701419830323
2ppo_2hybrid,6,3,hybrid,6,329.4110107421875,2.369999885559082,0.0,-0.9241102218627928
2ppo_2hybrid,6,3,hybrid,7,354.52801513671875,2.380000114440918,0.0,-1.1652800369262697
2ppo_2hybrid,6,3,hybrid,8,378.8370056152344,2.359999895095825,0.0,-1.4283701610565185
2ppo_2hybrid,6,3,hybrid,9,407.62799072265625,2.3399999141693115,0.0,-1.7362799930572512
2ppo_2hybrid,6,3,hybrid,10,444.07501220703125,2.390000104904175,0.0,-2.0507500171661377
2ppo_2hybrid,6,3,hybrid,11,506.1919860839844,2.440000057220459,0.0,-2.6219198036193845
2ppo_2hybrid,6,3,hybrid,12,590.35498046875,2.440000057220459,0.0,-3.4635497474670407
2ppo_2hybrid,6,3,hybrid,13,674.6959838867188,2.3499999046325684,0.0,-4.396959934234619
2ppo_2hybrid,6,3,hybrid,14,759.031005859375,2.3299999237060547,0.0,-5.260310134887695
2ppo_2hybrid,6,3,hybrid,15,881.4459838867188,2.490000009536743,0.0,-6.3244598293304435
2ppo_2hybrid,6,3,hybrid,16,935.9730224609375,2.5799999237060547,0.0,-6.779730300903321
2ppo_2hybrid,6,3,hybrid,17,1016.719970703125,2.799999952316284,0.0,-7.3671997547149655
2ppo_2hybrid,6,3,hybrid,18,1156.0899658203125,2.740000009536743,0.0,-8.820899648666382
2ppo_2hybrid,6,3,hybrid,19,1277.9100341796875,2.890000104904175,0.0,-9.8891002368927
2ppo_2hybrid,6,3,hybrid,20,1328.739990234375,2.950000047683716,0.0,-10.337399854660035
2ppo_2hybrid,6,3,hybrid,21,1382.469970703125,3.309999942779541,0.0,-10.51469976425171
2ppo_2hybrid,6,3,hybrid,22,1417.56005859375,3.700000047683716,0.0,-10.475600538253785
2ppo_2hybrid,6,3,hybrid,23,1422.1400146484375,4.03000020980835,0.0,-10.191399936676026
2ppo_2hybrid,6,3,hybrid,24,1511.2099609375,4.429999828338623,0.04911591355599214,-10.780331608148362
2ppo_2hybrid,6,3,hybrid,25,1598.5899658203125,4.579999923706055,0.04748338081671415,-11.500866496130499
2ppo_2hybrid,6,3,hybrid,26,1684.7900390625,4.690000057220459,0.04577706569008926,-12.24945446478472
2ppo_2hybrid,6,3,hybrid,27,1822.739990234375,4.940000057220459,0.13186813186813187,-13.551136108859552
2ppo_2hybrid,6,3,hybrid,28,1755.239990234375,4.599999904632568,0.1260239445494644,-13.204447886810112
2ppo_2hybrid,6,3,hybrid,29,1721.25,4.309999942779541,0.1225239942822136,-13.147548045784884
2ppo_2hybrid,6,3,hybrid,30,1638.5699462890625,3.5,0.11691348402182385,-13.119526430934272
2ppo_2hybrid,6,3,hybrid,31,1655.1600341796875,3.640000104904175,0.11246485473289597,-13.136529946358491
2ppo_2hybrid,6,3,hybrid,32,1679.7900390625,3.7100000381469727,0.10938924339106655,-13.30667883926016
2ppo_2hybrid,6,3,hybrid,33,1705.969970703125,3.7799999713897705,0.10473031942747425,-13.489160374496429
2ppo_2hybrid,6,3,hybrid,34,1729.6800537109375,3.809999942779541,0.1008233910267182,-13.688447376383273
2ppo_2hybrid,6,3,hybrid,35,1766.93994140625,3.809999942779541,0.09878169245966414,-14.056962856202286
2ppo_2hybrid,6,3,hybrid,36,1809.260009765625,3.9000000953674316,0.09462229932187352,-14.381844600932563
2ppo_2hybrid,6,3,hybrid,37,1863.6400146484375,3.9700000286102295,0.09021199819576003,-14.846824114265667
2ppo_2hybrid,6,3,hybrid,38,1887.3800048828125,3.940000057220459,0.08953887479480674,-15.11287774119728
2ppo_2hybrid,6,3,hybrid,39,1938.3499755859375,4.0,0.1299638989169675,-15.64342755369331
2ppo_2hybrid,7,0,ppo,0,164.12100219726562,2.4200000762939453,0.0,0.7787900543212891
2ppo_2hybrid,7,0,ppo,1,195.02699279785156,2.4200000762939453,0.0,0.4697301483154297
2ppo_2hybrid,7,0,ppo,2,222.4810028076172,2.4700000286102295,0.0,0.2451900005340577
2ppo_2hybrid,7,0,ppo,3,249.47900390625,2.440000057220459,0.0,-0.05478998184204098
2ppo_2hybrid,7,0,ppo,4,281.9700012207031,2.109999895095825,0.0,-0.7097001171112058
2ppo_2hybrid,7,0,ppo,5,300.3210144042969,2.4200000762939453,0.0,-0.5832100677490235
2ppo_2hybrid,7,0,ppo,6,327.1050109863281,2.3499999046325684,0.2347417840375587,-1.3905337733058305
2ppo_2hybrid,7,0,ppo,7,328.7699890136719,1.690000057220459,0.21299254526091588,-2.0236849234380916
2ppo_2hybrid,7,0,ppo,8,353.0150146484375,1.7999999523162842,0.19230769230769232,-2.1147655787834756
2ppo_2hybrid,7,0,ppo,9,377.4530029296875,1.850000023841858,0.1784121320249777,-2.2813542695049724
2ppo_2hybrid,7,0,ppo,10,411.06298828125,1.809999942779541,0.16488046166529266,-2.6303908633635444
2ppo_2hybrid,7,0,ppo,11,463.6369934082031,1.649999976158142,0.1532567049808429,-3.292883367885575
2ppo_2hybrid,7,0,ppo,12,528.5390014648438,1.5099999904632568,0.14534883720930233,-4.066087698603786
2ppo_2hybrid,7,0,ppo,13,604.4420166015625,1.340000033378601,0.1388888888888889,-4.9821979104148015
2ppo_2hybrid,7,0,ppo,14,677.4559936523438,1.1799999475479126,0.1343183344526528,-5.86319665788083
2ppo_2hybrid,7,0,ppo,15,747.2540283203125,1.0399999618530273,0.13020833333333334,-6.692956988016765
2ppo_2hybrid,7,0,ppo,16,856.1270141601562,0.9390000104904175,0.12586532410320955,-7.874000779317565
2ppo_2hybrid,7,0,ppo,17,925.1820068359375,0.8259999752044678,0.12391573729863693,-8.67365156775218
2ppo_2hybrid,7,0,ppo,18,1012.6500244140625,0.8209999799728394,0.11940298507462686,-9.54430623431704
2ppo_2hybrid,7,0,ppo,19,1003.030029296875,0.8420000076293945,0.11695906432748537,-9.422218413994326
2ppo_2hybrid,7,0,ppo,20,983.7650146484375,0.8820000290870667,0.11344299489506524,-9.182536107187438
2ppo_2hybrid,7,0,ppo,21,1078.0899658203125,0.8149999976158142,0.1111111111111111,-10.188121882809533
2ppo_2hybrid,7,0,ppo,22,1148.1700439453125,0.8299999833106995,0.10723860589812333,-10.866177667938672
2ppo_2hybrid,7,0,ppo,23,1111.1099853515625,0.9409999847412109,0.10460251046025104,-10.379304889694916
2ppo_2hybrid,7,0,ppo,24,1111.1300048828125,1.0099999904632568,0.10020040080160321,-10.301700859968076
2ppo_2hybrid,7,0,ppo,25,1112.1700439453125,1.1799999475479126,0.0968054211035818,-10.135311334112377
2ppo_2hybrid,7,0,ppo,26,1099.9200439453125,1.3799999952316284,0.09208103130755065,-9.803362506836597
2ppo_2hybrid,7,0,ppo,27,1098.5799560546875,1.5800000429153442,0.08771929824561403,-9.581238114122758
2ppo_2hybrid,7,0,ppo,28,1059.43994140625,1.850000023841858,0.08264462809917356,-8.90968864641899
2ppo_2hybrid,7,0,ppo,29,1118.9100341796875,2.119999885559082,0.07815552950371239,-9.225411515245218
2ppo_2hybrid,7,0,ppo,30,1176.8199462890625,2.319999933242798,0.07320644216691069,-9.594612413981649
2ppo_2hybrid,7,0,ppo,31,1247.260009765625,2.4600000381469727,0.06963788300835655,-10.15187582552599
2ppo_2hybrid,7,0,ppo,32,1327.1199951171875,2.75,0.06365372374283895,-10.648507398657554
2ppo_2hybrid,7,0,ppo,33,1369.5999755859375,2.8299999237060547,0.06172839506172839,-10.989456622276778
2ppo_2hybrid,7,0,ppo,34,1447.1300048828125,3.0899999141693115,0.05717552887364208,-11.495651192406097
2ppo_2hybrid,7,0,ppo,35,1525.1199951171875,3.3499999046325684,0.0526592943654555,-12.006518635270218
2ppo_2hybrid,7,0,ppo,36,1575.4100341796875,3.490000009536743,0.05060728744939271,-12.365314907158917
2ppo_2hybrid,7,0,ppo,37,1666.75,3.7699999809265137,0.046718056528848396,-12.990936132131184
2ppo_2hybrid,7,0,ppo,38,1743.010009765625,4.019999980926514,0.08946544397226572,-13.589031004674268
2ppo_2hybrid,7,0,ppo,39,1799.31005859375,4.170000076293945,0.08758484782132692,-13.998270205286211
2ppo_2hybrid,7,1,ppo,0,165.78700256347656,2.4100000858306885,0.0,0.7521300601959229
2ppo_2hybrid,7,1,ppo,1,195.50399780273438,2.4200000762939453,0.0,0.46496009826660156
2ppo_2hybrid,7,1,ppo,2,222.06100463867188,2.369999885559082,0.0,0.14938983917236337
2ppo_2hybrid,7,1,ppo,3,250.125,2.440000057220459,0.0,-0.06124994277954121
2ppo_2hybrid,7,1,ppo,4,284.4859924316406,2.109999895095825,0.0,-0.7348600292205809
2ppo_2hybrid,7,1,ppo,5,298.8940124511719,2.380000114440918,0.0,-0.6089400100708007
2ppo_2hybrid,7,1,ppo,6,326.4599914550781,2.430000066757202,0.0,-0.8345998477935792
2ppo_2hybrid,7,1,ppo,7,325.3190002441406,2.559999942779541,0.0,-0.6931900596618652
2ppo_2hybrid,7,1,ppo,8,353.85101318359375,2.5999999046325684,0.0,-0.938510227203369
2ppo_2hybrid,7,1,ppo,9,377.72100830078125,2.609999895095825,0.0,-1.1672101879119872
2ppo_2hybrid,7,1,ppo,10,414.5710144042969,2.640000104904175,0.0,-1.505710039138794
2ppo_2hybrid,7,1,ppo,11,469.156005859375,2.7200000286102295,0.0,-1.9715600299835208
2ppo_2hybrid,7,1,ppo,12,539.989990234375,2.75,0.0,-2.6498999023437504
2ppo_2hybrid,7,1,ppo,13,611.697998046875,2.7799999713897705,0.0,-3.33698000907898
2ppo_2hybrid,7,1,ppo,14,699.0029907226562,2.799999952316284,0.0,-4.190029954910278
2ppo_2hybrid,7,1,ppo,15,763.4860229492188,2.8399999141693115,0.0,-4.794860315322876
2ppo_2hybrid,7,1,ppo,16,885.9539794921875,2.950000047683716,0.16771488469601678,-6.244969516630194
2ppo_2hybrid,7,1,ppo,17,982.2210083007812,2.8299999237060547,0.20491803278688525,-7.402046224875528
2ppo_2hybrid,7,1,ppo,18,998.1619873046875,2.759999990463257,0.19230769230769232,-7.606235267199002
2ppo_2hybrid,7,1,ppo,19,1000.22998046875,2.4800000190734863,0.1889644746787604,-7.9002287349715345
2ppo_2hybrid,7,1,ppo,20,999.552978515625,2.190000057220459,0.17806267806267806,-8.161655084061147
2ppo_2hybrid,7,1,ppo,21,1096.9100341796875,2.0,0.17458100558659218,-9.31826235297006
2ppo_2hybrid,7,1,ppo,22,1162.27001953125,2.009999990463257,0.16501650165016502,-9.942733208149573
2ppo_2hybrid,7,1,ppo,23,1100.8800048828125,2.2200000286102295,0.16202203499675957,-9.112844090211414
2ppo_2hybrid,7,1,ppo,24,1113.3299560546875,2.25,0.15678896205707119,-9.196877484661018
2ppo_2hybrid,7,1,ppo,25,1115.6099853515625,2.059999942779541,0.21651716671821838,-9.529134244172521
2ppo_2hybrid,7,1,ppo,26,1097.469970703125,1.6399999856948853,0.21212121212121213,-9.75894214557879
2ppo_2hybrid,7,1,ppo,27,1093.699951171875,1.4500000476837158,0.20864381520119224,-9.904287094437418
2ppo_2hybrid,7,1,ppo,28,1057.4599609375,1.159999966621399,0.2044392523364486,-9.823478147426497
2ppo_2hybrid,7,1,ppo,29,1121.0699462890625,1.1699999570846558,0.2013229795800978,-10.443345464966166
2ppo_2hybrid,7,1,ppo,30,1169.0699462890625,1.159999966621399,0.19746121297602257,-10.925621922221271
2ppo_2hybrid,7,1,ppo,31,1218.0899658203125,1.1299999952316284,0.19602352282273872,-11.442946708616972
2ppo_2hybrid,7,1,ppo,32,1316.8900146484375,1.100000023841858,0.19099590723055934,-12.450891937103636
2ppo_2hybrid,7,1,ppo,33,1347.3199462890625,1.0700000524520874,0.1898047722342733,-12.782808954907084
2ppo_2hybrid,7,1,ppo,34,1451.030029296875,1.0399999618530273,0.18617021276595744,-13.842640756647638
2ppo_2hybrid,7,1,ppo,35,1510.5,1.0099999904632568,0.1836788244555235,-14.462357658447791
2ppo_2hybrid,7,1,ppo,36,1533.8299560546875,0.9779999852180481,0.18310227569971227,-14.726504126728251
2ppo_2hybrid,7,1,ppo,37,1663.449951171875,0.925000011920929,0.17967145790554415,-16.06884241560891
2ppo_2hybrid,7,1,ppo,38,1736.260009765625,0.8889999985694885,0.17726006583945303,-16.82812023076567
2ppo_2hybrid,7,1,ppo,39,1755.06005859375,0.871999979019165,0.17681232634503663,-17.032225259608406
2ppo_2hybrid,7,2,hybrid,0,167.48199462890625,2.4100000858306885,0.0,0.735180139541626
2ppo_2hybrid,7,2,hybrid,1,195.66000366210938,2.4200000762939453,0.0,0.4634000396728515
2ppo_2hybrid,7,2,hybrid,2,222.4040069580078,2.369999885559082,0.0,0.14595981597900387
2ppo_2hybrid,7,2,hybrid,3,248.29200744628906,2.390000104904175,0.0,-0.09291996955871573
2ppo_2hybrid,7,2,hybrid,4,284.5780029296875,2.109999895095825,0.0,-0.7357801342010499
2ppo_2hybrid,7,2,hybrid,5,298.1929931640625,2.4200000762939453,0.0,-0.5619298553466798
2ppo_2hybrid,7,2,hybrid,6,323.2850036621094,2.430000066757202,0.0,-0.8028499698638916
2ppo_2hybrid,7,2,hybrid,7,326.15399169921875,2.5399999618530273,0.0,-0.7215399551391601
2ppo_2hybrid,7,2,hybrid,8,352.41400146484375,2.609999895095825,0.0,-0.9141401195526124
2ppo_2hybrid,7,2,hybrid,9,381.6400146484375,2.5999999046325684,0.0,-1.2164002418518067
2ppo_2hybrid,7,2,hybrid,10,412.322998046875,2.609999895095825,0.0,-1.5132300853729248
2ppo_2hybrid,7,2,hybrid,11,463.1820068359375,2.640000104904175,0.0,-1.9918199634552005
2ppo_2hybrid,7,2,hybrid,12,533.5709838867188,2.6600000858306885,0.0,-2.6757097530364993
2ppo_2hybrid,7,2,hybrid,13,611.2150268554688,2.7699999809265137,0.0,-3.342150287628174
2ppo_2hybrid,7,2,hybrid,14,676.4459838867188,2.799999952316284,0.0,-3.9644598865509035
2ppo_2hybrid,7,2,hybrid,15,790.52001953125,2.930000066757202,0.0,-4.975200128555298
2ppo_2hybrid,7,2,hybrid,16,871.4669799804688,2.8499999046325684,0.08658008658008658,-6.037830068332292
2ppo_2hybrid,7,2,hybrid,17,967.697021484375,2.9600000381469727,0.0826787928896238,-6.8823277624760255
2ppo_2hybrid,7,2,hybrid,18,1013.7000122070312,2.690000057220459,0.0794912559618442,-7.605982576773541
2ppo_2hybrid,7,2,hybrid,19,1002.0700073242188,2.1500000953674316,0.07616146230007616,-8.023022902474908
2ppo_2hybrid,7,2,hybrid,20,1011.4199829101562,2.140000104904175,0.07259528130671507,-8.119390286810818
2ppo_2hybrid,7,2,hybrid,21,1082.3399658203125,2.0299999713897705,0.07034822370735139,-8.934096134228056
2ppo_2hybrid,7,2,hybrid,22,1161.2900390625,2.0,0.06772773450728073,-9.748355859639561
2ppo_2hybrid,7,2,hybrid,23,1117.1700439453125,2.2799999713897705,0.06491398896462187,-9.0215284459926
2ppo_2hybrid,7,2,hybrid,24,1102.8399658203125,2.240000009536743,0.06232471174820817,-8.913049072162798
2ppo_2hybrid,7,2,hybrid,25,1105.3699951171875,2.4600000381469727,0.12139605462822459,-8.836492022281352
2ppo_2hybrid,7,2,hybrid,26,1108.5699462890625,2.5399999618530273,0.11802891708468574,-8.781757335206969
2ppo_2hybrid,7,2,hybrid,27,1104.52001953125,2.2200000286102295,0.1152073732718894,-9.05561491324605
2ppo_2hybrid,7,2,hybrid,28,1060.1600341796875,1.7799999713897705,0.11163829193413341,-9.04487695427537
2ppo_2hybrid,7,2,hybrid,29,1100.68994140625,1.7899999618530273,0.10937927262783702,-9.435657997465148
2ppo_2hybrid,7,2,hybrid,30,1179.0699462890625,1.75,0.10655301012253596,-10.253805483135697
2ppo_2hybrid,7,2,hybrid,31,1227.989990234375,1.7200000286102295,0.10400416016640665,-10.767908194066335
2ppo_2hybrid,7,2,hybrid,32,1315.469970703125,1.6699999570846558,0.10167768174885612,-11.688055113444307
2ppo_2hybrid,7,2,hybrid,33,1365.7900390625,1.659999966621399,0.09900990099009901,-12.1959202259838
2ppo_2hybrid,7,2,hybrid,34,1452.77001953125,1.590000033378601,0.09768009768009768,-13.133060357294093
2ppo_2hybrid,7,2,hybrid,35,1508.6400146484375,1.5399999618530273,0.0963623223319682,-13.739124829295283
2ppo_2hybrid,7,2,hybrid,36,1551.3499755859375,1.5199999809265137,0.09413979759943517,-14.181779370131732
2ppo_2hybrid,7,2,hybrid,37,1661.4599609375,1.4299999475479126,0.09295840111550081,-15.370516464058088
2ppo_2hybrid,7,2,hybrid,38,1729.5400390625,1.3700000047683716,0.09176416609314063,-16.10892871804291
2ppo_2hybrid,7,2,hybrid,39,1783.77001953125,1.3300000429153442,0.08970621215519174,-16.68711257670754
2ppo_2hybrid,7,3,hybrid,0,167.20599365234375,2.3399999141693115,0.0,0.6679399776458741
2ppo_2hybrid,7,3,hybrid,1,194.88600158691406,2.3299999237060547,0.0,0.381139907836914
2ppo_2hybrid,7,3,hybrid,2,221.98599243164062,2.390000104904175,0.0,0.1701401805877687
2ppo_2hybrid,7,3,hybrid,3,246.20799255371094,2.309999942779541,0.0,-0.1520799827575683
2ppo_2hybrid,7,3,hybrid,4,306.11700439453125,2.0399999618530273,0.0,-1.021170082092285
2ppo_2hybrid,7,3,hybrid,5,295.625,2.369999885559082,0.0,-0.5862501144409178
2ppo_2hybrid,7,3,hybrid,6,327.03900146484375,2.390000104904175,0.0,-0.8803899097442627
2ppo_2hybrid,7,3,hybrid,7,327.0299987792969,2.509999990463257,0.0,-0.760299997329712
2ppo_2hybrid,7,3,hybrid,8,348.8869934082031,2.549999952316284,0.0,-0.9388699817657469
2ppo_2hybrid,7,3,hybrid,9,382.8609924316406,2.5299999713897705,0.0,-1.2986099529266357
2ppo_2hybrid,7,3,hybrid,10,411.7030029296875,2.559999942779541,0.0,-1.5570300865173339
2ppo_2hybrid,7,3,hybrid,11,460.0889892578125,2.609999895095825,0.0,-1.9908899974822996
2ppo_2hybrid,7,3,hybrid,12,525.177001953125,2.630000114440918,0.0,-2.621769905090332
2ppo_2hybrid,7,3,hybrid,13,590.2230224609375,2.7300000190734863,0.0,-3.1722302055358886
2ppo_2hybrid,7,3,hybrid,14,688.958984375,2.869999885559082,0.0,-4.019589958190918
2ppo_2hybrid,7,3,hybrid,15,786.9569702148438,2.799999952316284,0.0,-5.069569749832153
2ppo_2hybrid,7,3,hybrid,16,866.4310302734375,2.8399999141693115,0.0,-5.824310388565063
2ppo_2hybrid,7,3,hybrid,17,990.280029296875,3.0199999809265137,0.0,-6.882800312042237
2ppo_2hybrid,7,3,hybrid,18,999.0059814453125,3.299999952316284,0.0,-6.690059862136842
2ppo_2hybrid,7,3,hybrid,19,1003.989990234375,3.9700000286102295,0.0,-6.069899873733521
2ppo_2hybrid,7,3,hybrid,20,1010.9000244140625,4.380000114440918,0.12296341838303104,-5.974926966465768
2ppo_2hybrid,7,3,hybrid,21,1108.4200439453125,4.710000038146973,0.11537352177675224,-6.604947444859658
2ppo_2hybrid,7,3,hybrid,22,1182.1600341796875,4.71999979019165,0.11132758140829391,-7.324255714421813
2ppo_2hybrid,7,3,hybrid,23,1102.6300048828125,4.050000190734863,0.10452051215050953,-7.18534088239428
2ppo_2hybrid,7,3,hybrid,24,1097.47998046875,3.440000057220459,0.10055304172951232,-7.7359058309260655
2ppo_2hybrid,7,3,hybrid,25,1115.5699462890625,3.7200000286102295,0.0946969696969697,-7.625093373674336
2ppo_2hybrid,7,3,hybrid,26,1107.3699951171875,3.9200000762939453,0.09107468123861566,-7.335849237355161
2ppo_2hybrid,7,3,hybrid,27,1101.280029296875,4.099999904632568,0.08585533376261001,-7.084511055861402
2ppo_2hybrid,7,3,hybrid,28,1060.3699951171875,4.320000171661377,0.08225375282747276,-6.448207285165443
2ppo_2hybrid,7,3,hybrid,29,1112.219970703125,4.510000228881836,0.07809449433814916,-6.768388466825712
2ppo_2hybrid,7,3,hybrid,30,1188.0400390625,4.349999904632568,0.07530120481927711,-7.681002895630987
2ppo_2hybrid,7,3,hybrid,31,1237.1300048828125,4.289999961853027,0.07173601147776183,-8.224772109930623
2ppo_2hybrid,7,3,hybrid,32,1319.8599853515625,4.050000190734863,0.07062146892655367,-9.289842600633868
2ppo_2hybrid,7,3,hybrid,33,1376.47998046875,4.010000228881836,0.06734006734006734,-9.8894797104858
2ppo_2hybrid,7,3,hybrid,34,1432.6300048828125,3.8499999046325684,0.06556302245533518,-10.607426189106228
2ppo_2hybrid,7,3,hybrid,35,1525.800048828125,3.680000066757202,0.06409229290177856,-11.706185007327605
2ppo_2hybrid,7,3,hybrid,36,1578.6300048828125,3.5999999046325684,0.061633281972265024,-12.309566708140085
2ppo_2hybrid,7,3,hybrid,37,1640.3499755859375,3.440000057220459,0.06062443164595332,-13.084748561930823
2ppo_2hybrid,7,3,hybrid,38,1747.0400390625,3.2799999713897705,0.05960363582178513,-14.3096076908788
2ppo_2hybrid,7,3,hybrid,39,1800.3900146484375,3.190000057220459,0.057770075101097634,-14.929440239466112
2ppo_2hybrid,8,0,ppo,0,164.1020050048828,2.4200000762939453,0.0,0.7789800262451172
2ppo_2hybrid,8,0,ppo,1,195.0659942626953,2.4200000762939453,0.0,0.46934013366699223
2ppo_2hybrid,8,0,ppo,2,222.0659942626953,2.4700000286102295,0.0,0.24934008598327617
2ppo_2hybrid,8,0,ppo,3,249.46200561523438,2.440000057220459,0.0,-0.05461999893188496
2ppo_2hybrid,8,0,ppo,4,272.4169921875,2.4700000286102295,0.0,-0.2541698932647707
2ppo_2hybrid,8,0,ppo,5,301.2749938964844,2.4200000762939453,0.0,-0.5927498626708982
2ppo_2hybrid,8,0,ppo,6,328.8340148925781,2.4200000762939453,0.0,-0.868340072631836
2ppo_2hybrid,8,0,ppo,7,353.09600830078125,2.380000114440918,0.2034587995930824,-1.5578775677530594
2ppo_2hybrid,8,0,ppo,8,357.6470031738281,1.6799999475479126,0.18587360594795538,-2.2682172960862794
2ppo_2hybrid,8,0,ppo,9,374.5419921875,1.7699999809265137,0.17226528854435832,-2.319950518037203
2ppo_2hybrid,8,0,ppo,10,409.9200134277344,1.7799999713897705,0.1594896331738437,-2.6381794292352607
2ppo_2hybrid,8,0,ppo,11,459.15399169921875,1.4800000190734863,0.303951367781155,-3.7194426334810107
2ppo_2hybrid,8,0,ppo,12,505.4460144042969,0.972000002861023,0.29563932002956395,-4.673738781241074
2ppo_2hybrid,8,0,ppo,13,563.5800170898438,0.6620000004768372,0.2883922134102379,-5.550584597242076
2ppo_2hybrid,8,0,ppo,14,639.885009765625,0.6100000143051147,0.2826855123674912,-6.354221108086117
2ppo_2hybrid,8,0,ppo,15,699.4520263671875,0.5659999847412109,0.27816411682892905,-6.984848512588522
2ppo_2hybrid,8,0,ppo,16,789.7529907226562,0.5329999923706055,0.2728512960436562,-7.91023250694327
2ppo_2hybrid,8,0,ppo,17,789.260009765625,0.5569999814033508,0.266844563042028,-7.869289242336955
2ppo_2hybrid,8,0,ppo,18,793.0800170898438,0.5600000023841858,0.2631578947368421,-7.8971159579879355
2ppo_2hybrid,8,0,ppo,19,832.2650146484375,0.5170000195503235,0.25839793281653745,-8.322445992567125
2ppo_2hybrid,8,0,ppo,20,911.7969970703125,0.4779999852180481,0.25429116338207247,-9.148552312249222
2ppo_2hybrid,8,0,ppo,21,946.0120239257812,0.5090000033378601,0.25046963055729493,-9.452059497034542
2ppo_2hybrid,8,0,ppo,22,898.5180053710938,0.48399999737739563,0.24509803921568626,-8.991376134764915
2ppo_2hybrid,8,0,ppo,23,896.8800048828125,0.5370000004768372,0.24169184290030213,-8.915183734151892
2ppo_2hybrid,8,0,ppo,24,921.9710083007812,0.5809999704360962,0.23557126030624265,-9.109852633184202
2ppo_2hybrid,8,0,ppo,25,964.4010009765625,0.6399999856948853,0.2296211251435132,-9.463252274357766
2ppo_2hybrid,8,0,ppo,26,998.0230102539062,0.6859999895095825,0.22408963585434175,-9.742409384738163
2ppo_2hybrid,8,0,ppo,27,1032.8199462890625,0.7540000081062317,0.21750951604132682,-10.009218486867047
2ppo_2hybrid,8,0,ppo,28,1069.22998046875,0.847000002861023,0.2109704641350211,-10.26724073009652
2ppo_2hybrid,8,0,ppo,29,1112.9300537109375,0.9929999709129333,0.20181634712411706,-10.539933260444675
2ppo_2hybrid,8,0,ppo,30,1147.1199951171875,1.1100000143051147,0.1942690626517727,-10.749738062170307
2ppo_2hybrid,8,0,ppo,31,1185.0699462890625,1.309999942779541,0.18467220683287167,-10.910043933776826
2ppo_2hybrid,8,0,ppo,32,1222.030029296875,1.4600000381469727,0.17667844522968199,-11.113657145281142
2ppo_2hybrid,8,0,ppo,33,1268.6199951171875,1.690000057220459,0.1668752607425949,-11.329950415436606
2ppo_2hybrid,8,0,ppo,34,1307.6700439453125,1.8600000143051147,0.15847860538827258,-11.533657635924556
2ppo_2hybrid,8,0,ppo,35,1385.1600341796875,2.0199999809265137,0.1497566454511419,-12.131113651772644
2ppo_2hybrid,8,0,ppo,36,1452.2099609375,2.2899999618530273,0.1386001386001386,-12.50929992472225
2ppo_2hybrid,8,0,ppo,37,1510.300048828125,2.4600000381469727,0.13114754098360656,-12.90529553210149
2ppo_2hybrid,8,0,ppo,38,1560.4100341796875,2.7100000381469727,0.15451174289245984,-13.203123789434821
2ppo_2hybrid,8,0,ppo,39,1653.489990234375,3.0,0.14836795252225518,-13.83163580738826
2ppo_2hybrid,8,1,ppo,0,165.80099487304688,2.4100000858306885,0.0,0.7519901371002198
2ppo_2hybrid,8,1,ppo,1,195.37600708007812,2.4200000762939453,0.0,0.46624000549316413
2ppo_2hybrid,8,1,ppo,2,221.63699340820312,2.390000104904175,0.0,0.17363017082214371
2ppo_2hybrid,8,1,ppo,3,250.03599548339844,2.440000057220459,0.0,-0.06035989761352534
2ppo_2hybrid,8,1,ppo,4,274.25799560546875,2.430000066757202,0.0,-0.31257988929748537
2ppo_2hybrid,8,1,ppo,5,301.2449951171875,2.4200000762939453,0.0,-0.5924498748779299
2ppo_2hybrid,8,1,ppo,6,328.6629943847656,2.4100000858306885,0.0,-0.8766298580169676
2ppo_2hybrid,8,1,ppo,7,352.7799987792969,2.4100000858306885,0.0,-1.1177999019622802
2ppo_2hybrid,8,1,ppo,8,354.6300048828125,2.549999952316284,0.0,-0.9963000965118409
2ppo_2hybrid,8,1,ppo,9,374.12701416015625,2.630000114440918,0.0,-1.1112700271606446
2ppo_2hybrid,8,1,ppo,10,412.9949951171875,2.6500000953674316,0.0,-1.4799498558044437
2ppo_2hybrid,8,1,ppo,11,460.7200012207031,2.7300000190734863,0.0,-1.8771999931335452
2ppo_2hybrid,8,1,ppo,12,509.7850036621094,2.9200000762939453,0.0,-2.1778499603271486
2ppo_2hybrid,8,1,ppo,13,574.4219970703125,3.049999952316284,0.0,-2.694220018386841
2ppo_2hybrid,8,1,ppo,14,659.4119873046875,3.009999990463257,0.0,-3.584119882583618
2ppo_2hybrid,8,1,ppo,15,738.7440185546875,2.9200000762939453,0.09178522257916476,-4.651010554411259
2ppo_2hybrid,8,1,ppo,16,833.89501953125,3.0399999618530273,0.25884383088869717,-5.816637895236866
2ppo_2hybrid,8,1,ppo,17,780.89599609375,2.430000066757202,0.2466091245376079,-5.872178143255514
2ppo_2hybrid,8,1,ppo,18,805.1329956054688,2.2899999618530273,0.23622047244094488,-6.233770939083549
2ppo_2hybrid,8,1,ppo,19,858.0650024414062,2.130000114440918,0.22564874012786762,-6.901947390228879
2ppo_2hybrid,8,1,ppo,20,937.093994140625,2.059999942779541,0.2176278563656148,-7.746195711357939
2ppo_2hybrid,8,1,ppo,21,954.6729736328125,2.2300000190734863,0.2094240837696335,-7.735577884793905
2ppo_2hybrid,8,1,ppo,22,879.1859741210938,2.2899999618530273,0.1965923984272608,-6.895044576212431
2ppo_2hybrid,8,1,ppo,23,904.8759765625,2.549999952316284,0.19005384859043395,-6.8788675104895844
2ppo_2hybrid,8,1,ppo,24,928.5150146484375,2.619999885559082,0.182648401826484,-7.030447064578261
2ppo_2hybrid,8,1,ppo,25,969.030029296875,2.569999933242798,0.1762114537444934,-7.472723267214939
2ppo_2hybrid,8,1,ppo,26,998.8099975585938,2.5199999809265137,0.17064846416382254,-7.8093969229870694
2ppo_2hybrid,8,1,ppo,27,1045.1700439453125,2.4800000190734863,0.16357688113413305,-8.298854182647904
2ppo_2hybrid,8,1,ppo,28,1065.6199951171875,2.4200000762939453,0.16029922522041143,-8.556798325318752
2ppo_2hybrid,8,1,ppo,29,1114.27001953125,2.3399999141693115,0.1540041067761807,-9.110708494695551
2ppo_2hybrid,8,1,ppo,30,1137.1800537109375,2.2899999618530273,0.15113350125944586,-9.38406757777524
2ppo_2hybrid,8,1,ppo,31,1179.800048828125,2.200000047683716,0.1467351430667645,-9.891470726731063
2ppo_2hybrid,8,1,ppo,32,1218.7099609375,2.140000104904175,0.14295925661186562,-10.333018017694556
2ppo_2hybrid,8,1,ppo,33,1263.25,2.0899999141693115,0.13908205841446453,-10.820664202659618
2ppo_2hybrid,8,1,ppo,34,1313.3299560546875,2.0299999713897705,0.13556258472661545,-11.374424758610337
2ppo_2hybrid,8,1,ppo,35,1379.489990234375,1.8799999952316284,0.1343183344526528,-12.183536576017428
2ppo_2hybrid,8,1,ppo,36,1454.0400390625,1.8899999856948853,0.13026487190620928,-12.910930148742533
2ppo_2hybrid,8,1,ppo,37,1495.449951171875,1.840000033378601,0.12760527435133986,-13.369710027042828
2ppo_2hybrid,8,1,ppo,38,1567.719970703125,1.8300000429153442,0.12531328320802004,-14.097826230531945
2ppo_2hybrid,8,1,ppo,39,1650.6500244140625,1.7999999523162842,0.12217470983506414,-14.950849711494469
2ppo_2hybrid,8,2,hybrid,0,166.63999938964844,2.4100000858306885,0.0,0.7436000919342041
2ppo_2hybrid,8,2,hybrid,1,194.86300659179688,2.359999895095825,0.0,0.41136982917785647
2ppo_2hybrid,8,2,hybrid,2,222.39199829101562,2.369999885559082,0.0,0.14607990264892567
2ppo_2hybrid,8,2,hybrid,3,248.28799438476562,2.390000104904175,0.0,-0.09287983894348129
2ppo_2hybrid,8,2,hybrid,4,272.6310119628906,2.369999885559082,0.0,-0.3563102340698241
2ppo_2hybrid,8,2,hybrid,5,299.8280029296875,2.380000114440918,0.0,-0.618279914855957
2ppo_2hybrid,8,2,hybrid,6,327.87200927734375,2.4100000858306885,0.0,-0.8687200069427492
2ppo_2hybrid,8,2,hybrid,7,354.4939880371094,2.4100000858306885,0.0,-1.1349397945404052
2ppo_2hybrid,8,2,hybrid,8,356.2720031738281,2.5299999713897705,0.0,-1.032720060348511
2ppo_2hybrid,8,2,hybrid,9,379.0639953613281,2.619999885559082,0.0,-1.1706400680541993
2ppo_2hybrid,8,2,hybrid,10,411.0429992675781,2.609999895095825,0.0,-1.5004300975799563
2ppo_2hybrid,8,2,hybrid,11,461.7569885253906,2.690000057220459,0.0,-1.9275698280334472
2ppo_2hybrid,8,2,hybrid,12,506.7349853515625,2.880000114440918,0.0,-2.1873497390747074
2ppo_2hybrid,8,2,hybrid,13,572.4210205078125,2.9800000190734863,0.0,-2.744210186004639
2ppo_2hybrid,8,2,hybrid,14,664.594970703125,3.0199999809265137,0.0,-3.6259497261047366
2ppo_2hybrid,8,2,hybrid,15,745.7930297851562,3.009999990463257,0.0,-4.447930307388305
2ppo_2hybrid,8,2,hybrid,16,837.8709716796875,3.1600000858306885,0.0,-5.2187096309661865
2ppo_2hybrid,8,2,hybrid,17,786.77001953125,3.859999895095825,0.0,-4.0077003002166744
2ppo_2hybrid,8,2,hybrid,18,800.2310180664062,4.46999979019165,0.0,-3.5323103904724125
2ppo_2hybrid,8,2,hybrid,19,878.97802734375,4.800000190734863,0.0625,-4.114780082702637
2ppo_2hybrid,8,2,hybrid,20,952.9860229492188,4.949999809265137,0.17798872738059923,-4.93583787498825
2ppo_2hybrid,8,2,hybrid,21,927.7869873046875,4.510000228881836,0.16802016241949033,-5.103909969004019
2ppo_2hybrid,8,2,hybrid,22,878.2000122070312,3.559999942779541,0.16081479496113643,-5.5436297692130445
2ppo_2hybrid,8,2,hybrid,23,904.2249755859375,3.799999952316284,0.15286624203821655,-5.547982287619524
2ppo_2hybrid,8,2,hybrid,24,936.2160034179688,3.8299999237060547,0.14419610670511895,-5.820552323883871
2ppo_2hybrid,8,2,hybrid,25,974.405029296875,3.8499999046325684,0.137520055008022,-6.169090498352225
2ppo_2hybrid,8,2,hybrid,26,1010.25,3.940000057220459,0.13077593722755013,-6.42405181723464
2ppo_2hybrid,8,2,hybrid,27,1043.8900146484375,3.9600000381469727,0.12573344509639564,-6.730366998530194
2ppo_2hybrid,8,2,hybrid,28,1080.760009765625,4.010000228881836,0.1200960768614892,-7.037792022497392
2ppo_2hybrid,8,2,hybrid,29,1115.25,4.010000228881836,0.11576307158016592,-7.374025914278496
2ppo_2hybrid,8,2,hybrid,30,1153.81005859375,4.0,0.11094674556213018,-7.75999407706176
2ppo_2hybrid,8,2,hybrid,31,1190.56005859375,3.9600000381469727,0.10741138560687433,-8.160423319004275
2ppo_2hybrid,8,2,hybrid,32,1228.4100341796875,3.9100000858306885,0.10377032168799723,-8.581640899342181
2ppo_2hybrid,8,2,hybrid,33,1261.719970703125,3.8399999141693115,0.10154002369267219,-8.980279840247285
2ppo_2hybrid,8,2,hybrid,34,1315.81005859375,3.7100000381469727,0.09837678307919331,-9.644854113948915
2ppo_2hybrid,8,2,hybrid,35,1379.800048828125,3.549999952316284,0.09558706388402102,-10.439174663733008
2ppo_2hybrid,8,2,hybrid,36,1453.9200439453125,3.4000000953674316,0.09306654257794322,-11.325333429241581
2ppo_2hybrid,8,2,hybrid,37,1496.3499755859375,3.319999933242798,0.09073037955542114,-11.82496058172742
2ppo_2hybrid,8,2,hybrid,38,1545.02001953125,3.180000066757202,0.0892458723784025,-12.448691873312102
2ppo_2hybrid,8,2,hybrid,39,1644.18994140625,3.0199999809265137,0.08719662839703532,-13.596292689930058
2ppo_2hybrid,8,3,hybrid,0,166.35400390625,2.3399999141693115,0.0,0.6764598751068116
2ppo_2hybrid,8,3,hybrid,1,194.25799560546875,2.359999895095825,0.0,0.4174199390411377
2ppo_2hybrid,8,3,hybrid,2,221.99400329589844,2.390000104904175,0.0,0.17006007194519057
2ppo_2hybrid,8,3,hybrid,3,245.5489959716797,2.299999952316284,0.0,-0.15549000740051255
2ppo_2hybrid,8,3,hybrid,4,274.8380126953125,2.319999933242798,0.0,-0.4283801937103271
2ppo_2hybrid,8,3,hybrid,5,297.1310119628906,2.3399999141693115,0.0,-0.6313102054595947
2ppo_2hybrid,8,3,hybrid,6,328.5,2.380000114440918,0.0,-0.9049998855590822
2ppo_2hybrid,8,3,hybrid,7,354.0539855957031,2.380000114440918,0.0,-1.1605397415161134
2ppo_2hybrid,8,3,hybrid,8,360.0270080566406,2.490000009536743,0.0,-1.110270071029663
2ppo_2hybrid,8,3,hybrid,9,379.1919860839844,2.559999942779541,0.0,-1.2319199180603029
2ppo_2hybrid,8,3,hybrid,10,410.12701416015625,2.569999933242798,0.0,-1.531270208358765
2ppo_2hybrid,8,3,hybrid,11,455.9779968261719,2.6600000858306885,0.0,-1.8997798824310301
2ppo_2hybrid,8,3,hybrid,12,501.75201416015625,2.7899999618530273,0.0,-2.2275201797485353
2ppo_2hybrid,8,3,hybrid,13,565.6900024414062,2.9000000953674316,0.0,-2.7568999290466305
2ppo_2hybrid,8,3,hybrid,14,644.0700073242188,2.990000009536743,0.0,-3.450700063705444
2ppo_2hybrid,8,3,hybrid,15,756.0700073242188,3.069999933242798,0.0931098696461825,-4.676919879291754
2ppo_2hybrid,8,3,hybrid,16,836.1010131835938,2.819999933242798,0.09025270758122744,-5.721515613755595
2ppo_2hybrid,8,3,hybrid,17,788.5009765625,2.25,0.08583690987124463,-5.806683585367489
2ppo_2hybrid,8,3,hybrid,18,802.6320190429688,2.240000009536743,0.08048289738430583,-5.947285975661557
2ppo_2hybrid,8,3,hybrid,19,861.343994140625,2.1600000858306885,0.078125,-6.609689855575562
2ppo_2hybrid,8,3,hybrid,20,925.8359985351562,2.130000114440918,0.07471049682480388,-7.277780864560253
2ppo_2hybrid,8,3,hybrid,21,927.5150146484375,2.319999933242798,0.07104795737122557,-7.097246127984028
2ppo_2hybrid,8,3,hybrid,22,883.77001953125,2.259999990463257,0.06856359273225918,-6.714827390313761
2ppo_2hybrid,8,3,hybrid,23,900.0599975585938,2.509999990463257,0.0648508430609598,-6.620301671244599
2ppo_2hybrid,8,3,hybrid,24,932.4860229492188,2.5299999713897705,0.06293266205160478,-6.920725582205627
2ppo_2hybrid,8,3,hybrid,25,957.135009765625,2.5199999809265137,0.060587700696758555,-7.172525518123253
2ppo_2hybrid,8,3,hybrid,26,1007.010009765625,2.430000066757202,0.0585480093676815,-7.757196049634411
2ppo_2hybrid,8,3,hybrid,27,1020.8200073242188,2.4000000953674316,0.05688282138794084,-7.921965620650637
2ppo_2hybrid,8,3,hybrid,28,1081.489990234375,2.299999952316284,0.05474952094169176,-8.62439899191085
2ppo_2hybrid,8,3,hybrid,29,1097.4000244140625,2.2200000286102295,0.05351886540005352,-8.861037946330502
2ppo_2hybrid,8,3,hybrid,30,1147.8299560546875,2.1700000762939453,0.051961548454143934,-9.412222581161217
2ppo_2hybrid,8,3,hybrid,31,1164.3900146484375,2.130000114440918,0.05063291139240506,-9.615165854828268
2ppo_2hybrid,8,3,hybrid,32,1219.2099609375,2.049999952316284,0.04940711462450593,-10.240913886307727
2ppo_2hybrid,8,3,hybrid,33,1252.22998046875,2.009999990463257,0.04783544606553456,-10.607970706355312
2ppo_2hybrid,8,3,hybrid,34,1314.97998046875,1.9600000381469727,0.04684937924572499,-11.283498525031977
2ppo_2hybrid,8,3,hybrid,35,1385.780029296875,1.909999966621399,0.04533091568449683,-12.038462157716346
2ppo_2hybrid,8,3,hybrid,36,1401.47998046875,1.8899999856948853,0.04509582863585118,-12.214991476264318
2ppo_2hybrid,8,3,hybrid,37,1494.4100341796875,1.8600000143051147,0.043888523151195964,-13.171877373794153
2ppo_2hybrid,8,3,hybrid,38,1557.4000244140625,1.8799999952316284,0.04229223937407486,-13.778584727657147
2ppo_2hybrid,8,3,hybrid,39,1564.97998046875,1.8600000143051147,0.04222081486172683,-13.87424142010584
2ppo_2hybrid,9,0,ppo,0,164.0659942626953,2.4200000762939453,0.0,0.7793401336669923
2ppo_2hybrid,9,0,ppo,1,195.0679931640625,2.4200000762939453,0.0,0.4693201446533204
2ppo_2hybrid,9,0,ppo,2,222.81100463867188,2.4700000286102295,0.0,0.24188998222351055
2ppo_2hybrid,9,0,ppo,3,249.49000549316406,2.440000057220459,0.0,-0.05489999771118148
2ppo_2hybrid,9,0,ppo,4,273.50299072265625,2.4100000858306885,0.0,-0.3250298213958742
2ppo_2hybrid,9,0,ppo,5,299.7820129394531,2.5,0.0,-0.49782012939453146
2ppo_2hybrid,9,0,ppo,6,40.07699966430664,2.690000057220459,0.0,2.2892300605773928
2ppo_2hybrid,9,0,ppo,7,312.0989990234375,2.809999942779541,0.0,-0.31099004745483416
2ppo_2hybrid,9,0,ppo,8,337.1820068359375,2.7799999713897705,0.0,-0.5918200969696046
2ppo_2hybrid,9,0,ppo,9,365.37799072265625,2.8399999141693115,0.0,-0.8137799930572509
2ppo_2hybrid,9,0,ppo,10,389.26800537109375,2.799999952316284,0.0,-1.0926801013946532
2ppo_2hybrid,9,0,ppo,11,442.2439880371094,2.890000104904175,0.0,-1.5324397754669192
2ppo_2hybrid,9,0,ppo,12,508.6669921875,2.890000104904175,0.0,-2.196669816970825
2ppo_2hybrid,9,0,ppo,13,581.2440185546875,2.9800000190734863,0.0,-2.832440166473389
2ppo_2hybrid,9,0,ppo,14,602.9210205078125,3.359999895095825,0.09592326139088729,-2.8610568327640746
2ppo_2hybrid,9,0,ppo,15,608.7670288085938,2.6600000858306885,0.09029345372460497,-3.608257109704459
2ppo_2hybrid,9,0,ppo,16,644.8629760742188,2.3399999141693115,0.08594757198109153,-4.28052499053506
2ppo_2hybrid,9,0,ppo,17,711.864013671875,2.25,0.08153281695882593,-5.0317057706364015
2ppo_2hybrid,9,0,ppo,18,755.208984375,2.3299999237060547,0.07710100231303008,-5.376291924670006
2ppo_2hybrid,9,0,ppo,19,698.4860229492188,2.450000047683716,0.07374631268436578,-4.682352807177203
2ppo_2hybrid,9,0,ppo,20,729.2839965820312,2.680000066757202,0.07010164738871363,-4.753043193840538
2ppo_2hybrid,9,0,ppo,21,767.4409790039062,2.609999895095825,0.06702412868632708,-5.198458152315892
2ppo_2hybrid,9,0,ppo,22,806.4119873046875,2.569999933242798,0.06391818472355384,-5.6219563092511855
2ppo_2hybrid,9,0,ppo,23,849.541015625,2.4600000381469727,0.06191950464396285,-6.159249127390952
2ppo_2hybrid,9,0,ppo,24,875.2509765625,2.4000000953674316,0.05991611743559017,-6.472341905128749
2ppo_2hybrid,9,0,ppo,25,920.5009765625,2.309999942779541,0.05810575246949448,-7.011221327784448
2ppo_2hybrid,9,0,ppo,26,927.0689697265625,2.2899999618530273,0.056449336720293536,-7.0935884088531855
2ppo_2hybrid,9,0,ppo,27,895.56298828125,2.309999942779541,0.05425935973955507,-6.75414865951207
2ppo_2hybrid,9,0,ppo,28,954.4089965820312,2.25,0.05279831045406547,-7.399686586728443
2ppo_2hybrid,9,0,ppo,29,995.4660034179688,2.1500000953674316,0.051308363263211906,-7.90727666533868
2ppo_2hybrid,9,0,ppo,30,1077.300048828125,2.009999990463257,0.05008765339343852,-8.86317580460487
2ppo_2hybrid,9,0,ppo,31,1127.06005859375,1.9299999475479126,0.04879238838741157,-9.43818541516441
2ppo_2hybrid,9,0,ppo,32,1216.75,1.8200000524520874,0.048053820278712155,-10.443607588105337
2ppo_2hybrid,9,0,ppo,33,1262.550048828125,1.8300000429153442,0.046544100535257156,-10.888588646436421
2ppo_2hybrid,9,0,ppo,34,1333.510009765625,1.7699999809265137,0.04597701149425287,-11.657054139718241
2ppo_2hybrid,9,0,ppo,35,1267.27001953125,2.0199999809265137,0.043946385409800046,-10.740592985205586
2ppo_2hybrid,9,0,ppo,36,1178.9300537109375,1.9700000286102295,0.04336513443191674,-9.906030777362979
2ppo_2hybrid,9,0,ppo,37,1224.4100341796875,2.2799999713897705,0.041911148365465216,-10.047922667138035
2ppo_2hybrid,9,0,ppo,38,1279.18994140625,2.380000114440918,0.04069175991861648,-10.493282819458816
2ppo_2hybrid,9,0,ppo,39,1363.06005859375,2.440000057220459,0.039377830281551486,-11.269356189280145
2ppo_2hybrid,9,1,ppo,0,165.9250030517578,2.4000000953674316,0.0,0.7407500648498535
2ppo_2hybrid,9,1,ppo,1,195.78599548339844,2.4000000953674316,0.0,0.4421401405334473
2ppo_2hybrid,9,1,ppo,2,223.20799255371094,2.440000057220459,0.0,0.20792013168334966
2ppo_2hybrid,9,1,ppo,3,250.48599243164062,2.430000066757202,0.0,-0.0748598575592041
2ppo_2hybrid,9,1,ppo,4,274.54998779296875,2.450000047683716,0.0,-0.2954998302459715
2ppo_2hybrid,9,1,ppo,5,299.5849914550781,2.4200000762939453,0.0,-0.5758498382568358
2ppo_2hybrid,9,1,ppo,6,303.5639953613281,2.619999885559082,0.0,-0.4156400680541994
2ppo_2hybrid,9,1,ppo,7,312.8580017089844,2.809999942779541,0.0,-0.31858007431030266
2ppo_2hybrid,9,1,ppo,8,336.80499267578125,2.799999952316284,0.0,-0.5680499744415282
2ppo_2hybrid,9,1,ppo,9,366.4119873046875,2.819999933242798,0.0,-0.8441199398040773
2ppo_2hybrid,9,1,ppo,10,389.5350036621094,2.809999942779541,0.0,-1.0853500938415528
2ppo_2hybrid,9,1,ppo,11,445.635009765625,2.880000114440918,0.0,-1.5763499832153318
2ppo_2hybrid,9,1,ppo,12,510.7640075683594,2.940000057220459,0.0,-2.1676400184631346
2ppo_2hybrid,9,1,ppo,13,584.1799926757812,2.9800000190734863,0.0,-2.8617999076843263
2ppo_2hybrid,9,1,ppo,14,607.8270263671875,3.380000114440918,0.0,-2.6982701492309573
2ppo_2hybrid,9,1,ppo,15,604.3800048828125,4.03000020980835,0.0,-2.013799839019775
2ppo_2hybrid,9,1,ppo,16,644.5640258789062,4.369999885559082,0.0,-2.07564037322998
2ppo_2hybrid,9,1,ppo,17,721.7310180664062,4.630000114440918,0.07015082427218519,-2.727611714767515
2ppo_2hybrid,9,1,ppo,18,753.7999877929688,4.449999809265137,0.06646726487205051,-3.2209345984086513
2ppo_2hybrid,9,1,ppo,19,693.7559814453125,3.4200000762939453,0.062150403977625855,-3.6418605461144313
2ppo_2hybrid,9,1,ppo,20,726.301025390625,3.619999885559082,0.059329575793533075,-3.7616695199342343
2ppo_2hybrid,9,1,ppo,21,771.7949829101562,3.690000057220459,0.05543237250554324,-4.1388145168921895
2ppo_2hybrid,9,1,ppo,22,804.6669921875,3.700000047683716,0.05305039787798409,-4.452770669947253
2ppo_2hybrid,9,1,ppo,23,850.3359985351562,3.680000066757202,0.05058168942842691,-4.924523297451214
2ppo_2hybrid,9,1,ppo,24,886.7540283203125,3.6700000762939453,0.09640877319836105,-5.390357753305902
2ppo_2hybrid,9,1,ppo,25,921.9600219726562,3.640000104904175,0.09372071227741331,-5.767041539377214
2ppo_2hybrid,9,1,ppo,26,926.0570068359375,3.299999952316284,0.09142857142857143,-6.143427258900234
2ppo_2hybrid,9,1,ppo,27,882.5469970703125,2.549999952316284,0.08824178248400617,-6.451953583354854
2ppo_2hybrid,9,1,ppo,28,955.1840209960938,2.5399999618530273,0.086244070720138,-7.184328389548186
2ppo_2hybrid,9,1,ppo,29,994.3419799804688,2.5199999809265137,0.0836470096194061,-7.590713838116986
2ppo_2hybrid,9,1,ppo,30,1076.050048828125,2.380000114440918,0.08203445447087777,-8.544569282782088
2ppo_2hybrid,9,1,ppo,31,1123.0400390625,2.3399999141693115,0.07963368504877563,-9.04966784655324
2ppo_2hybrid,9,1,ppo,32,1207.3800048828125,2.200000047683716,0.11834319526627218,-10.110486391676954
2ppo_2hybrid,9,1,ppo,33,1266.81005859375,2.1700000762939453,0.11594202898550725,-10.729984567614569
2ppo_2hybrid,9,1,ppo,34,1342.5799560546875,1.9900000095367432,0.11487650775416428,-11.66555256651846
2ppo_2hybrid,9,1,ppo,35,1264.8599853515625,1.7400000095367432,0.11278195488721804,-11.134163753753318
2ppo_2hybrid,9,1,ppo,36,1181.4599609375,1.4500000476837158,0.11113169105389888,-10.586862943799082
2ppo_2hybrid,9,1,ppo,37,1227.469970703125,1.600000023841858,0.10913059294288832,-10.892960869075168
2ppo_2hybrid,9,1,ppo,38,1280.0400390625,1.600000023841858,0.10760401721664276,-11.415608401216428
2ppo_2hybrid,9,1,ppo,39,1350.7900390625,1.5399999618530273,0.10666666666666667,-12.181233762105306
2ppo_2hybrid,9,2,hybrid,0,167.51499938964844,2.4100000858306885,0.0,0.734850091934204
2ppo_2hybrid,9,2,hybrid,1,196.2729949951172,2.4000000953674316,0.0,0.43727014541625975
2ppo_2hybrid,9,2,hybrid,2,222.7449951171875,2.359999895095825,0.0,0.13254994392395014
2ppo_2hybrid,9,2,hybrid,3,248.2989959716797,2.390000104904175,0.0,-0.09298985481262223
2ppo_2hybrid,9,2,hybrid,4,275.0559997558594,2.369999885559082,0.0,-0.3805601119995119
2ppo_2hybrid,9,2,hybrid,5,298.64801025390625,2.380000114440918,0.0,-0.6064799880981444
2ppo_2hybrid,9,2,hybrid,6,302.5190124511719,2.619999885559082,0.0,-0.4051902389526365
2ppo_2hybrid,9,2,hybrid,7,310.989990234375,2.7699999809265137,0.0,-0.33989992141723624
2ppo_2hybrid,9,2,hybrid,8,339.5169982910156,2.7799999713897705,0.0,-0.6151700115203855
2ppo_2hybrid,9,2,hybrid,9,364.3219909667969,2.7799999713897705,0.0,-0.8632199382781982
2ppo_2hybrid,9,2,hybrid,10,395.5769958496094,2.8299999237060547,0.0,-1.125770034790039
2ppo_2hybrid,9,2,hybrid,11,434.718994140625,2.8399999141693115,0.0,-1.5071900272369385
2ppo_2hybrid,9,2,hybrid,12,511.5379943847656,2.8299999237060547,0.0,-2.2853800201416012
2ppo_2hybrid,9,2,hybrid,13,576.4639892578125,2.8299999237060547,0.16233766233766234,-3.2593152935473952
2ppo_2hybrid,9,2,hybrid,14,600.302001953125,2.140000104904175,0.1539250897896357,-4.170870094206347
2ppo_2hybrid,9,2,hybrid,15,612.9710083007812,2.0799999237060547,0.14499758337361043,-4.339705326048978
2ppo_2hybrid,9,2,hybrid,16,648.7689819335938,2.130000114440918,0.13673655423883319,-4.631162813372686
2ppo_2hybrid,9,2,hybrid,17,704.5980224609375,2.009999990463257,0.13256738842244808,-5.301115010991014
2ppo_2hybrid,9,2,hybrid,18,754.0889892578125,2.059999942779541,0.12562814070351758,-5.732146231205619
2ppo_2hybrid,9,2,hybrid,19,699.5079956054688,2.130000114440918,0.12,-5.10507984161377
2ppo_2hybrid,9,2,hybrid,20,725.3510131835938,2.299999952316284,0.11411182959300115,-5.1817338387056555
2ppo_2hybrid,9,2,hybrid,21,766.239013671875,2.2100000381469727,0.11061946902654868,-5.673629036624876
2ppo_2hybrid,9,2,hybrid,22,805.0380249023438,2.140000104904175,0.1058574453069866,-6.122095034733236
2ppo_2hybrid,9,2,hybrid,23,844.8629760742188,1.9500000476837158,0.10238907849829351,-6.7034078700550594
2ppo_2hybrid,9,2,hybrid,24,874.64697265625,1.9800000190734863,0.09986684420772303,-6.96620339590446
2ppo_2hybrid,9,2,hybrid,25,920.5830078125,1.899999976158142,0.09621552277100706,-7.498261147508872
2ppo_2hybrid,9,2,hybrid,26,928.5499877929688,1.8700000047683716,0.09285051067780872,-7.601200894516934
2ppo_2hybrid,9,2,hybrid,27,890.864990234375,1.8899999856948853,0.09096422073984232,-7.20057835812855
2ppo_2hybrid,9,2,hybrid,28,938.094970703125,1.8700000047683716,0.08839127872716558,-7.68773225971721
2ppo_2hybrid,9,2,hybrid,29,990.239990234375,1.809999942779541,0.08630609896432681,-8.265012157492864
2ppo_2hybrid,9,2,hybrid,30,1060.8499755859375,1.7200000286102295,0.083986562150056,-9.056472851549257
2ppo_2hybrid,9,2,hybrid,31,1115.5999755859375,1.6699999570846558,0.08205689277899343,-9.650113584332706
2ppo_2hybrid,9,2,hybrid,32,1196.0699462890625,1.6200000047683716,0.0797872340425532,-10.50027392620736
2ppo_2hybrid,9,2,hybrid,33,1260.7099609375,1.6399999856948853,0.07784120394395433,-11.122782031568024
2ppo_2hybrid,9,2,hybrid,34,1334.0699462890625,1.6799999475479126,0.07516913054372337,-11.811037776430158
2ppo_2hybrid,9,2,hybrid,35,1263.9000244140625,1.9199999570846558,0.0730282375851996,-10.865056762226368
2ppo_2hybrid,9,2,hybrid,36,1182.010009765625,2.0199999809265137,0.07060484819957637,-9.941309813128889
2ppo_2hybrid,9,2,hybrid,37,1237.7900390625,2.3299999237060547,0.06824385805277525,-10.184388183024495
2ppo_2hybrid,9,2,hybrid,38,1276.969970703125,2.430000066757202,0.066711140760507,-10.473121921795062
2ppo_2hybrid,9,2,hybrid,39,1343.56005859375,2.569999933242798,0.10676916506512919,-11.079138982824961
2ppo_2hybrid,9,3,hybrid,0,166.30999755859375,2.3399999141693115,0.0,0.676899938583374
2ppo_2hybrid,9,3,hybrid,1,195.19900512695312,2.3399999141693115,0.0,0.38800986289978034
2ppo_2hybrid,9,3,hybrid,2,221.96499633789062,2.390000104904175,0.0,0.1703501415252684
2ppo_2hybrid,9,3,hybrid,3,248.18699645996094,2.380000114440918,0.0,-0.10186985015869121
2ppo_2hybrid,9,3,hybrid,4,274.9949951171875,2.3299999237060547,0.0,-0.41995002746582033
2ppo_2hybrid,9,3,hybrid,5,298.0710144042969,2.259999990463257,0.28735632183908044,-1.295422797257873
2ppo_2hybrid,9,3,hybrid,6,300.8269958496094,1.649999976158142,0.38910505836575876,-2.1364800990694692
2ppo_2hybrid,9,3,hybrid,7,308.4779968261719,1.2000000476837158,0.35842293906810035,-2.601625798714204
2ppo_2hybrid,9,3,hybrid,8,338.28399658203125,1.2200000286102295,0.3333333333333333,-2.8295066038767493
2ppo_2hybrid,9,3,hybrid,9,357.3030090332031,1.190000057220459,0.31645569620253167,-3.015941425516636
2ppo_2hybrid,9,3,hybrid,10,389.6109924316406,1.1399999856948853,0.29673590504451036,-3.3495817487105417
2ppo_2hybrid,9,3,hybrid,11,433.3970031738281,1.0199999809265137,0.2819548872180451,-3.8778798252478577
2ppo_2hybrid,9,3,hybrid,12,490.4859924316406,0.8709999918937683,0.271985494106981,-4.5778309206366
2ppo_2hybrid,9,3,hybrid,13,557.4210205078125,0.7850000262260437,0.2626970227670753,-5.3146042243862315
2ppo_2hybrid,9,3,hybrid,14,593.93701171875,0.7450000047683716,0.2540220152413209,-5.7024141429017705
2ppo_2hybrid,9,3,hybrid,15,608.7869873046875,0.7450000047683716,0.24549918166939444,-5.833868231617292
2ppo_2hybrid,9,3,hybrid,16,643.531005859375,0.7260000109672546,0.23790642347343377,-6.185122894573363
2ppo_2hybrid,9,3,hybrid,17,695.7449951171875,0.6919999718666077,0.23273855702094648,-6.7309270933471606
2ppo_2hybrid,9,3,hybrid,18,738.989990234375,0.6880000233650208,0.22727272727272727,-7.156445333524183
2ppo_2hybrid,9,3,hybrid,19,714.56298828125,0.8100000023841858,0.21676300578034682,-6.769155891989008
2ppo_2hybrid,9,3,hybrid,20,726.2059936523438,0.9990000128746033,0.2059025394646534,-6.674865002578141
2ppo_2hybrid,9,3,hybrid,21,762.4639892578125,1.0800000429153442,0.1986754966887417,-6.941990843040265
2ppo_2hybrid,9,3,hybrid,22,792.8790283203125,1.100000023841858,0.1913265306122449,-7.211443320585757
2ppo_2hybrid,9,3,hybrid,23,842.5130004882812,1.3899999856948853,0.1770956316410862,-7.389321282470099
2ppo_2hybrid,9,3,hybrid,24,884.0339965820312,1.5499999523162842,0.16769144773616546,-7.62572290897636
2ppo_2hybrid,9,3,hybrid,25,912.9429931640625,1.7200000286102295,0.1589825119236884,-7.727394926877771
2ppo_2hybrid,9,3,hybrid,26,931.6710205078125,2.130000114440918,0.14478764478764478,-7.476285380212497
2ppo_2hybrid,9,3,hybrid,27,890.802001953125,2.4100000858306885,0.13611615245009073,-6.770252238600743
2ppo_2hybrid,9,3,hybrid,28,952.6110229492188,2.9200000762939453,0.12310217480508823,-6.852314502808419
2ppo_2hybrid,9,3,hybrid,29,1010.2000122070312,3.1500000953674316,0.11446012972148036,-7.1809202861458425
2ppo_2hybrid,9,3,hybrid,30,1076.9300537109375,3.440000057220459,0.10420284821118445,-7.537706176311286
2ppo_2hybrid,9,3,hybrid,31,1139.0699462890625,3.6500000953674316,0.0974342318934719,-7.935567831310138
2ppo_2hybrid,9,3,hybrid,32,1224.739990234375,3.9200000762939453,0.2127013065937405,-8.752802439237286
2ppo_2hybrid,9,3,hybrid,33,1278.4000244140625,3.9600000381469727,0.20765351527736578,-9.239307236548385
2ppo_2hybrid,9,3,hybrid,34,1333.2099609375,4.099999904632568,0.30864197530864196,-9.849383655359716
2ppo_2hybrid,9,3,hybrid,35,1272.5999755859375,3.930000066757202,0.29997272975184075,-9.395945148605854
2ppo_2hybrid,9,3,hybrid,36,1176.8599853515625,3.049999952316284,0.28234086242299794,-9.283281626045337
2ppo_2hybrid,9,3,hybrid,37,1213.030029296875,3.2300000190734863,0.2730883813306852,-9.446477036556633
2ppo_2hybrid,9,3,hybrid,38,1283.1099853515625,3.1700000762939453,0.2588844433984467,-10.178868664018573
2ppo_2hybrid,9,3,hybrid,39,1350.239990234375,3.069999933242798,0.25,-10.932399969100953
